RESOLUTION COMBAT [F0_2 VS F65_0] 
TOUR DE COMBAT 1
[F0_2 VS F65_0]  C2 , tir vaisseau N°0/3 (Chasseur standard, race: 0) , attP: (x:37|y:1020|z:10) , cible: Bombardier standard, deffP: (x:37|y:1020|z:13), distance: 3
 - tir N0, arme: laserI => chance 33(3),  miss
 - tir N0, arme: laserI => chance 33(3),  miss
 - tir N0, arme: laserI => chance 33(3),  hit, degat (1)
 - tir N0, arme: laserI => chance 33(3),  miss
[F0_2 VS F65_0]  C2 , tir vaisseau N°0/3 (Chasseur standard, race: 0) , attP: (x:1|y:1020|z:13) , cible: Intercepteur standard, deffP: (x:-40|y:1020|z:13), distance: 41
 - tir N0, arme: laserI - chance < 0 , exit
 - tir N1, arme: laserI - chance < 0 , exit
 - tir N2, arme: laserI - chance < 0 , exit
 - tir N3, arme: laserI - chance < 0 , exit
[F0_2 VS F65_0]  C2 , tir vaisseau N°0/3 (Chasseur standard, race: 0) , attP: (x:32|y:1020|z:1) , cible: Supercroiseur standard, deffP: (x:32|y:1020|z:1), distance: 0
 - tir N0, arme: laserI => chance 18(3),  miss
 - tir N0, arme: laserI => chance 18(3),  miss
 - tir N0, arme: laserI => chance 18(3),  hit, shielded (2)
 - tir N0, arme: laserI => chance 18(3),  miss
[F0_2 VS F65_0]  C2 , tir vaisseau N°0/3 (Chasseur standard, race: 0) , attP: (x:37|y:1020|z:17) , cible: Bombardier standard, deffP: (x:37|y:1020|z:13), distance: 4
 - tir N0, arme: laserI => chance 27(3),  hit, degat (1)
 - tir N0, arme: laserI => chance 27(3),  hit, degat (1)
 - tir N0, arme: laserI => chance 27(3),  miss
 - tir N0, arme: laserI => chance 27(3),  miss
[F0_2 VS F65_0]  C2 , tir vaisseau N°0/3 (Chasseur standard, race: 0) , attP: (x:37|y:1020|z:19) , cible: Bombardier standard, deffP: (x:37|y:1020|z:13), distance: 6
 - tir N0, arme: laserI => chance 17(3),  miss
 - tir N0, arme: laserI => chance 17(3),  miss
 - tir N0, arme: laserI => chance 17(3),  miss
 - tir N0, arme: laserI => chance 17(3),  hit, degat (1)
[F0_2 VS F65_0]  C2 , tir vaisseau N°0/3 (Chasseur standard, race: 0) , attP: (x:37|y:1020|z:13) , cible: Bombardier standard, deffP: (x:37|y:1020|z:13), distance: 0
 - tir N0, arme: laserI => chance 48(3),  miss
 - tir N0, arme: laserI => chance 48(3),  miss
 - tir N0, arme: laserI => chance 48(3),  miss
 - tir N0, arme: laserI => chance 48(3),  hit, degat (1), cible detruire
[F0_2 VS F65_0]  C2 , tir vaisseau N°0/3 (Chasseur standard, race: 0) , attP: (x:37|y:1020|z:13) 
[F0_2 VS F65_0]  C2 , tir vaisseau N°0/3 (Chasseur standard, race: 0) , attP: (x:37|y:1020|z:13) 
[F0_2 VS F65_0]  C2 , tir vaisseau N°0/3 (Chasseur standard, race: 0) , attP: (x:32|y:1020|z:1) , cible: Supercroiseur standard, deffP: (x:32|y:1020|z:1), distance: 0
 - tir N0, arme: laserI => chance 19(4),  miss
 - tir N0, arme: laserI => chance 19(4),  miss
 - tir N0, arme: laserI => chance 19(4),  hit, shielded (2)
 - tir N0, arme: laserI => chance 19(4),  miss
[F0_2 VS F65_0]  C2 , tir vaisseau N°0/3 (Chasseur standard, race: 0) , attP: (x:4|y:1020|z:13) , cible: Intercepteur standard, deffP: (x:-40|y:1020|z:13), distance: 44
 - tir N0, arme: laserI - chance < 0 , exit
 - tir N1, arme: laserI - chance < 0 , exit
 - tir N2, arme: laserI - chance < 0 , exit
 - tir N3, arme: laserI - chance < 0 , exit
[F0_2 VS F65_0]  C2 , tir vaisseau N°0/3 (Chasseur standard, race: 0) , attP: (x:32|y:1020|z:1) , cible: Supercroiseur standard, deffP: (x:32|y:1020|z:1), distance: 0
 - tir N0, arme: laserI => chance 18(3),  miss
 - tir N0, arme: laserI => chance 18(3),  hit, shielded (2)
 - tir N0, arme: laserI => chance 18(3),  hit, shielded (2)
 - tir N0, arme: laserI => chance 18(3),  hit, shielded (2)
[F0_2 VS F65_0]  C2 , tir vaisseau N°0/3 (Chasseur standard, race: 0) , attP: (x:37|y:1020|z:12) 
[F0_2 VS F65_0]  C2 , tir vaisseau N°0/3 (Chasseur standard, race: 0) , attP: (x:4|y:1020|z:13) , cible: Intercepteur standard, deffP: (x:-40|y:1020|z:13), distance: 44
 - tir N0, arme: laserI - chance < 0 , exit
 - tir N1, arme: laserI - chance < 0 , exit
 - tir N2, arme: laserI - chance < 0 , exit
 - tir N3, arme: laserI - chance < 0 , exit
[F0_2 VS F65_0]  C2 , tir vaisseau N°0/25 (Destroyer standard, race: 0) , attP: (x:32|y:1020|z:1) , cible: Supercroiseur standard, deffP: (x:32|y:1020|z:1), distance: 0
 - tir N0, arme: laserI => chance 18(3),  miss
 - tir N0, arme: laserI => chance 18(3),  miss
 - tir N0, arme: laserI => chance 18(3),  hit, shielded (2)
 - tir N0, arme: laserI => chance 18(3),  miss
 - tir N0, arme: laserI => chance 18(3),  miss
 - tir N0, arme: laserI => chance 18(3),  miss
 - tir N0, arme: laserI => chance 18(3),  miss
 - tir N0, arme: laserI => chance 18(3),  hit, shielded (2)
 - tir N0, arme: laserI => chance 18(3),  miss
 - tir N0, arme: laserI => chance 18(3),  hit, shielded (2)
 - tir N0, arme: canon à plasmaI => chance 48(3),  hit, shielded (1)
 - tir N0, arme: canon à plasmaI => chance 48(3),  hit, shielded (1)
 - tir N0, arme: canon à plasmaI => chance 48(3),  miss
 - tir N0, arme: canon à plasmaI => chance 48(3),  miss
 - tir N0, arme: canon à plasmaI => chance 48(3),  miss
 - tir N0, arme: canon à plasmaI => chance 48(3),  hit, shielded (1)
 - tir N0, arme: canon à plasmaI => chance 48(3),  hit, shielded (1)
 - tir N0, arme: canon à plasmaI => chance 48(3),  hit, degat (1)
 - tir N0, arme: canon à plasmaI => chance 48(3),  miss
 - tir N0, arme: canon à plasmaI => chance 48(3),  hit, degat (1)
[F0_2 VS F65_0]  C2 , tir vaisseau N°0/15 (Fregate standard, race: 0) , attP: (x:32|y:1020|z:1) , cible: Supercroiseur standard, deffP: (x:32|y:1020|z:1), distance: 0
 - tir N0, arme: canon à plasmaI => chance 48(3),  miss
 - tir N0, arme: canon à plasmaI => chance 48(3),  miss
 - tir N0, arme: canon à plasmaI => chance 48(3),  miss
 - tir N0, arme: canon à plasmaI => chance 48(3),  hit, degat (1)
 - tir N0, arme: canon à plasmaI => chance 48(3),  hit, degat (1)
 - tir N0, arme: canon à plasmaI => chance 48(3),  miss
 - tir N0, arme: canon à plasmaI => chance 48(3),  hit, degat (1)
 - tir N0, arme: canon à plasmaI => chance 48(3),  hit, degat (1)
 - tir N0, arme: canon à plasmaI => chance 48(3),  miss
 - tir N0, arme: canon à plasmaI => chance 48(3),  hit, degat (1)
[F0_2 VS F65_0]  C2 , tir vaisseau N°0/3 (Chasseur standard, race: 0) , attP: (x:32|y:1020|z:1) , cible: Supercroiseur standard, deffP: (x:32|y:1020|z:1), distance: 0
 - tir N0, arme: laserI => chance 18(3),  miss
 - tir N0, arme: laserI => chance 18(3),  miss
 - tir N0, arme: laserI => chance 18(3),  miss
 - tir N0, arme: laserI => chance 18(3),  miss
[F0_2 VS F65_0]  C2 , tir vaisseau N°0/25 (Destroyer standard, race: 0) , attP: (x:32|y:1020|z:1) , cible: Supercroiseur standard, deffP: (x:32|y:1020|z:1), distance: 0
 - tir N0, arme: laserI => chance 18(3),  miss
 - tir N0, arme: laserI => chance 18(3),  miss
 - tir N0, arme: laserI => chance 18(3),  miss
 - tir N0, arme: laserI => chance 18(3),  miss
 - tir N0, arme: laserI => chance 18(3),  miss
 - tir N0, arme: laserI => chance 18(3),  miss
 - tir N0, arme: laserI => chance 18(3),  miss
 - tir N0, arme: laserI => chance 18(3),  miss
 - tir N0, arme: laserI => chance 18(3),  miss
 - tir N0, arme: laserI => chance 18(3),  miss
 - tir N0, arme: canon à plasmaI => chance 48(3),  miss
 - tir N0, arme: canon à plasmaI => chance 48(3),  hit, degat (1)
 - tir N0, arme: canon à plasmaI => chance 48(3),  hit, degat (1)
 - tir N0, arme: canon à plasmaI => chance 48(3),  miss
 - tir N0, arme: canon à plasmaI => chance 48(3),  hit, degat (1)
 - tir N0, arme: canon à plasmaI => chance 48(3),  miss
 - tir N0, arme: canon à plasmaI => chance 48(3),  miss
 - tir N0, arme: canon à plasmaI => chance 48(3),  miss
 - tir N0, arme: canon à plasmaI => chance 48(3),  miss
 - tir N0, arme: canon à plasmaI => chance 48(3),  hit, degat (1)
[F0_2 VS F65_0]  C2 , tir vaisseau N°0/3 (Chasseur standard, race: 0) , attP: (x:37|y:1020|z:18) 
[F0_2 VS F65_0]  C2 , tir vaisseau N°0/3 (Chasseur standard, race: 0) , attP: (x:8|y:1020|z:13) , cible: Intercepteur standard, deffP: (x:-40|y:1020|z:13), distance: 48
 - tir N0, arme: laserI - chance < 0 , exit
 - tir N1, arme: laserI - chance < 0 , exit
 - tir N2, arme: laserI - chance < 0 , exit
 - tir N3, arme: laserI - chance < 0 , exit
[F0_2 VS F65_0]  C2 , tir vaisseau N°0/25 (Destroyer standard, race: 0) , attP: (x:32|y:1020|z:1) , cible: Supercroiseur standard, deffP: (x:32|y:1020|z:1), distance: 0
 - tir N0, arme: laserI => chance 18(3),  miss
 - tir N0, arme: laserI => chance 18(3),  miss
 - tir N0, arme: laserI => chance 18(3),  miss
 - tir N0, arme: laserI => chance 18(3),  hit, degat (1)
 - tir N0, arme: laserI => chance 18(3),  miss
 - tir N0, arme: laserI => chance 18(3),  miss
 - tir N0, arme: laserI => chance 18(3),  miss
 - tir N0, arme: laserI => chance 18(3),  miss
 - tir N0, arme: laserI => chance 18(3),  miss
 - tir N0, arme: laserI => chance 18(3),  miss
 - tir N0, arme: canon à plasmaI => chance 48(3),  miss
 - tir N0, arme: canon à plasmaI => chance 48(3),  miss
 - tir N0, arme: canon à plasmaI => chance 48(3),  miss
 - tir N0, arme: canon à plasmaI => chance 48(3),  miss
 - tir N0, arme: canon à plasmaI => chance 48(3),  hit, degat (1)
 - tir N0, arme: canon à plasmaI => chance 48(3),  miss
 - tir N0, arme: canon à plasmaI => chance 48(3),  miss
 - tir N0, arme: canon à plasmaI => chance 48(3),  hit, degat (1)
 - tir N0, arme: canon à plasmaI => chance 48(3),  miss
 - tir N0, arme: canon à plasmaI => chance 48(3),  hit, degat (1)
[F0_2 VS F65_0]  C2 , tir vaisseau N°0/25 (Destroyer standard, race: 0) , attP: (x:32|y:1020|z:1) , cible: Supercroiseur standard, deffP: (x:32|y:1020|z:1), distance: 0
 - tir N0, arme: laserI => chance 18(3),  miss
 - tir N0, arme: laserI => chance 18(3),  miss
 - tir N0, arme: laserI => chance 18(3),  miss
 - tir N0, arme: laserI => chance 18(3),  miss
 - tir N0, arme: laserI => chance 18(3),  miss
 - tir N0, arme: laserI => chance 18(3),  miss
 - tir N0, arme: laserI => chance 18(3),  miss
 - tir N0, arme: laserI => chance 18(3),  hit, degat (1)
 - tir N0, arme: laserI => chance 18(3),  miss
 - tir N0, arme: laserI => chance 18(3),  miss
 - tir N0, arme: canon à plasmaI => chance 48(3),  hit, degat (1)
 - tir N0, arme: canon à plasmaI => chance 48(3),  miss
 - tir N0, arme: canon à plasmaI => chance 48(3),  hit, degat (1)
 - tir N0, arme: canon à plasmaI => chance 48(3),  hit, degat (1)
 - tir N0, arme: canon à plasmaI => chance 48(3),  miss
 - tir N0, arme: canon à plasmaI => chance 48(3),  hit, degat (1)
 - tir N0, arme: canon à plasmaI => chance 48(3),  hit, degat (1)
 - tir N0, arme: canon à plasmaI => chance 48(3),  miss
 - tir N0, arme: canon à plasmaI => chance 48(3),  miss
 - tir N0, arme: canon à plasmaI => chance 48(3),  miss
[F0_2 VS F65_0]  C2 , tir vaisseau N°0/25 (Destroyer standard, race: 0) , attP: (x:32|y:1020|z:1) , cible: Supercroiseur standard, deffP: (x:32|y:1020|z:1), distance: 0
 - tir N0, arme: laserI => chance 18(3),  hit, degat (1)
 - tir N0, arme: laserI => chance 18(3),  miss
 - tir N0, arme: laserI => chance 18(3),  miss
 - tir N0, arme: laserI => chance 18(3),  miss
 - tir N0, arme: laserI => chance 18(3),  miss
 - tir N0, arme: laserI => chance 18(3),  miss
 - tir N0, arme: laserI => chance 18(3),  hit, degat (1)
 - tir N0, arme: laserI => chance 18(3),  hit, degat (1)
 - tir N0, arme: laserI => chance 18(3),  miss
 - tir N0, arme: laserI => chance 18(3),  hit, degat (1)
 - tir N0, arme: canon à plasmaI => chance 48(3),  hit, degat (1)
 - tir N0, arme: canon à plasmaI => chance 48(3),  miss
 - tir N0, arme: canon à plasmaI => chance 48(3),  miss
 - tir N0, arme: canon à plasmaI => chance 48(3),  miss
 - tir N0, arme: canon à plasmaI => chance 48(3),  hit, degat (1)
 - tir N0, arme: canon à plasmaI => chance 48(3),  hit, degat (1)
 - tir N0, arme: canon à plasmaI => chance 48(3),  miss
 - tir N0, arme: canon à plasmaI => chance 48(3),  hit, degat (1)
 - tir N0, arme: canon à plasmaI => chance 48(3),  hit, degat (1)
 - tir N0, arme: canon à plasmaI => chance 48(3),  hit, degat (1)
[F0_2 VS F65_0]  C2 , tir vaisseau N°0/0 (Intercepteur standard, race: 0) , attP: (x:32|y:1020|z:1) , cible: Supercroiseur standard, deffP: (x:32|y:1020|z:1), distance: 0
 - tir N0, arme: laserI => chance 18(3),  miss
[F0_2 VS F65_0]  C2 , tir vaisseau N°0/3 (Torpilleur standard, race: 0) , attP: (x:32|y:1020|z:1) , cible: Supercroiseur standard, deffP: (x:32|y:1020|z:1), distance: 0
 - tir N0, arme: lance-torpilleI => chance 23(3),  miss
 - tir N0, arme: lance-torpilleI => chance 23(3),  miss
 - tir N0, arme: lance-torpilleI => chance 23(3),  hit, degat (2)
 - tir N0, arme: lance-torpilleI => chance 23(3),  hit, degat (2)
[F0_2 VS F65_0]  C2 , tir vaisseau N°0/3 (Chasseur standard, race: 0) , attP: (x:32|y:1020|z:1) , cible: Supercroiseur standard, deffP: (x:32|y:1020|z:1), distance: 0
 - tir N0, arme: laserI => chance 18(3),  miss
 - tir N0, arme: laserI => chance 18(3),  miss
 - tir N0, arme: laserI => chance 18(3),  miss
 - tir N0, arme: laserI => chance 18(3),  miss
[F0_2 VS F65_0]  C2 , tir vaisseau N°0/15 (Fregate standard, race: 0) , attP: (x:37|y:1020|z:10) 
[F0_2 VS F65_0]  C2 , tir vaisseau N°0/0 (Intercepteur standard, race: 0) , attP: (x:37|y:1020|z:17) 
[F0_2 VS F65_0]  C2 , tir vaisseau N°0/15 (Fregate standard, race: 0) , attP: (x:32|y:1020|z:1) , cible: Supercroiseur standard, deffP: (x:32|y:1020|z:1), distance: 0
 - tir N0, arme: canon à plasmaI => chance 48(3),  hit, degat (1)
 - tir N0, arme: canon à plasmaI => chance 48(3),  miss
 - tir N0, arme: canon à plasmaI => chance 48(3),  miss
 - tir N0, arme: canon à plasmaI => chance 48(3),  miss
 - tir N0, arme: canon à plasmaI => chance 48(3),  hit, degat (1)
 - tir N0, arme: canon à plasmaI => chance 48(3),  miss
 - tir N0, arme: canon à plasmaI => chance 48(3),  miss
 - tir N0, arme: canon à plasmaI => chance 48(3),  hit, degat (1)
 - tir N0, arme: canon à plasmaI => chance 48(3),  hit, degat (1)
 - tir N0, arme: canon à plasmaI => chance 48(3),  miss
[F0_2 VS F65_0]  C2 , tir vaisseau N°0/3 (Torpilleur standard, race: 0) , attP: (x:38|y:1020|z:1) , cible: Supercroiseur standard, deffP: (x:32|y:1020|z:1), distance: 6
 - tir N0, arme: lance-torpilleI => chance 17(3),  miss
 - tir N0, arme: lance-torpilleI => chance 17(3),  hit, degat (2)
 - tir N0, arme: lance-torpilleI => chance 17(3),  miss
 - tir N0, arme: lance-torpilleI => chance 17(3),  hit, degat (2)
[F0_2 VS F65_0]  C2 , tir vaisseau N°0/15 (Fregate standard, race: 0) , attP: (x:32|y:1020|z:1) , cible: Supercroiseur standard, deffP: (x:32|y:1020|z:1), distance: 0
 - tir N0, arme: canon à plasmaI => chance 48(3),  miss
 - tir N0, arme: canon à plasmaI => chance 48(3),  miss
 - tir N0, arme: canon à plasmaI => chance 48(3),  hit, degat (1)
 - tir N0, arme: canon à plasmaI => chance 48(3),  hit, degat (1)
 - tir N0, arme: canon à plasmaI => chance 48(3),  miss
 - tir N0, arme: canon à plasmaI => chance 48(3),  hit, degat (1)
 - tir N0, arme: canon à plasmaI => chance 48(3),  miss
 - tir N0, arme: canon à plasmaI => chance 48(3),  miss
 - tir N0, arme: canon à plasmaI => chance 48(3),  miss
 - tir N0, arme: canon à plasmaI => chance 48(3),  miss
[F0_2 VS F65_0]  C2 , tir vaisseau N°0/15 (Fregate standard, race: 0) , attP: (x:37|y:1020|z:13) 
[F0_2 VS F65_0]  C2 , tir vaisseau N°0/3 (Torpilleur standard, race: 0) , attP: (x:32|y:1020|z:1) , cible: Supercroiseur standard, deffP: (x:32|y:1020|z:1), distance: 0
 - tir N0, arme: lance-torpilleI => chance 23(3),  miss
 - tir N0, arme: lance-torpilleI => chance 23(3),  miss
 - tir N0, arme: lance-torpilleI => chance 23(3),  miss
 - tir N0, arme: lance-torpilleI => chance 23(3),  hit, degat (2)
[F0_2 VS F65_0]  C2 , tir vaisseau N°0/3 (Torpilleur standard, race: 0) , attP: (x:1|y:1020|z:13) 
[F0_2 VS F65_0]  C2 , tir vaisseau N°0/25 (Destroyer standard, race: 0) , attP: (x:37|y:1020|z:22) 
[F0_2 VS F65_0]  C2 , tir vaisseau N°0/25 (Destroyer standard, race: 0) , attP: (x:32|y:1020|z:1) , cible: Supercroiseur standard, deffP: (x:32|y:1020|z:1), distance: 0
 - tir N0, arme: laserI => chance 18(3),  miss
 - tir N0, arme: laserI => chance 18(3),  miss
 - tir N0, arme: laserI => chance 18(3),  miss
 - tir N0, arme: laserI => chance 18(3),  hit, degat (1)
 - tir N0, arme: laserI => chance 18(3),  miss
 - tir N0, arme: laserI => chance 18(3),  miss
 - tir N0, arme: laserI => chance 18(3),  hit, degat (1)
 - tir N0, arme: laserI => chance 18(3),  miss
 - tir N0, arme: laserI => chance 18(3),  miss
 - tir N0, arme: laserI => chance 18(3),  hit, degat (1)
 - tir N0, arme: canon à plasmaI => chance 48(3),  miss
 - tir N0, arme: canon à plasmaI => chance 48(3),  miss
 - tir N0, arme: canon à plasmaI => chance 48(3),  hit, degat (1)
 - tir N0, arme: canon à plasmaI => chance 48(3),  hit, degat (1)
 - tir N0, arme: canon à plasmaI => chance 48(3),  miss
 - tir N0, arme: canon à plasmaI => chance 48(3),  miss
 - tir N0, arme: canon à plasmaI => chance 48(3),  miss
 - tir N0, arme: canon à plasmaI => chance 48(3),  hit, degat (1)
 - tir N0, arme: canon à plasmaI => chance 48(3),  miss
 - tir N0, arme: canon à plasmaI => chance 48(3),  miss
[F0_2 VS F65_0]  C0 , tir vaisseau N°0/0 (Intercepteur standard, race: 6) , attP: (x:-40|y:1020|z:13) , cible: Supercroiseur standard, deffP: (x:28|y:1020|z:1), distance: 68
 - tir N0, arme: laserI - chance < 0 , exit
[F0_2 VS F65_0]  C2 , tir vaisseau N°0/15 (Fregate standard, race: 0) , attP: (x:32|y:1020|z:1) , cible: Supercroiseur standard, deffP: (x:32|y:1020|z:1), distance: 0
 - tir N0, arme: canon à plasmaI => chance 48(3),  miss
 - tir N0, arme: canon à plasmaI => chance 48(3),  hit, degat (1)
 - tir N0, arme: canon à plasmaI => chance 48(3),  hit, degat (1)
 - tir N0, arme: canon à plasmaI => chance 48(3),  hit, degat (1)
 - tir N0, arme: canon à plasmaI => chance 48(3),  miss
 - tir N0, arme: canon à plasmaI => chance 48(3),  miss
 - tir N0, arme: canon à plasmaI => chance 48(3),  miss
 - tir N0, arme: canon à plasmaI => chance 48(3),  miss
 - tir N0, arme: canon à plasmaI => chance 48(3),  miss
 - tir N0, arme: canon à plasmaI => chance 48(3),  hit, degat (1)
[F0_2 VS F65_0]  C2 , tir vaisseau N°0/3 (Torpilleur standard, race: 0) , attP: (x:32|y:1020|z:1) , cible: Supercroiseur standard, deffP: (x:32|y:1020|z:1), distance: 0
 - tir N0, arme: lance-torpilleI => chance 23(3),  miss
 - tir N0, arme: lance-torpilleI => chance 23(3),  miss
 - tir N0, arme: lance-torpilleI => chance 23(3),  miss
 - tir N0, arme: lance-torpilleI => chance 23(3),  hit, degat (2)
[F0_2 VS F65_0]  C2 , tir vaisseau N°0/25 (Destroyer standard, race: 0) , attP: (x:4|y:18|z:0) , cible: Intercepteur standard, deffP: (x:-40|y:1020|z:13), distance: 1 002
 - tir N0, arme: laserI - chance < 0 , exit
 - tir N1, arme: laserI - chance < 0 , exit
 - tir N2, arme: laserI - chance < 0 , exit
 - tir N3, arme: laserI - chance < 0 , exit
 - tir N4, arme: laserI - chance < 0 , exit
 - tir N5, arme: laserI - chance < 0 , exit
 - tir N6, arme: laserI - chance < 0 , exit
 - tir N7, arme: laserI - chance < 0 , exit
 - tir N8, arme: laserI - chance < 0 , exit
 - tir N9, arme: laserI - chance < 0 , exit
 - tir N10, arme: canon à plasmaI - chance < 0 , exit
 - tir N11, arme: canon à plasmaI - chance < 0 , exit
 - tir N12, arme: canon à plasmaI - chance < 0 , exit
 - tir N13, arme: canon à plasmaI - chance < 0 , exit
 - tir N14, arme: canon à plasmaI - chance < 0 , exit
 - tir N15, arme: canon à plasmaI - chance < 0 , exit
 - tir N16, arme: canon à plasmaI - chance < 0 , exit
 - tir N17, arme: canon à plasmaI - chance < 0 , exit
 - tir N18, arme: canon à plasmaI - chance < 0 , exit
 - tir N19, arme: canon à plasmaI - chance < 0 , exit
[F0_2 VS F65_0]  C2 , tir vaisseau N°0/3 (Torpilleur standard, race: 0) , attP: (x:38|y:1020|z:1) , cible: Supercroiseur standard, deffP: (x:32|y:1020|z:1), distance: 6
 - tir N0, arme: lance-torpilleI => chance 17(3),  miss
 - tir N0, arme: lance-torpilleI => chance 17(3),  miss
 - tir N0, arme: lance-torpilleI => chance 17(3),  miss
 - tir N0, arme: lance-torpilleI => chance 17(3),  miss
[F0_2 VS F65_0]  C2 , tir vaisseau N°0/15 (Fregate standard, race: 0) , attP: (x:32|y:1020|z:1) , cible: Supercroiseur standard, deffP: (x:32|y:1020|z:1), distance: 0
 - tir N0, arme: canon à plasmaI => chance 48(3),  hit, degat (1)
 - tir N0, arme: canon à plasmaI => chance 48(3),  hit, degat (1)
 - tir N0, arme: canon à plasmaI => chance 48(3),  miss
 - tir N0, arme: canon à plasmaI => chance 48(3),  miss
 - tir N0, arme: canon à plasmaI => chance 48(3),  miss
 - tir N0, arme: canon à plasmaI => chance 48(3),  hit, degat (1)
 - tir N0, arme: canon à plasmaI => chance 48(3),  hit, degat (1)
 - tir N0, arme: canon à plasmaI => chance 48(3),  hit, degat (1)
 - tir N0, arme: canon à plasmaI => chance 48(3),  hit, degat (1)
 - tir N0, arme: canon à plasmaI => chance 48(3),  hit, degat (1)
[F0_2 VS F65_0]  C2 , tir vaisseau N°0/25 (Destroyer standard, race: 0) , attP: (x:37|y:1020|z:22) 
[F0_2 VS F65_0]  C2 , tir vaisseau N°0/25 (Destroyer standard, race: 0) , attP: (x:32|y:1020|z:1) , cible: Supercroiseur standard, deffP: (x:32|y:1020|z:1), distance: 0
 - tir N0, arme: laserI => chance 18(3),  hit, degat (1)
 - tir N0, arme: laserI => chance 18(3),  miss
 - tir N0, arme: laserI => chance 18(3),  miss
 - tir N0, arme: laserI => chance 18(3),  hit, degat (1)
 - tir N0, arme: laserI => chance 18(3),  miss
 - tir N0, arme: laserI => chance 18(3),  hit, degat (1)
 - tir N0, arme: laserI => chance 18(3),  miss
 - tir N0, arme: laserI => chance 18(3),  miss
 - tir N0, arme: laserI => chance 18(3),  miss
 - tir N0, arme: laserI => chance 18(3),  miss
 - tir N0, arme: canon à plasmaI => chance 48(3),  hit, degat (1)
 - tir N0, arme: canon à plasmaI => chance 48(3),  hit, degat (1)
 - tir N0, arme: canon à plasmaI => chance 48(3),  hit, degat (1)
 - tir N0, arme: canon à plasmaI => chance 48(3),  miss
 - tir N0, arme: canon à plasmaI => chance 48(3),  hit, degat (1)
 - tir N0, arme: canon à plasmaI => chance 48(3),  miss
 - tir N0, arme: canon à plasmaI => chance 48(3),  hit, degat (1)
 - tir N0, arme: canon à plasmaI => chance 48(3),  hit, degat (1)
 - tir N0, arme: canon à plasmaI => chance 48(3),  hit, degat (1)
 - tir N0, arme: canon à plasmaI => chance 48(3),  hit, degat (1)
[F0_2 VS F65_0]  C2 , tir vaisseau N°0/15 (Fregate standard, race: 0) , attP: (x:37|y:1020|z:13) 
[F0_2 VS F65_0]  C2 , tir vaisseau N°0/63 (Supercroiseur standard, race: 0) , attP: (x:28|y:1020|z:1) , cible: Supercroiseur standard, deffP: (x:32|y:1020|z:1), distance: 4
 - tir N0, arme: laserI => chance 11(3),  miss
 - tir N0, arme: laserI => chance 11(3),  miss
 - tir N0, arme: laserI => chance 11(3),  miss
 - tir N0, arme: laserI => chance 11(3),  miss
 - tir N0, arme: laserI => chance 11(3),  miss
 - tir N0, arme: laserI => chance 11(3),  miss
 - tir N0, arme: laserI => chance 11(3),  miss
 - tir N0, arme: laserI => chance 11(3),  miss
 - tir N0, arme: laserI => chance 11(3),  miss
 - tir N0, arme: laserI => chance 11(3),  miss
 - tir N0, arme: laserI => chance 11(3),  miss
 - tir N0, arme: laserI => chance 11(3),  miss
 - tir N0, arme: laserI => chance 11(3),  miss
 - tir N0, arme: laserI => chance 11(3),  miss
 - tir N0, arme: laserI => chance 11(3),  miss
 - tir N0, arme: laserI => chance 11(3),  miss
 - tir N0, arme: laserI => chance 11(3),  hit, degat (1)
 - tir N0, arme: laserI => chance 11(3),  miss
 - tir N0, arme: laserI => chance 11(3),  miss
 - tir N0, arme: laserI => chance 11(3),  miss
 - tir N0, arme: canon à plasmaI => chance 34(3),  miss
 - tir N0, arme: canon à plasmaI => chance 34(3),  miss
 - tir N0, arme: canon à plasmaI => chance 34(3),  hit, degat (1)
 - tir N0, arme: canon à plasmaI => chance 34(3),  hit, degat (1)
 - tir N0, arme: canon à plasmaI => chance 34(3),  miss
 - tir N0, arme: canon à plasmaI => chance 34(3),  miss
 - tir N0, arme: canon à plasmaI => chance 34(3),  hit, degat (1)
 - tir N0, arme: canon à plasmaI => chance 34(3),  miss
 - tir N0, arme: canon à plasmaI => chance 34(3),  hit, degat (1)
 - tir N0, arme: canon à plasmaI => chance 34(3),  miss
 - tir N0, arme: canon à plasmaI => chance 34(3),  miss
 - tir N0, arme: canon à plasmaI => chance 34(3),  miss
 - tir N0, arme: canon à plasmaI => chance 34(3),  miss
 - tir N0, arme: canon à plasmaI => chance 34(3),  miss
 - tir N0, arme: canon à plasmaI => chance 34(3),  miss
 - tir N0, arme: canon à plasmaI => chance 34(3),  hit, degat (1)
 - tir N0, arme: canon à plasmaI => chance 34(3),  hit, degat (1)
 - tir N0, arme: canon à plasmaI => chance 34(3),  hit, degat (1)
 - tir N0, arme: canon à plasmaI => chance 34(3),  miss
 - tir N0, arme: canon à plasmaI => chance 34(3),  hit, degat (1)
 - tir N0, arme: lance-torpilleI => chance 19(3),  miss
 - tir N0, arme: lance-torpilleI => chance 19(3),  miss
 - tir N0, arme: lance-torpilleI => chance 19(3),  miss
 - tir N0, arme: lance-torpilleI => chance 19(3),  hit, degat (2)
 - tir N0, arme: lance-torpilleI => chance 19(3),  miss
 - tir N0, arme: lance-torpilleI => chance 19(3),  miss
 - tir N0, arme: lance-torpilleI => chance 19(3),  miss
 - tir N0, arme: lance-torpilleI => chance 19(3),  miss
 - tir N0, arme: lance-torpilleI => chance 19(3),  hit, degat (2)
 - tir N0, arme: lance-torpilleI => chance 19(3),  miss
 - tir N0, arme: lance-torpilleI => chance 19(3),  miss
 - tir N0, arme: lance-torpilleI => chance 19(3),  miss
 - tir N0, arme: lance-torpilleI => chance 19(3),  miss
 - tir N0, arme: lance-torpilleI => chance 19(3),  miss
 - tir N0, arme: lance-torpilleI => chance 19(3),  miss
 - tir N0, arme: lance-torpilleI => chance 19(3),  miss
 - tir N0, arme: lance-torpilleI => chance 19(3),  hit, degat (2)
 - tir N0, arme: lance-torpilleI => chance 19(3),  hit, degat (2)
 - tir N0, arme: lance-torpilleI => chance 19(3),  miss
 - tir N0, arme: lance-torpilleI => chance 19(3),  miss
[F0_2 VS F65_0]  C2 , tir vaisseau N°0/0 (Intercepteur standard, race: 0) , attP: (x:37|y:1020|z:13) 
[F0_2 VS F65_0]  C2 , tir vaisseau N°0/3 (Torpilleur standard, race: 0) , attP: (x:32|y:1020|z:1) , cible: Supercroiseur standard, deffP: (x:32|y:1020|z:1), distance: 0
 - tir N0, arme: lance-torpilleI => chance 23(3),  hit, degat (2)
 - tir N0, arme: lance-torpilleI => chance 23(3),  miss
 - tir N0, arme: lance-torpilleI => chance 23(3),  hit, degat (2)
 - tir N0, arme: lance-torpilleI => chance 23(3),  miss
[F0_2 VS F65_0]  C2 , tir vaisseau N°0/3 (Torpilleur standard, race: 0) , attP: (x:31|y:1020|z:1) , cible: Supercroiseur standard, deffP: (x:32|y:1020|z:1), distance: 1
 - tir N0, arme: lance-torpilleI => chance 22(3),  hit, degat (2)
 - tir N0, arme: lance-torpilleI => chance 22(3),  miss
 - tir N0, arme: lance-torpilleI => chance 22(3),  miss
 - tir N0, arme: lance-torpilleI => chance 22(3),  hit, degat (2)
[F0_2 VS F65_0]  C2 , tir vaisseau N°0/15 (Fregate standard, race: 0) , attP: (x:37|y:1020|z:13) 
[F0_2 VS F65_0]  C2 , tir vaisseau N°0/3 (Torpilleur standard, race: 0) , attP: (x:29|y:1020|z:1) , cible: Supercroiseur standard, deffP: (x:32|y:1020|z:1), distance: 3
 - tir N0, arme: lance-torpilleI => chance 20(3),  miss
 - tir N0, arme: lance-torpilleI => chance 20(3),  miss
 - tir N0, arme: lance-torpilleI => chance 20(3),  miss
 - tir N0, arme: lance-torpilleI => chance 20(3),  miss
[F0_2 VS F65_0]  C2 , tir vaisseau N°0/63 (Croiseur standard, race: 0) , attP: (x:24|y:1020|z:0) , cible: Supercroiseur standard, deffP: (x:32|y:1020|z:1), distance: 8
 - tir N0, arme: canon à plasmaI => chance 21(3),  miss
 - tir N0, arme: canon à plasmaI => chance 21(3),  miss
 - tir N0, arme: canon à plasmaI => chance 21(3),  miss
 - tir N0, arme: canon à plasmaI => chance 21(3),  hit, degat (1)
 - tir N0, arme: canon à plasmaI => chance 21(3),  miss
 - tir N0, arme: canon à plasmaI => chance 21(3),  miss
 - tir N0, arme: canon à plasmaI => chance 21(3),  miss
 - tir N0, arme: canon à plasmaI => chance 21(3),  hit, degat (1)
 - tir N0, arme: canon à plasmaI => chance 21(3),  miss
 - tir N0, arme: canon à plasmaI => chance 21(3),  miss
 - tir N0, arme: missileI => chance 23(3),  miss
 - tir N0, arme: missileI => chance 23(3),  miss
 - tir N0, arme: missileI => chance 23(3),  hit, degat (1)
 - tir N0, arme: missileI => chance 23(3),  miss
 - tir N0, arme: missileI => chance 23(3),  miss
 - tir N0, arme: missileI => chance 23(3),  miss
 - tir N0, arme: missileI => chance 23(3),  miss
 - tir N0, arme: missileI => chance 23(3),  hit, degat (1)
 - tir N0, arme: missileI => chance 23(3),  miss
 - tir N0, arme: missileI => chance 23(3),  miss
 - tir N0, arme: lance-torpilleI => chance 15(3),  hit, degat (2)
 - tir N0, arme: lance-torpilleI => chance 15(3),  miss
 - tir N0, arme: lance-torpilleI => chance 15(3),  miss
 - tir N0, arme: lance-torpilleI => chance 15(3),  miss
 - tir N0, arme: lance-torpilleI => chance 15(3),  miss
 - tir N0, arme: lance-torpilleI => chance 15(3),  miss
 - tir N0, arme: lance-torpilleI => chance 15(3),  miss
 - tir N0, arme: lance-torpilleI => chance 15(3),  miss
 - tir N0, arme: lance-torpilleI => chance 15(3),  miss
 - tir N0, arme: lance-torpilleI => chance 15(3),  miss
[F0_2 VS F65_0]  C2 , tir vaisseau N°0/3 (Torpilleur standard, race: 0) , attP: (x:29|y:1020|z:1) , cible: Supercroiseur standard, deffP: (x:32|y:1020|z:1), distance: 3
 - tir N0, arme: lance-torpilleI => chance 20(3),  miss
 - tir N0, arme: lance-torpilleI => chance 20(3),  miss
 - tir N0, arme: lance-torpilleI => chance 20(3),  miss
 - tir N0, arme: lance-torpilleI => chance 20(3),  hit, degat (2), cible detruire
[F0_2 VS F65_0]  C2 , tir vaisseau N°0/3 (Torpilleur standard, race: 0) , attP: (x:27|y:1020|z:1) 
[F0_2 VS F65_0]  C2 , tir vaisseau N°0/15 (Fregate standard, race: 0) , attP: (x:32|y:1020|z:1) 
[F0_2 VS F65_0]  C2 , tir vaisseau N°0/3 (Torpilleur standard, race: 0) , attP: (x:28|y:1020|z:1) 
[F0_2 VS F65_0]  C2 , tir vaisseau N°0/3 (Torpilleur standard, race: 0) , attP: (x:29|y:1020|z:1) 
[F0_2 VS F65_0]  C0 , tir vaisseau N°0/3 (Bombardier standard, race: 6) , attP: (x:37|y:1020|z:13) 
[F0_2 VS F65_0]  C2 , tir vaisseau N°0/7 (Colonisateur, race: 0) , attP: (x:11|y:14|z:68) 
[F0_2 VS F65_0]  C2 , tir vaisseau N°0/3 (Torpilleur standard, race: 0) , attP: (x:29|y:1020|z:1) 
[F0_2 VS F65_0]  C2 , tir vaisseau N°0/7 (Colonisateur, race: 0) , attP: (x:9|y:10|z:-35) 
[F0_2 VS F65_0]  C2 , tir vaisseau N°0/3 (Torpilleur standard, race: 0) , attP: (x:30|y:1020|z:1) 
[F0_2 VS F65_0]  C2 , tir vaisseau N°0/3 (Torpilleur standard, race: 0) , attP: (x:25|y:31|z:4) 
[F0_2 VS F65_0]  C2 , tir vaisseau N°0/3 (Torpilleur standard, race: 0) , attP: (x:25|y:34|z:4) 
[F0_2 VS F65_0]  C2 , tir vaisseau N°0/3 (Torpilleur standard, race: 0) , attP: (x:32|y:1020|z:1) 
[F0_2 VS F65_0]  C0 , tir vaisseau N°0/63 (Supercroiseur standard, race: 6) , attP: (x:32|y:1020|z:1) 
[F0_2 VS F65_0]  C2 , tir vaisseau N°0/7 (Colonisateur, race: 0) , attP: (x:37|y:13|z:8) 
[F0_2 VS F65_0]  C2 , tir vaisseau N°0/63 (Supercroiseur standard, race: 0) , attP: (x:22|y:33|z:4) 
[F0_2 VS F65_0]  C2 , tir vaisseau N°0/7 (Colonisateur, race: 0) , attP: (x:27|y:15|z:-49) 
[F0_2 VS F65_0]  C2 , tir vaisseau N°0/7 (Colonisateur, race: 0) , attP: (x:61|y:7|z:49) 
[F0_2 VS F65_0]  C2 , tir vaisseau N°0/3 (Torpilleur standard, race: 0) , attP: (x:25|y:32|z:4) 
[F0_2 VS F65_0]  C2 , tir vaisseau N°0/63 (Croiseur standard, race: 0) , attP: (x:8|y:14|z:8) 
[F0_2 VS F65_0]  C2 , tir vaisseau N°0/63 (Supercroiseur standard, race: 0) , attP: (x:20|y:36|z:4) 
[F0_2 VS F65_0]  C2 , tir vaisseau N°0/63 (Croiseur standard, race: 0) , attP: (x:7|y:14|z:8) 
[F0_2 VS F65_0]  C2 , tir vaisseau N°0/63 (Croiseur standard, race: 0) , attP: (x:21|y:35|z:4) 
[F0_2 VS F65_0]  C2 , tir vaisseau N°0/7 (Colonisateur, race: 0) , attP: (x:15|y:10|z:26) 
[F0_2 VS F65_0]  C2 , tir vaisseau N°0/7 (Colonisateur, race: 0) , attP: (x:14|y:12|z:-14) 
[F0_2 VS F65_0]  C2 , tir vaisseau N°0/7 (Colonisateur, race: 0) , attP: (x:11|y:15|z:18) , cible: Intercepteur standard, deffP: (x:-40|y:1020|z:13), distance: 1 005
 - pas darmes valides
[F0_2 VS F65_0]  C2 , tir vaisseau N°0/7 (Colonisateur, race: 0) , attP: (x:54|y:11|z:-20) 
[F0_2 VS F65_0]  C2 , tir vaisseau N°0/7 (Colonisateur, race: 0) , attP: (x:8|y:9|z:-10) 
[F0_2 VS F65_0]  C2 , tir vaisseau N°0/63 (Croiseur standard, race: 0) , attP: (x:5|y:32|z:4) 
FIN DE TOUR: F1  0, F2 : 116
TOUR DE COMBAT 2
[F0_2 VS F65_0]  C2 , tir vaisseau N°0/3 (Chasseur standard, race: 0) , attP: (x:11|y:1020|z:0) , cible: Intercepteur standard, deffP: (x:11|y:1020|z:0), distance: 0
 - tir N0, arme: laserI => chance 53(3),  miss
 - tir N0, arme: laserI => chance 53(3),  miss
 - tir N0, arme: laserI => chance 53(3),  hit, degat (1)
 - tir N0, arme: laserI => chance 54(4),  miss
[F0_2 VS F65_0]  C2 , tir vaisseau N°0/3 (Chasseur standard, race: 0) , attP: (x:11|y:1020|z:0) , cible: Intercepteur standard, deffP: (x:11|y:1020|z:0), distance: 0
 - tir N0, arme: laserI => chance 54(4),  miss
 - tir N0, arme: laserI => chance 54(4),  hit, degat (1), cible detruire
[F0_2 VS F65_0]  C2 , tir vaisseau N°0/3 (Chasseur standard, race: 0) , attP: (x:11|y:1020|z:0) 
[F0_2 VS F65_0]  C2 , tir vaisseau N°0/3 (Chasseur standard, race: 0) , attP: (x:11|y:1020|z:0) 
[F0_2 VS F65_0]  C2 , tir vaisseau N°0/3 (Chasseur standard, race: 0) , attP: (x:6|y:1020|z:0) 
[F0_2 VS F65_0]  C2 , tir vaisseau N°0/3 (Chasseur standard, race: 0) , attP: (x:6|y:1020|z:0) 
[F0_2 VS F65_0]  C2 , tir vaisseau N°0/3 (Chasseur standard, race: 0) , attP: (x:11|y:1020|z:0) 
[F0_2 VS F65_0]  C2 , tir vaisseau N°0/3 (Chasseur standard, race: 0) , attP: (x:11|y:1020|z:5) 
[F0_2 VS F65_0]  C2 , tir vaisseau N°0/3 (Chasseur standard, race: 0) , attP: (x:11|y:1020|z:3) 
[F0_2 VS F65_0]  C2 , tir vaisseau N°0/3 (Chasseur standard, race: 0) , attP: (x:11|y:1020|z:0) 
[F0_2 VS F65_0]  C2 , tir vaisseau N°0/3 (Chasseur standard, race: 0) , attP: (x:6|y:1020|z:0) 
[F0_2 VS F65_0]  C2 , tir vaisseau N°0/25 (Destroyer standard, race: 0) , attP: (x:3|y:1020|z:0) 
[F0_2 VS F65_0]  C2 , tir vaisseau N°0/3 (Chasseur standard, race: 0) , attP: (x:6|y:1020|z:0) 
[F0_2 VS F65_0]  C2 , tir vaisseau N°0/25 (Destroyer standard, race: 0) , attP: (x:3|y:1020|z:0) 
[F0_2 VS F65_0]  C2 , tir vaisseau N°0/25 (Destroyer standard, race: 0) , attP: (x:11|y:1020|z:0) 
[F0_2 VS F65_0]  C2 , tir vaisseau N°0/3 (Chasseur standard, race: 0) , attP: (x:11|y:1020|z:4) 
[F0_2 VS F65_0]  C2 , tir vaisseau N°0/0 (Intercepteur standard, race: 0) , attP: (x:7|y:1020|z:0) 
[F0_2 VS F65_0]  C2 , tir vaisseau N°0/25 (Destroyer standard, race: 0) , attP: (x:8|y:1020|z:33) 
[F0_2 VS F65_0]  C2 , tir vaisseau N°0/3 (Chasseur standard, race: 0) , attP: (x:11|y:1020|z:0) 
[F0_2 VS F65_0]  C2 , tir vaisseau N°0/3 (Chasseur standard, race: 0) , attP: (x:11|y:1020|z:0) 
[F0_2 VS F65_0]  C2 , tir vaisseau N°0/25 (Destroyer standard, race: 0) , attP: (x:3|y:1020|z:0) 
[F0_2 VS F65_0]  C2 , tir vaisseau N°0/25 (Destroyer standard, race: 0) , attP: (x:3|y:1020|z:0) 
[F0_2 VS F65_0]  C2 , tir vaisseau N°0/3 (Chasseur standard, race: 0) , attP: (x:11|y:1020|z:0) 
[F0_2 VS F65_0]  C2 , tir vaisseau N°0/15 (Fregate standard, race: 0) , attP: (x:4|y:1020|z:0) 
[F0_2 VS F65_0]  C2 , tir vaisseau N°0/25 (Destroyer standard, race: 0) , attP: (x:8|y:1020|z:33) 
[F0_2 VS F65_0]  C2 , tir vaisseau N°0/3 (Torpilleur standard, race: 0) , attP: (x:11|y:1020|z:0) 
[F0_2 VS F65_0]  C2 , tir vaisseau N°0/3 (Chasseur standard, race: 0) , attP: (x:6|y:1020|z:0) 
[F0_2 VS F65_0]  C2 , tir vaisseau N°0/25 (Destroyer standard, race: 0) , attP: (x:3|y:1020|z:0) 
[F0_2 VS F65_0]  C2 , tir vaisseau N°0/63 (Supercroiseur standard, race: 0) , attP: (x:13|y:1020|z:0) 
[F0_2 VS F65_0]  C2 , tir vaisseau N°0/15 (Fregate standard, race: 0) , attP: (x:4|y:1020|z:0) 
[F0_2 VS F65_0]  C2 , tir vaisseau N°0/25 (Destroyer standard, race: 0) , attP: (x:3|y:1020|z:0) 
[F0_2 VS F65_0]  C2 , tir vaisseau N°0/3 (Torpilleur standard, race: 0) , attP: (x:6|y:1020|z:0) 
[F0_2 VS F65_0]  C2 , tir vaisseau N°0/0 (Intercepteur standard, race: 0) , attP: (x:11|y:1020|z:2) 
[F0_2 VS F65_0]  C2 , tir vaisseau N°0/0 (Intercepteur standard, race: 0) , attP: (x:11|y:1020|z:0) 
[F0_2 VS F65_0]  C2 , tir vaisseau N°0/15 (Fregate standard, race: 0) , attP: (x:4|y:1020|z:0) 
[F0_2 VS F65_0]  C2 , tir vaisseau N°0/15 (Fregate standard, race: 0) , attP: (x:4|y:1020|z:0) 
[F0_2 VS F65_0]  C2 , tir vaisseau N°0/3 (Torpilleur standard, race: 0) , attP: (x:15|y:1020|z:0) 
[F0_2 VS F65_0]  C2 , tir vaisseau N°0/3 (Torpilleur standard, race: 0) , attP: (x:16|y:1020|z:0) 
[F0_2 VS F65_0]  C2 , tir vaisseau N°0/15 (Fregate standard, race: 0) , attP: (x:9|y:1020|z:1) 
[F0_2 VS F65_0]  C2 , tir vaisseau N°0/3 (Torpilleur standard, race: 0) , attP: (x:11|y:1020|z:0) 
[F0_2 VS F65_0]  C2 , tir vaisseau N°0/15 (Fregate standard, race: 0) , attP: (x:9|y:1020|z:1) 
[F0_2 VS F65_0]  C0 , tir vaisseau N°0/0 (Intercepteur standard, race: 6) , attP: (x:11|y:1020|z:0) 
[F0_2 VS F65_0]  C2 , tir vaisseau N°0/3 (Torpilleur standard, race: 0) , attP: (x:1|y:1020|z:13) 
[F0_2 VS F65_0]  C2 , tir vaisseau N°0/25 (Destroyer standard, race: 0) , attP: (x:3|y:1020|z:12) 
[F0_2 VS F65_0]  C2 , tir vaisseau N°0/3 (Torpilleur standard, race: 0) , attP: (x:6|y:1020|z:13) 
[F0_2 VS F65_0]  C2 , tir vaisseau N°0/15 (Fregate standard, race: 0) , attP: (x:4|y:1020|z:13) 
[F0_2 VS F65_0]  C2 , tir vaisseau N°0/3 (Torpilleur standard, race: 0) , attP: (x:39|y:1020|z:13) 
[F0_2 VS F65_0]  C2 , tir vaisseau N°0/15 (Fregate standard, race: 0) , attP: (x:9|y:1020|z:13) 
[F0_2 VS F65_0]  C2 , tir vaisseau N°0/15 (Fregate standard, race: 0) , attP: (x:9|y:1020|z:13) 
[F0_2 VS F65_0]  C2 , tir vaisseau N°0/3 (Torpilleur standard, race: 0) , attP: (x:6|y:1020|z:13) 
[F0_2 VS F65_0]  C2 , tir vaisseau N°0/3 (Torpilleur standard, race: 0) , attP: (x:2|y:1020|z:13) 
[F0_2 VS F65_0]  C2 , tir vaisseau N°0/3 (Torpilleur standard, race: 0) , attP: (x:39|y:1020|z:13) 
[F0_2 VS F65_0]  C2 , tir vaisseau N°0/3 (Torpilleur standard, race: 0) , attP: (x:6|y:1020|z:13) 
[F0_2 VS F65_0]  C2 , tir vaisseau N°0/3 (Torpilleur standard, race: 0) , attP: (x:12|y:1020|z:13) 
[F0_2 VS F65_0]  C2 , tir vaisseau N°0/3 (Torpilleur standard, race: 0) , attP: (x:29|y:1020|z:1) pas de cible
[F0_2 VS F65_0]  C2 , tir vaisseau N°0/63 (Croiseur standard, race: 0) , attP: (x:-40|y:1020|z:13) 
[F0_2 VS F65_0]  C2 , tir vaisseau N°0/63 (Supercroiseur standard, race: 0) , attP: (x:29|y:1020|z:13) 
[F0_2 VS F65_0]  C2 , tir vaisseau N°0/15 (Fregate standard, race: 0) , attP: (x:4|y:1020|z:13) 
[F0_2 VS F65_0]  C2 , tir vaisseau N°0/3 (Torpilleur standard, race: 0) , attP: (x:3|y:1020|z:13) 
[F0_2 VS F65_0]  C2 , tir vaisseau N°0/63 (Supercroiseur standard, race: 0) , attP: (x:28|y:1020|z:1) pas de cible
[F0_2 VS F65_0]  C2 , tir vaisseau N°0/3 (Torpilleur standard, race: 0) , attP: (x:39|y:1020|z:13) 
[F0_2 VS F65_0]  C2 , tir vaisseau N°0/3 (Torpilleur standard, race: 0) , attP: (x:31|y:1020|z:1) pas de cible
[F0_2 VS F65_0]  C2 , tir vaisseau N°0/63 (Croiseur standard, race: 0) , attP: (x:-40|y:1020|z:13) 
[F0_2 VS F65_0]  C2 , tir vaisseau N°0/7 (Colonisateur, race: 0) , attP: (x:50|y:18|z:0) 
[F0_2 VS F65_0]  C2 , tir vaisseau N°0/3 (Torpilleur standard, race: 0) , attP: (x:6|y:1020|z:13) 
[F0_2 VS F65_0]  C2 , tir vaisseau N°0/63 (Croiseur standard, race: 0) , attP: (x:30|y:1020|z:13) 
[F0_2 VS F65_0]  C2 , tir vaisseau N°0/3 (Torpilleur standard, race: 0) , attP: (x:3|y:1020|z:13) 
[F0_2 VS F65_0]  C2 , tir vaisseau N°0/7 (Colonisateur, race: 0) , attP: (x:65|y:22|z:-19) 
[F0_2 VS F65_0]  C2 , tir vaisseau N°0/63 (Croiseur standard, race: 0) , attP: (x:-40|y:1020|z:13) 
[F0_2 VS F65_0]  C2 , tir vaisseau N°0/7 (Colonisateur, race: 0) , attP: (x:25|y:23|z:-3) 
[F0_2 VS F65_0]  C2 , tir vaisseau N°0/7 (Colonisateur, race: 0) , attP: (x:-35|y:21|z:-79) 
[F0_2 VS F65_0]  C2 , tir vaisseau N°0/63 (Croiseur standard, race: 0) , attP: (x:33|y:1020|z:9) 
[F0_2 VS F65_0]  C2 , tir vaisseau N°0/7 (Colonisateur, race: 0) , attP: (x:22|y:26|z:29) 
[F0_2 VS F65_0]  C2 , tir vaisseau N°0/7 (Colonisateur, race: 0) , attP: (x:13|y:25|z:57) 
[F0_2 VS F65_0]  C2 , tir vaisseau N°0/7 (Colonisateur, race: 0) , attP: (x:26|y:26|z:51) 
[F0_2 VS F65_0]  C2 , tir vaisseau N°0/7 (Colonisateur, race: 0) , attP: (x:19|y:20|z:97) 
[F0_2 VS F65_0]  C2 , tir vaisseau N°0/7 (Colonisateur, race: 0) , attP: (x:8|y:24|z:85) 
[F0_2 VS F65_0]  C2 , tir vaisseau N°0/7 (Colonisateur, race: 0) , attP: (x:54|y:21|z:37) 
FIN DE TOUR: F1  0, F2 : 118
RESOLUTION COMBAT [F157_0 VS F10_4] 
TOUR DE COMBAT 1
[F157_0 VS F10_4]  C4 , tir vaisseau N°0/3 (Chasseur standard, race: 4) , attP: (x:34|y:1020|z:50) , cible: Supercroiseur standard, deffP: (x:6|y:15|z:2), distance: 1 005
 - tir N0, arme: laserI - chance < 0 , exit
 - tir N1, arme: laserI - chance < 0 , exit
 - tir N2, arme: laserI - chance < 0 , exit
 - tir N3, arme: laserI - chance < 0 , exit
[F157_0 VS F10_4]  C4 , tir vaisseau N°0/3 (Chasseur standard, race: 4) , attP: (x:23|y:1020|z:-48) , cible: Supercroiseur standard, deffP: (x:6|y:15|z:2), distance: 1 005
 - tir N0, arme: laserI - chance < 0 , exit
 - tir N1, arme: laserI - chance < 0 , exit
 - tir N2, arme: laserI - chance < 0 , exit
 - tir N3, arme: laserI - chance < 0 , exit
[F157_0 VS F10_4]  C0 , tir vaisseau N°0/0 (Intercepteur standard, race: 0) , attP: (x:6|y:16|z:9) , cible: Chasseur standard, deffP: (x:34|y:1020|z:50), distance: 1 004
 - tir N0, arme: laserI - chance < 0 , exit
[F157_0 VS F10_4]  C0 , tir vaisseau N°0/63 (Supercroiseur standard, race: 0) , attP: (x:6|y:15|z:2) , cible: Chasseur standard, deffP: (x:34|y:1020|z:50), distance: 1 005
 - tir N0, arme: laserI - chance < 0 , exit
 - tir N1, arme: laserI - chance < 0 , exit
 - tir N2, arme: laserI - chance < 0 , exit
 - tir N3, arme: laserI - chance < 0 , exit
 - tir N4, arme: laserI - chance < 0 , exit
 - tir N5, arme: laserI - chance < 0 , exit
 - tir N6, arme: laserI - chance < 0 , exit
 - tir N7, arme: laserI - chance < 0 , exit
 - tir N8, arme: laserI - chance < 0 , exit
 - tir N9, arme: laserI - chance < 0 , exit
 - tir N10, arme: laserI - chance < 0 , exit
 - tir N11, arme: laserI - chance < 0 , exit
 - tir N12, arme: laserI - chance < 0 , exit
 - tir N13, arme: laserI - chance < 0 , exit
 - tir N14, arme: laserI - chance < 0 , exit
 - tir N15, arme: laserI - chance < 0 , exit
 - tir N16, arme: laserI - chance < 0 , exit
 - tir N17, arme: laserI - chance < 0 , exit
 - tir N18, arme: laserI - chance < 0 , exit
 - tir N19, arme: laserI - chance < 0 , exit
 - tir N20, arme: canon à plasmaI - chance < 0 , exit
 - tir N21, arme: canon à plasmaI - chance < 0 , exit
 - tir N22, arme: canon à plasmaI - chance < 0 , exit
 - tir N23, arme: canon à plasmaI - chance < 0 , exit
 - tir N24, arme: canon à plasmaI - chance < 0 , exit
 - tir N25, arme: canon à plasmaI - chance < 0 , exit
 - tir N26, arme: canon à plasmaI - chance < 0 , exit
 - tir N27, arme: canon à plasmaI - chance < 0 , exit
 - tir N28, arme: canon à plasmaI - chance < 0 , exit
 - tir N29, arme: canon à plasmaI - chance < 0 , exit
 - tir N30, arme: canon à plasmaI - chance < 0 , exit
 - tir N31, arme: canon à plasmaI - chance < 0 , exit
 - tir N32, arme: canon à plasmaI - chance < 0 , exit
 - tir N33, arme: canon à plasmaI - chance < 0 , exit
 - tir N34, arme: canon à plasmaI - chance < 0 , exit
 - tir N35, arme: canon à plasmaI - chance < 0 , exit
 - tir N36, arme: canon à plasmaI - chance < 0 , exit
 - tir N37, arme: canon à plasmaI - chance < 0 , exit
 - tir N38, arme: canon à plasmaI - chance < 0 , exit
 - tir N39, arme: canon à plasmaI - chance < 0 , exit
 - tir N40, arme: lance-torpilleI - chance < 0 , exit
 - tir N41, arme: lance-torpilleI - chance < 0 , exit
 - tir N42, arme: lance-torpilleI - chance < 0 , exit
 - tir N43, arme: lance-torpilleI - chance < 0 , exit
 - tir N44, arme: lance-torpilleI - chance < 0 , exit
 - tir N45, arme: lance-torpilleI - chance < 0 , exit
 - tir N46, arme: lance-torpilleI - chance < 0 , exit
 - tir N47, arme: lance-torpilleI - chance < 0 , exit
 - tir N48, arme: lance-torpilleI - chance < 0 , exit
 - tir N49, arme: lance-torpilleI - chance < 0 , exit
 - tir N50, arme: lance-torpilleI - chance < 0 , exit
 - tir N51, arme: lance-torpilleI - chance < 0 , exit
 - tir N52, arme: lance-torpilleI - chance < 0 , exit
 - tir N53, arme: lance-torpilleI - chance < 0 , exit
 - tir N54, arme: lance-torpilleI - chance < 0 , exit
 - tir N55, arme: lance-torpilleI - chance < 0 , exit
 - tir N56, arme: lance-torpilleI - chance < 0 , exit
 - tir N57, arme: lance-torpilleI - chance < 0 , exit
 - tir N58, arme: lance-torpilleI - chance < 0 , exit
 - tir N59, arme: lance-torpilleI - chance < 0 , exit
[F157_0 VS F10_4]  C0 , tir vaisseau N°0/3 (Torpilleur standard, race: 0) , attP: (x:6|y:16|z:9) , cible: Chasseur standard, deffP: (x:34|y:1020|z:50), distance: 1 004
 - tir N0, arme: lance-torpilleI - chance < 0 , exit
 - tir N1, arme: lance-torpilleI - chance < 0 , exit
 - tir N2, arme: lance-torpilleI - chance < 0 , exit
 - tir N3, arme: lance-torpilleI - chance < 0 , exit
[F157_0 VS F10_4]  C4 , tir vaisseau N°0/3 (Bombardier standard, race: 4) , attP: (x:28|y:1020|z:14) , cible: Supercroiseur standard, deffP: (x:6|y:15|z:2), distance: 1 005
 - pas darmes valides
[F157_0 VS F10_4]  C4 , tir vaisseau N°0/3 (Grand Bombardier standard, race: 4) , attP: (x:39|y:1020|z:19) , cible: Supercroiseur standard, deffP: (x:6|y:15|z:2), distance: 1 005
 - pas darmes valides
[F157_0 VS F10_4]  C0 , tir vaisseau N°0/7 (Colonisateur, race: 0) , attP: (x:-9|y:20|z:48) , cible: Chasseur standard, deffP: (x:34|y:1020|z:50), distance: 1 000
 - pas darmes valides
FIN DE TOUR: F1  0, F2 : 0
TOUR DE COMBAT 2
[F157_0 VS F10_4]  C4 , tir vaisseau N°0/3 (Chasseur standard, race: 4) , attP: (x:-6|y:1020|z:83) , cible: Supercroiseur standard, deffP: (x:11|y:1020|z:7), distance: 76
 - tir N0, arme: laserI - chance < 0 , exit
 - tir N1, arme: laserI - chance < 0 , exit
 - tir N2, arme: laserI - chance < 0 , exit
 - tir N3, arme: laserI - chance < 0 , exit
[F157_0 VS F10_4]  C0 , tir vaisseau N°0/0 (Intercepteur standard, race: 0) , attP: (x:11|y:1020|z:7) , cible: Grand Bombardier standard, deffP: (x:11|y:1020|z:7), distance: 0
 - tir N0, arme: laserI => chance 45(0),  miss
[F157_0 VS F10_4]  C4 , tir vaisseau N°0/3 (Chasseur standard, race: 4) , attP: (x:6|y:1020|z:22) , cible: Colonisateur, deffP: (x:-38|y:31|z:19), distance: 989
 - tir N0, arme: laserI - chance < 0 , exit
 - tir N1, arme: laserI - chance < 0 , exit
 - tir N2, arme: laserI - chance < 0 , exit
 - tir N3, arme: laserI - chance < 0 , exit
[F157_0 VS F10_4]  C0 , tir vaisseau N°0/63 (Supercroiseur standard, race: 0) , attP: (x:11|y:1020|z:7) , cible: Grand Bombardier standard, deffP: (x:11|y:1020|z:7), distance: 0
 - tir N0, arme: laserI => chance 45(0),  miss
 - tir N0, arme: laserI => chance 45(0),  hit, degat (1)
 - tir N0, arme: laserI => chance 45(0),  miss
 - tir N0, arme: laserI => chance 45(0),  miss
 - tir N0, arme: laserI => chance 45(0),  hit, degat (1)
 - tir N0, arme: laserI => chance 45(0),  hit, degat (1)
 - tir N0, arme: laserI => chance 45(0),  hit, degat (1)
 - tir N0, arme: laserI => chance 45(0),  miss
 - tir N0, arme: laserI => chance 45(0),  miss
 - tir N0, arme: laserI => chance 45(0),  hit, degat (1)
 - tir N0, arme: laserI => chance 45(0),  miss
 - tir N0, arme: laserI => chance 45(0),  hit, degat (1)
 - tir N0, arme: laserI => chance 45(0),  hit, degat (1)
 - tir N0, arme: laserI => chance 45(0),  hit, degat (1), cible detruire
[F157_0 VS F10_4]  C0 , tir vaisseau N°0/3 (Torpilleur standard, race: 0) , attP: (x:11|y:1020|z:7) 
[F157_0 VS F10_4]  C4 , tir vaisseau N°0/3 (Grand Bombardier standard, race: 4) , attP: (x:11|y:1020|z:7) 
[F157_0 VS F10_4]  C4 , tir vaisseau N°0/3 (Bombardier standard, race: 4) , attP: (x:78|y:1020|z:79) , cible: Colonisateur, deffP: (x:-38|y:31|z:19), distance: 989
 - pas darmes valides
[F157_0 VS F10_4]  C0 , tir vaisseau N°0/7 (Colonisateur, race: 0) , attP: (x:-38|y:31|z:19) 
FIN DE TOUR: F1  0, F2 : 8
TOUR DE COMBAT 3
[F157_0 VS F10_4]  C0 , tir vaisseau N°0/0 (Intercepteur standard, race: 0) , attP: (x:50|y:1020|z:10) , cible: Chasseur standard, deffP: (x:50|y:1020|z:10), distance: 0
 - tir N0, arme: laserI => chance 45(0),  miss
[F157_0 VS F10_4]  C4 , tir vaisseau N°0/3 (Chasseur standard, race: 4) , attP: (x:81|y:1020|z:55) , cible: Supercroiseur standard, deffP: (x:6|y:1020|z:16), distance: 75
 - tir N0, arme: laserI - chance < 0 , exit
 - tir N1, arme: laserI - chance < 0 , exit
 - tir N2, arme: laserI - chance < 0 , exit
 - tir N3, arme: laserI - chance < 0 , exit
[F157_0 VS F10_4]  C4 , tir vaisseau N°0/3 (Chasseur standard, race: 4) , attP: (x:50|y:1020|z:10) , cible: Colonisateur, deffP: (x:79|y:2|z:30), distance: 1 018
 - tir N0, arme: laserI - chance < 0 , exit
 - tir N1, arme: laserI - chance < 0 , exit
 - tir N2, arme: laserI - chance < 0 , exit
 - tir N3, arme: laserI - chance < 0 , exit
[F157_0 VS F10_4]  C0 , tir vaisseau N°0/3 (Torpilleur standard, race: 0) , attP: (x:6|y:1020|z:21) , cible: Chasseur standard, deffP: (x:50|y:1020|z:10), distance: 44
 - tir N0, arme: lance-torpilleI - chance < 0 , exit
 - tir N1, arme: lance-torpilleI - chance < 0 , exit
 - tir N2, arme: lance-torpilleI - chance < 0 , exit
 - tir N3, arme: lance-torpilleI - chance < 0 , exit
[F157_0 VS F10_4]  C4 , tir vaisseau N°0/3 (Bombardier standard, race: 4) , attP: (x:50|y:1020|z:67) , cible: Colonisateur, deffP: (x:79|y:2|z:30), distance: 1 018
 - pas darmes valides
[F157_0 VS F10_4]  C0 , tir vaisseau N°0/63 (Supercroiseur standard, race: 0) , attP: (x:6|y:1020|z:16) , cible: Chasseur standard, deffP: (x:50|y:1020|z:10), distance: 44
 - tir N0, arme: laserI - chance < 0 , exit
 - tir N1, arme: laserI - chance < 0 , exit
 - tir N2, arme: laserI - chance < 0 , exit
 - tir N3, arme: laserI - chance < 0 , exit
 - tir N4, arme: laserI - chance < 0 , exit
 - tir N5, arme: laserI - chance < 0 , exit
 - tir N6, arme: laserI - chance < 0 , exit
 - tir N7, arme: laserI - chance < 0 , exit
 - tir N8, arme: laserI - chance < 0 , exit
 - tir N9, arme: laserI - chance < 0 , exit
 - tir N10, arme: laserI - chance < 0 , exit
 - tir N11, arme: laserI - chance < 0 , exit
 - tir N12, arme: laserI - chance < 0 , exit
 - tir N13, arme: laserI - chance < 0 , exit
 - tir N14, arme: laserI - chance < 0 , exit
 - tir N15, arme: laserI - chance < 0 , exit
 - tir N16, arme: laserI - chance < 0 , exit
 - tir N17, arme: laserI - chance < 0 , exit
 - tir N18, arme: laserI - chance < 0 , exit
 - tir N19, arme: laserI - chance < 0 , exit
 - tir N20, arme: canon à plasmaI - chance < 0 , exit
 - tir N21, arme: canon à plasmaI - chance < 0 , exit
 - tir N22, arme: canon à plasmaI - chance < 0 , exit
 - tir N23, arme: canon à plasmaI - chance < 0 , exit
 - tir N24, arme: canon à plasmaI - chance < 0 , exit
 - tir N25, arme: canon à plasmaI - chance < 0 , exit
 - tir N26, arme: canon à plasmaI - chance < 0 , exit
 - tir N27, arme: canon à plasmaI - chance < 0 , exit
 - tir N28, arme: canon à plasmaI - chance < 0 , exit
 - tir N29, arme: canon à plasmaI - chance < 0 , exit
 - tir N30, arme: canon à plasmaI - chance < 0 , exit
 - tir N31, arme: canon à plasmaI - chance < 0 , exit
 - tir N32, arme: canon à plasmaI - chance < 0 , exit
 - tir N33, arme: canon à plasmaI - chance < 0 , exit
 - tir N34, arme: canon à plasmaI - chance < 0 , exit
 - tir N35, arme: canon à plasmaI - chance < 0 , exit
 - tir N36, arme: canon à plasmaI - chance < 0 , exit
 - tir N37, arme: canon à plasmaI - chance < 0 , exit
 - tir N38, arme: canon à plasmaI - chance < 0 , exit
 - tir N39, arme: canon à plasmaI - chance < 0 , exit
 - tir N40, arme: lance-torpilleI - chance < 0 , exit
 - tir N41, arme: lance-torpilleI - chance < 0 , exit
 - tir N42, arme: lance-torpilleI - chance < 0 , exit
 - tir N43, arme: lance-torpilleI - chance < 0 , exit
 - tir N44, arme: lance-torpilleI - chance < 0 , exit
 - tir N45, arme: lance-torpilleI - chance < 0 , exit
 - tir N46, arme: lance-torpilleI - chance < 0 , exit
 - tir N47, arme: lance-torpilleI - chance < 0 , exit
 - tir N48, arme: lance-torpilleI - chance < 0 , exit
 - tir N49, arme: lance-torpilleI - chance < 0 , exit
 - tir N50, arme: lance-torpilleI - chance < 0 , exit
 - tir N51, arme: lance-torpilleI - chance < 0 , exit
 - tir N52, arme: lance-torpilleI - chance < 0 , exit
 - tir N53, arme: lance-torpilleI - chance < 0 , exit
 - tir N54, arme: lance-torpilleI - chance < 0 , exit
 - tir N55, arme: lance-torpilleI - chance < 0 , exit
 - tir N56, arme: lance-torpilleI - chance < 0 , exit
 - tir N57, arme: lance-torpilleI - chance < 0 , exit
 - tir N58, arme: lance-torpilleI - chance < 0 , exit
 - tir N59, arme: lance-torpilleI - chance < 0 , exit
[F157_0 VS F10_4]  C0 , tir vaisseau N°0/7 (Colonisateur, race: 0) , attP: (x:79|y:2|z:30) , cible: Chasseur standard, deffP: (x:81|y:1020|z:55), distance: 1 018
 - pas darmes valides
FIN DE TOUR: F1  0, F2 : 8
TOUR DE COMBAT 4
[F157_0 VS F10_4]  C0 , tir vaisseau N°0/0 (Intercepteur standard, race: 0) , attP: (x:80|y:1020|z:16) , cible: Chasseur standard, deffP: (x:80|y:1020|z:16), distance: 0
 - tir N0, arme: laserI => chance 45(0),  miss
[F157_0 VS F10_4]  C4 , tir vaisseau N°0/3 (Chasseur standard, race: 4) , attP: (x:80|y:1020|z:16) , cible: Supercroiseur standard, deffP: (x:50|y:1020|z:10), distance: 30
 - tir N0, arme: laserI - chance < 0 , exit
 - tir N1, arme: laserI - chance < 0 , exit
 - tir N2, arme: laserI - chance < 0 , exit
 - tir N3, arme: laserI - chance < 0 , exit
[F157_0 VS F10_4]  C4 , tir vaisseau N°0/3 (Chasseur standard, race: 4) , attP: (x:53|y:1020|z:27) , cible: Supercroiseur standard, deffP: (x:50|y:1020|z:10), distance: 17
 - tir N0, arme: laserI - chance < 0 , exit
 - tir N1, arme: laserI - chance < 0 , exit
 - tir N2, arme: laserI - chance < 0 , exit
 - tir N3, arme: laserI - chance < 0 , exit
[F157_0 VS F10_4]  C0 , tir vaisseau N°0/63 (Supercroiseur standard, race: 0) , attP: (x:50|y:1020|z:10) , cible: Chasseur standard, deffP: (x:80|y:1020|z:16), distance: 30
 - tir N0, arme: laserI - chance < 0 , exit
 - tir N1, arme: laserI - chance < 0 , exit
 - tir N2, arme: laserI - chance < 0 , exit
 - tir N3, arme: laserI - chance < 0 , exit
 - tir N4, arme: laserI - chance < 0 , exit
 - tir N5, arme: laserI - chance < 0 , exit
 - tir N6, arme: laserI - chance < 0 , exit
 - tir N7, arme: laserI - chance < 0 , exit
 - tir N8, arme: laserI - chance < 0 , exit
 - tir N9, arme: laserI - chance < 0 , exit
 - tir N10, arme: laserI - chance < 0 , exit
 - tir N11, arme: laserI - chance < 0 , exit
 - tir N12, arme: laserI - chance < 0 , exit
 - tir N13, arme: laserI - chance < 0 , exit
 - tir N14, arme: laserI - chance < 0 , exit
 - tir N15, arme: laserI - chance < 0 , exit
 - tir N16, arme: laserI - chance < 0 , exit
 - tir N17, arme: laserI - chance < 0 , exit
 - tir N18, arme: laserI - chance < 0 , exit
 - tir N19, arme: laserI - chance < 0 , exit
 - tir N20, arme: canon à plasmaI - chance < 0 , exit
 - tir N21, arme: canon à plasmaI - chance < 0 , exit
 - tir N22, arme: canon à plasmaI - chance < 0 , exit
 - tir N23, arme: canon à plasmaI - chance < 0 , exit
 - tir N24, arme: canon à plasmaI - chance < 0 , exit
 - tir N25, arme: canon à plasmaI - chance < 0 , exit
 - tir N26, arme: canon à plasmaI - chance < 0 , exit
 - tir N27, arme: canon à plasmaI - chance < 0 , exit
 - tir N28, arme: canon à plasmaI - chance < 0 , exit
 - tir N29, arme: canon à plasmaI - chance < 0 , exit
 - tir N30, arme: canon à plasmaI - chance < 0 , exit
 - tir N31, arme: canon à plasmaI - chance < 0 , exit
 - tir N32, arme: canon à plasmaI - chance < 0 , exit
 - tir N33, arme: canon à plasmaI - chance < 0 , exit
 - tir N34, arme: canon à plasmaI - chance < 0 , exit
 - tir N35, arme: canon à plasmaI - chance < 0 , exit
 - tir N36, arme: canon à plasmaI - chance < 0 , exit
 - tir N37, arme: canon à plasmaI - chance < 0 , exit
 - tir N38, arme: canon à plasmaI - chance < 0 , exit
 - tir N39, arme: canon à plasmaI - chance < 0 , exit
 - tir N40, arme: lance-torpilleI - chance < 0 , exit
 - tir N41, arme: lance-torpilleI - chance < 0 , exit
 - tir N42, arme: lance-torpilleI - chance < 0 , exit
 - tir N43, arme: lance-torpilleI - chance < 0 , exit
 - tir N44, arme: lance-torpilleI - chance < 0 , exit
 - tir N45, arme: lance-torpilleI - chance < 0 , exit
 - tir N46, arme: lance-torpilleI - chance < 0 , exit
 - tir N47, arme: lance-torpilleI - chance < 0 , exit
 - tir N48, arme: lance-torpilleI - chance < 0 , exit
 - tir N49, arme: lance-torpilleI - chance < 0 , exit
 - tir N50, arme: lance-torpilleI - chance < 0 , exit
 - tir N51, arme: lance-torpilleI - chance < 0 , exit
 - tir N52, arme: lance-torpilleI - chance < 0 , exit
 - tir N53, arme: lance-torpilleI - chance < 0 , exit
 - tir N54, arme: lance-torpilleI - chance < 0 , exit
 - tir N55, arme: lance-torpilleI - chance < 0 , exit
 - tir N56, arme: lance-torpilleI - chance < 0 , exit
 - tir N57, arme: lance-torpilleI - chance < 0 , exit
 - tir N58, arme: lance-torpilleI - chance < 0 , exit
 - tir N59, arme: lance-torpilleI - chance < 0 , exit
[F157_0 VS F10_4]  C0 , tir vaisseau N°0/3 (Torpilleur standard, race: 0) , attP: (x:50|y:1020|z:10) , cible: Chasseur standard, deffP: (x:80|y:1020|z:16), distance: 30
 - tir N0, arme: lance-torpilleI - chance < 0 , exit
 - tir N1, arme: lance-torpilleI - chance < 0 , exit
 - tir N2, arme: lance-torpilleI - chance < 0 , exit
 - tir N3, arme: lance-torpilleI - chance < 0 , exit
[F157_0 VS F10_4]  C4 , tir vaisseau N°0/3 (Bombardier standard, race: 4) , attP: (x:22|y:1020|z:39) , cible: Torpilleur standard, deffP: (x:50|y:1020|z:10), distance: 29
 - pas darmes valides
[F157_0 VS F10_4]  C0 , tir vaisseau N°0/7 (Colonisateur, race: 0) , attP: (x:70|y:13|z:59) , cible: Chasseur standard, deffP: (x:53|y:1020|z:27), distance: 1 007
 - pas darmes valides
FIN DE TOUR: F1  0, F2 : 8
TOUR DE COMBAT 5
[F157_0 VS F10_4]  C4 , tir vaisseau N°0/3 (Chasseur standard, race: 4) , attP: (x:25|y:1020|z:15) , cible: Colonisateur, deffP: (x:41|y:24|z:30), distance: 996
 - tir N0, arme: laserI - chance < 0 , exit
 - tir N1, arme: laserI - chance < 0 , exit
 - tir N2, arme: laserI - chance < 0 , exit
 - tir N3, arme: laserI - chance < 0 , exit
[F157_0 VS F10_4]  C0 , tir vaisseau N°0/0 (Intercepteur standard, race: 0) , attP: (x:70|y:1020|z:64) , cible: Chasseur standard, deffP: (x:70|y:1020|z:64), distance: 0
 - tir N0, arme: laserI => chance 45(0),  hit, degat (1)
[F157_0 VS F10_4]  C4 , tir vaisseau N°0/3 (Chasseur standard, race: 4) , attP: (x:70|y:1020|z:64) , cible: Colonisateur, deffP: (x:41|y:24|z:30), distance: 996
 - tir N0, arme: laserI - chance < 0 , exit
 - tir N1, arme: laserI - chance < 0 , exit
 - tir N2, arme: laserI - chance < 0 , exit
[F157_0 VS F10_4]  C0 , tir vaisseau N°0/63 (Supercroiseur standard, race: 0) , attP: (x:53|y:1020|z:19) , cible: Chasseur standard, deffP: (x:25|y:1020|z:15), distance: 28
 - tir N0, arme: laserI - chance < 0 , exit
 - tir N1, arme: laserI - chance < 0 , exit
 - tir N2, arme: laserI - chance < 0 , exit
 - tir N3, arme: laserI - chance < 0 , exit
 - tir N4, arme: laserI - chance < 0 , exit
 - tir N5, arme: laserI - chance < 0 , exit
 - tir N6, arme: laserI - chance < 0 , exit
 - tir N7, arme: laserI - chance < 0 , exit
 - tir N8, arme: laserI - chance < 0 , exit
 - tir N9, arme: laserI - chance < 0 , exit
 - tir N10, arme: laserI - chance < 0 , exit
 - tir N11, arme: laserI - chance < 0 , exit
 - tir N12, arme: laserI - chance < 0 , exit
 - tir N13, arme: laserI - chance < 0 , exit
 - tir N14, arme: laserI - chance < 0 , exit
 - tir N15, arme: laserI - chance < 0 , exit
 - tir N16, arme: laserI - chance < 0 , exit
 - tir N17, arme: laserI - chance < 0 , exit
 - tir N18, arme: laserI - chance < 0 , exit
 - tir N19, arme: laserI - chance < 0 , exit
 - tir N20, arme: canon à plasmaI - chance < 0 , exit
 - tir N21, arme: canon à plasmaI - chance < 0 , exit
 - tir N22, arme: canon à plasmaI - chance < 0 , exit
 - tir N23, arme: canon à plasmaI - chance < 0 , exit
 - tir N24, arme: canon à plasmaI - chance < 0 , exit
 - tir N25, arme: canon à plasmaI - chance < 0 , exit
 - tir N26, arme: canon à plasmaI - chance < 0 , exit
 - tir N27, arme: canon à plasmaI - chance < 0 , exit
 - tir N28, arme: canon à plasmaI - chance < 0 , exit
 - tir N29, arme: canon à plasmaI - chance < 0 , exit
 - tir N30, arme: canon à plasmaI - chance < 0 , exit
 - tir N31, arme: canon à plasmaI - chance < 0 , exit
 - tir N32, arme: canon à plasmaI - chance < 0 , exit
 - tir N33, arme: canon à plasmaI - chance < 0 , exit
 - tir N34, arme: canon à plasmaI - chance < 0 , exit
 - tir N35, arme: canon à plasmaI - chance < 0 , exit
 - tir N36, arme: canon à plasmaI - chance < 0 , exit
 - tir N37, arme: canon à plasmaI - chance < 0 , exit
 - tir N38, arme: canon à plasmaI - chance < 0 , exit
 - tir N39, arme: canon à plasmaI - chance < 0 , exit
 - tir N40, arme: lance-torpilleI - chance < 0 , exit
 - tir N41, arme: lance-torpilleI - chance < 0 , exit
 - tir N42, arme: lance-torpilleI - chance < 0 , exit
 - tir N43, arme: lance-torpilleI - chance < 0 , exit
 - tir N44, arme: lance-torpilleI - chance < 0 , exit
 - tir N45, arme: lance-torpilleI - chance < 0 , exit
 - tir N46, arme: lance-torpilleI - chance < 0 , exit
 - tir N47, arme: lance-torpilleI - chance < 0 , exit
 - tir N48, arme: lance-torpilleI - chance < 0 , exit
 - tir N49, arme: lance-torpilleI - chance < 0 , exit
 - tir N50, arme: lance-torpilleI - chance < 0 , exit
 - tir N51, arme: lance-torpilleI - chance < 0 , exit
 - tir N52, arme: lance-torpilleI - chance < 0 , exit
 - tir N53, arme: lance-torpilleI - chance < 0 , exit
 - tir N54, arme: lance-torpilleI - chance < 0 , exit
 - tir N55, arme: lance-torpilleI - chance < 0 , exit
 - tir N56, arme: lance-torpilleI - chance < 0 , exit
 - tir N57, arme: lance-torpilleI - chance < 0 , exit
 - tir N58, arme: lance-torpilleI - chance < 0 , exit
 - tir N59, arme: lance-torpilleI - chance < 0 , exit
[F157_0 VS F10_4]  C0 , tir vaisseau N°0/3 (Torpilleur standard, race: 0) , attP: (x:53|y:1020|z:24) , cible: Chasseur standard, deffP: (x:25|y:1020|z:15), distance: 28
 - tir N0, arme: lance-torpilleI - chance < 0 , exit
 - tir N1, arme: lance-torpilleI - chance < 0 , exit
 - tir N2, arme: lance-torpilleI - chance < 0 , exit
 - tir N3, arme: lance-torpilleI - chance < 0 , exit
[F157_0 VS F10_4]  C4 , tir vaisseau N°0/3 (Bombardier standard, race: 4) , attP: (x:-15|y:1020|z:11) , cible: Torpilleur standard, deffP: (x:53|y:1020|z:24), distance: 68
 - pas darmes valides
[F157_0 VS F10_4]  C0 , tir vaisseau N°0/7 (Colonisateur, race: 0) , attP: (x:41|y:24|z:30) , cible: Chasseur standard, deffP: (x:25|y:1020|z:15), distance: 996
 - pas darmes valides
FIN DE TOUR: F1  0, F2 : 9
TOUR DE COMBAT 6
[F157_0 VS F10_4]  C4 , tir vaisseau N°0/3 (Chasseur standard, race: 4) , attP: (x:37|y:1020|z:27) , cible: Torpilleur standard, deffP: (x:25|y:1020|z:15), distance: 12
 - tir N0, arme: laserI - chance < 0 , exit
 - tir N1, arme: laserI - chance < 0 , exit
 - tir N2, arme: laserI - chance < 0 , exit
 - tir N3, arme: laserI - chance < 0 , exit
[F157_0 VS F10_4]  C4 , tir vaisseau N°0/3 (Chasseur standard, race: 4) , attP: (x:42|y:1020|z:36) , cible: Supercroiseur standard, deffP: (x:22|y:1020|z:15), distance: 21
 - tir N0, arme: laserI - chance < 0 , exit
 - tir N1, arme: laserI - chance < 0 , exit
 - tir N2, arme: laserI - chance < 0 , exit
[F157_0 VS F10_4]  C0 , tir vaisseau N°0/0 (Intercepteur standard, race: 0) , attP: (x:70|y:1020|z:64) , cible: Chasseur standard, deffP: (x:42|y:1020|z:36), distance: 28
 - tir N0, arme: laserI - chance < 0 , exit
[F157_0 VS F10_4]  C4 , tir vaisseau N°0/3 (Bombardier standard, race: 4) , attP: (x:-27|y:1020|z:86) , cible: Supercroiseur standard, deffP: (x:22|y:1020|z:15), distance: 71
 - pas darmes valides
[F157_0 VS F10_4]  C0 , tir vaisseau N°0/3 (Torpilleur standard, race: 0) , attP: (x:25|y:1020|z:15) , cible: Chasseur standard, deffP: (x:37|y:1020|z:27), distance: 12
 - tir N0, arme: lance-torpilleI - chance < 0 , exit
 - tir N1, arme: lance-torpilleI - chance < 0 , exit
 - tir N2, arme: lance-torpilleI - chance < 0 , exit
 - tir N3, arme: lance-torpilleI - chance < 0 , exit
[F157_0 VS F10_4]  C0 , tir vaisseau N°0/63 (Supercroiseur standard, race: 0) , attP: (x:22|y:1020|z:15) , cible: Chasseur standard, deffP: (x:37|y:1020|z:27), distance: 15
 - tir N0, arme: laserI - chance < 0 , exit
 - tir N1, arme: laserI - chance < 0 , exit
 - tir N2, arme: laserI - chance < 0 , exit
 - tir N3, arme: laserI - chance < 0 , exit
 - tir N4, arme: laserI - chance < 0 , exit
 - tir N5, arme: laserI - chance < 0 , exit
 - tir N6, arme: laserI - chance < 0 , exit
 - tir N7, arme: laserI - chance < 0 , exit
 - tir N8, arme: laserI - chance < 0 , exit
 - tir N9, arme: laserI - chance < 0 , exit
 - tir N10, arme: laserI - chance < 0 , exit
 - tir N11, arme: laserI - chance < 0 , exit
 - tir N12, arme: laserI - chance < 0 , exit
 - tir N13, arme: laserI - chance < 0 , exit
 - tir N14, arme: laserI - chance < 0 , exit
 - tir N15, arme: laserI - chance < 0 , exit
 - tir N16, arme: laserI - chance < 0 , exit
 - tir N17, arme: laserI - chance < 0 , exit
 - tir N18, arme: laserI - chance < 0 , exit
 - tir N19, arme: laserI - chance < 0 , exit
 - tir N20, arme: canon à plasmaI - chance < 0 , exit
 - tir N21, arme: canon à plasmaI - chance < 0 , exit
 - tir N22, arme: canon à plasmaI - chance < 0 , exit
 - tir N23, arme: canon à plasmaI - chance < 0 , exit
 - tir N24, arme: canon à plasmaI - chance < 0 , exit
 - tir N25, arme: canon à plasmaI - chance < 0 , exit
 - tir N26, arme: canon à plasmaI - chance < 0 , exit
 - tir N27, arme: canon à plasmaI - chance < 0 , exit
 - tir N28, arme: canon à plasmaI - chance < 0 , exit
 - tir N29, arme: canon à plasmaI - chance < 0 , exit
 - tir N30, arme: canon à plasmaI - chance < 0 , exit
 - tir N31, arme: canon à plasmaI - chance < 0 , exit
 - tir N32, arme: canon à plasmaI - chance < 0 , exit
 - tir N33, arme: canon à plasmaI - chance < 0 , exit
 - tir N34, arme: canon à plasmaI - chance < 0 , exit
 - tir N35, arme: canon à plasmaI - chance < 0 , exit
 - tir N36, arme: canon à plasmaI - chance < 0 , exit
 - tir N37, arme: canon à plasmaI - chance < 0 , exit
 - tir N38, arme: canon à plasmaI - chance < 0 , exit
 - tir N39, arme: canon à plasmaI - chance < 0 , exit
 - tir N40, arme: lance-torpilleI - chance < 0 , exit
 - tir N41, arme: lance-torpilleI - chance < 0 , exit
 - tir N42, arme: lance-torpilleI - chance < 0 , exit
 - tir N43, arme: lance-torpilleI - chance < 0 , exit
 - tir N44, arme: lance-torpilleI - chance < 0 , exit
 - tir N45, arme: lance-torpilleI - chance < 0 , exit
 - tir N46, arme: lance-torpilleI - chance < 0 , exit
 - tir N47, arme: lance-torpilleI - chance < 0 , exit
 - tir N48, arme: lance-torpilleI - chance < 0 , exit
 - tir N49, arme: lance-torpilleI - chance < 0 , exit
 - tir N50, arme: lance-torpilleI - chance < 0 , exit
 - tir N51, arme: lance-torpilleI - chance < 0 , exit
 - tir N52, arme: lance-torpilleI - chance < 0 , exit
 - tir N53, arme: lance-torpilleI - chance < 0 , exit
 - tir N54, arme: lance-torpilleI - chance < 0 , exit
 - tir N55, arme: lance-torpilleI - chance < 0 , exit
 - tir N56, arme: lance-torpilleI - chance < 0 , exit
 - tir N57, arme: lance-torpilleI - chance < 0 , exit
 - tir N58, arme: lance-torpilleI - chance < 0 , exit
 - tir N59, arme: lance-torpilleI - chance < 0 , exit
[F157_0 VS F10_4]  C0 , tir vaisseau N°0/7 (Colonisateur, race: 0) , attP: (x:12|y:35|z:1) , cible: Chasseur standard, deffP: (x:37|y:1020|z:27), distance: 985
 - pas darmes valides
FIN DE TOUR: F1  0, F2 : 9
TOUR DE COMBAT 7
[F157_0 VS F10_4]  C4 , tir vaisseau N°0/3 (Chasseur standard, race: 4) , attP: (x:25|y:1020|z:15) , cible: Colonisateur, deffP: (x:80|y:6|z:53), distance: 1 014
 - tir N0, arme: laserI - chance < 0 , exit
 - tir N1, arme: laserI - chance < 0 , exit
 - tir N2, arme: laserI - chance < 0 , exit
 - tir N3, arme: laserI - chance < 0 , exit
[F157_0 VS F10_4]  C4 , tir vaisseau N°0/3 (Chasseur standard, race: 4) , attP: (x:14|y:1020|z:68) , cible: Supercroiseur standard, deffP: (x:31|y:1020|z:24), distance: 44
 - tir N0, arme: laserI - chance < 0 , exit
 - tir N1, arme: laserI - chance < 0 , exit
 - tir N2, arme: laserI - chance < 0 , exit
[F157_0 VS F10_4]  C0 , tir vaisseau N°0/0 (Intercepteur standard, race: 0) , attP: (x:42|y:1020|z:36) , cible: Chasseur standard, deffP: (x:14|y:1020|z:68), distance: 32
 - tir N0, arme: laserI - chance < 0 , exit
[F157_0 VS F10_4]  C0 , tir vaisseau N°0/3 (Torpilleur standard, race: 0) , attP: (x:37|y:1020|z:27) , cible: Chasseur standard, deffP: (x:25|y:1020|z:15), distance: 12
 - tir N0, arme: lance-torpilleI - chance < 0 , exit
 - tir N1, arme: lance-torpilleI - chance < 0 , exit
 - tir N2, arme: lance-torpilleI - chance < 0 , exit
 - tir N3, arme: lance-torpilleI - chance < 0 , exit
[F157_0 VS F10_4]  C0 , tir vaisseau N°0/63 (Supercroiseur standard, race: 0) , attP: (x:31|y:1020|z:24) , cible: Chasseur standard, deffP: (x:25|y:1020|z:15), distance: 9
 - tir N0, arme: laserI - chance < 0 , exit
 - tir N1, arme: laserI - chance < 0 , exit
 - tir N2, arme: laserI - chance < 0 , exit
 - tir N3, arme: laserI - chance < 0 , exit
 - tir N4, arme: laserI - chance < 0 , exit
 - tir N5, arme: laserI - chance < 0 , exit
 - tir N6, arme: laserI - chance < 0 , exit
 - tir N7, arme: laserI - chance < 0 , exit
 - tir N8, arme: laserI - chance < 0 , exit
 - tir N9, arme: laserI - chance < 0 , exit
 - tir N10, arme: laserI - chance < 0 , exit
 - tir N11, arme: laserI - chance < 0 , exit
 - tir N12, arme: laserI - chance < 0 , exit
 - tir N13, arme: laserI - chance < 0 , exit
 - tir N14, arme: laserI - chance < 0 , exit
 - tir N15, arme: laserI - chance < 0 , exit
 - tir N16, arme: laserI - chance < 0 , exit
 - tir N17, arme: laserI - chance < 0 , exit
 - tir N18, arme: laserI - chance < 0 , exit
 - tir N19, arme: laserI - chance < 0 , exit
 - tir N20, arme: canon à plasmaI => chance 11(0),  miss
 - tir N20, arme: canon à plasmaI => chance 11(0),  miss
 - tir N20, arme: canon à plasmaI => chance 11(0),  miss
 - tir N20, arme: canon à plasmaI => chance 11(0),  miss
 - tir N20, arme: canon à plasmaI => chance 11(0),  miss
 - tir N20, arme: canon à plasmaI => chance 11(0),  miss
 - tir N20, arme: canon à plasmaI => chance 11(0),  miss
 - tir N20, arme: canon à plasmaI => chance 11(0),  miss
 - tir N20, arme: canon à plasmaI => chance 11(0),  miss
 - tir N20, arme: canon à plasmaI => chance 11(0),  hit, degat (1)
 - tir N20, arme: canon à plasmaI => chance 10(-1),  miss
 - tir N20, arme: canon à plasmaI => chance 10(-1),  miss
 - tir N20, arme: canon à plasmaI => chance 10(-1),  miss
 - tir N20, arme: canon à plasmaI => chance 10(-1),  miss
 - tir N20, arme: canon à plasmaI => chance 10(-1),  miss
 - tir N20, arme: canon à plasmaI => chance 10(-1),  miss
 - tir N20, arme: canon à plasmaI => chance 10(-1),  miss
 - tir N20, arme: canon à plasmaI => chance 10(-1),  miss
 - tir N20, arme: canon à plasmaI => chance 10(-1),  miss
 - tir N20, arme: canon à plasmaI => chance 10(-1),  miss
 - tir N20, arme: lance-torpilleI => chance 0(-1),  miss
 - tir N20, arme: lance-torpilleI => chance 0(-1),  miss
 - tir N20, arme: lance-torpilleI => chance 0(-1),  hit, degat (2)
 - tir N20, arme: lance-torpilleI => chance 0(-1),  miss
 - tir N20, arme: lance-torpilleI => chance 0(-1),  miss
 - tir N20, arme: lance-torpilleI => chance 0(-1),  miss
 - tir N20, arme: lance-torpilleI => chance 0(-1),  miss
 - tir N20, arme: lance-torpilleI => chance 0(-1),  miss
 - tir N20, arme: lance-torpilleI => chance 0(-1),  miss
 - tir N20, arme: lance-torpilleI => chance 0(-1),  miss
 - tir N20, arme: lance-torpilleI => chance 0(-1),  miss
 - tir N20, arme: lance-torpilleI => chance 0(-1),  miss
 - tir N20, arme: lance-torpilleI => chance 0(-1),  miss
 - tir N20, arme: lance-torpilleI => chance 0(-1),  miss
 - tir N20, arme: lance-torpilleI => chance 0(-1),  miss
 - tir N20, arme: lance-torpilleI => chance 0(-1),  miss
 - tir N20, arme: lance-torpilleI => chance 0(-1),  miss
 - tir N20, arme: lance-torpilleI => chance 0(-1),  miss
 - tir N20, arme: lance-torpilleI => chance 0(-1),  miss
 - tir N20, arme: lance-torpilleI => chance 0(-1),  miss
[F157_0 VS F10_4]  C4 , tir vaisseau N°0/3 (Bombardier standard, race: 4) , attP: (x:-39|y:1020|z:58) , cible: Intercepteur standard, deffP: (x:42|y:1020|z:36), distance: 81
 - pas darmes valides
[F157_0 VS F10_4]  C0 , tir vaisseau N°0/7 (Colonisateur, race: 0) , attP: (x:80|y:6|z:53) , cible: Chasseur standard, deffP: (x:25|y:1020|z:15), distance: 1 014
 - pas darmes valides
FIN DE TOUR: F1  0, F2 : 12
TOUR DE COMBAT 8
[F157_0 VS F10_4]  C4 , tir vaisseau N°0/3 (Chasseur standard, race: 4) , attP: (x:12|y:1020|z:40) , cible: Colonisateur, deffP: (x:51|y:17|z:19), distance: 1 003
 - tir N0, arme: laserI - chance < 0 , exit
 - tir N1, arme: laserI - chance < 0 , exit
 - tir N2, arme: laserI - chance < 0 , exit
[F157_0 VS F10_4]  C0 , tir vaisseau N°0/0 (Intercepteur standard, race: 0) , attP: (x:27|y:1020|z:11) , cible: Chasseur standard, deffP: (x:25|y:1020|z:15), distance: 4
 - tir N0, arme: laserI => chance 23(-1),  miss
[F157_0 VS F10_4]  C0 , tir vaisseau N°0/3 (Torpilleur standard, race: 0) , attP: (x:25|y:1020|z:15) , cible: Chasseur standard, deffP: (x:25|y:1020|z:15), distance: 0
 - tir N0, arme: lance-torpilleI => chance 1(-1),  miss
 - tir N0, arme: lance-torpilleI => chance 1(-1),  miss
 - tir N0, arme: lance-torpilleI => chance 1(-1),  miss
 - tir N0, arme: lance-torpilleI => chance 1(-1),  miss
[F157_0 VS F10_4]  C0 , tir vaisseau N°0/63 (Supercroiseur standard, race: 0) , attP: (x:25|y:1020|z:15) , cible: Chasseur standard, deffP: (x:25|y:1020|z:15), distance: 0
 - tir N0, arme: laserI => chance 44(-1),  hit, degat (1)
 - tir N0, arme: laserI => chance 44(-1),  miss
 - tir N0, arme: laserI => chance 44(-1),  hit, degat (1), cible detruire
[F157_0 VS F10_4]  C4 , tir vaisseau N°0/3 (Bombardier standard, race: 4) , attP: (x:61|y:1020|z:30) , cible: Colonisateur, deffP: (x:51|y:17|z:19), distance: 1 003
 - pas darmes valides
[F157_0 VS F10_4]  C0 , tir vaisseau N°0/7 (Colonisateur, race: 0) , attP: (x:51|y:17|z:19) 
[F157_0 VS F10_4]  C4 , tir vaisseau N°0/3 (Chasseur standard, race: 4) , attP: (x:25|y:1020|z:15) 
FIN DE TOUR: F1  0, F2 : 14
TOUR DE COMBAT 9
[F157_0 VS F10_4]  C0 , tir vaisseau N°0/0 (Intercepteur standard, race: 0) , attP: (x:-23|y:1020|z:12) , cible: Chasseur standard, deffP: (x:-23|y:1020|z:12), distance: 0
 - tir N0, arme: laserI => chance 45(0),  miss
[F157_0 VS F10_4]  C4 , tir vaisseau N°0/3 (Chasseur standard, race: 4) , attP: (x:-23|y:1020|z:12) , cible: Supercroiseur standard, deffP: (x:16|y:1020|z:6), distance: 39
 - tir N0, arme: laserI - chance < 0 , exit
 - tir N1, arme: laserI - chance < 0 , exit
 - tir N2, arme: laserI - chance < 0 , exit
[F157_0 VS F10_4]  C0 , tir vaisseau N°0/63 (Supercroiseur standard, race: 0) , attP: (x:16|y:1020|z:6) , cible: Chasseur standard, deffP: (x:-23|y:1020|z:12), distance: 39
 - tir N0, arme: laserI - chance < 0 , exit
 - tir N1, arme: laserI - chance < 0 , exit
 - tir N2, arme: laserI - chance < 0 , exit
 - tir N3, arme: laserI - chance < 0 , exit
 - tir N4, arme: laserI - chance < 0 , exit
 - tir N5, arme: laserI - chance < 0 , exit
 - tir N6, arme: laserI - chance < 0 , exit
 - tir N7, arme: laserI - chance < 0 , exit
 - tir N8, arme: laserI - chance < 0 , exit
 - tir N9, arme: laserI - chance < 0 , exit
 - tir N10, arme: laserI - chance < 0 , exit
 - tir N11, arme: laserI - chance < 0 , exit
 - tir N12, arme: laserI - chance < 0 , exit
 - tir N13, arme: laserI - chance < 0 , exit
 - tir N14, arme: laserI - chance < 0 , exit
 - tir N15, arme: laserI - chance < 0 , exit
 - tir N16, arme: laserI - chance < 0 , exit
 - tir N17, arme: laserI - chance < 0 , exit
 - tir N18, arme: laserI - chance < 0 , exit
 - tir N19, arme: laserI - chance < 0 , exit
 - tir N20, arme: canon à plasmaI - chance < 0 , exit
 - tir N21, arme: canon à plasmaI - chance < 0 , exit
 - tir N22, arme: canon à plasmaI - chance < 0 , exit
 - tir N23, arme: canon à plasmaI - chance < 0 , exit
 - tir N24, arme: canon à plasmaI - chance < 0 , exit
 - tir N25, arme: canon à plasmaI - chance < 0 , exit
 - tir N26, arme: canon à plasmaI - chance < 0 , exit
 - tir N27, arme: canon à plasmaI - chance < 0 , exit
 - tir N28, arme: canon à plasmaI - chance < 0 , exit
 - tir N29, arme: canon à plasmaI - chance < 0 , exit
 - tir N30, arme: canon à plasmaI - chance < 0 , exit
 - tir N31, arme: canon à plasmaI - chance < 0 , exit
 - tir N32, arme: canon à plasmaI - chance < 0 , exit
 - tir N33, arme: canon à plasmaI - chance < 0 , exit
 - tir N34, arme: canon à plasmaI - chance < 0 , exit
 - tir N35, arme: canon à plasmaI - chance < 0 , exit
 - tir N36, arme: canon à plasmaI - chance < 0 , exit
 - tir N37, arme: canon à plasmaI - chance < 0 , exit
 - tir N38, arme: canon à plasmaI - chance < 0 , exit
 - tir N39, arme: canon à plasmaI - chance < 0 , exit
 - tir N40, arme: lance-torpilleI - chance < 0 , exit
 - tir N41, arme: lance-torpilleI - chance < 0 , exit
 - tir N42, arme: lance-torpilleI - chance < 0 , exit
 - tir N43, arme: lance-torpilleI - chance < 0 , exit
 - tir N44, arme: lance-torpilleI - chance < 0 , exit
 - tir N45, arme: lance-torpilleI - chance < 0 , exit
 - tir N46, arme: lance-torpilleI - chance < 0 , exit
 - tir N47, arme: lance-torpilleI - chance < 0 , exit
 - tir N48, arme: lance-torpilleI - chance < 0 , exit
 - tir N49, arme: lance-torpilleI - chance < 0 , exit
 - tir N50, arme: lance-torpilleI - chance < 0 , exit
 - tir N51, arme: lance-torpilleI - chance < 0 , exit
 - tir N52, arme: lance-torpilleI - chance < 0 , exit
 - tir N53, arme: lance-torpilleI - chance < 0 , exit
 - tir N54, arme: lance-torpilleI - chance < 0 , exit
 - tir N55, arme: lance-torpilleI - chance < 0 , exit
 - tir N56, arme: lance-torpilleI - chance < 0 , exit
 - tir N57, arme: lance-torpilleI - chance < 0 , exit
 - tir N58, arme: lance-torpilleI - chance < 0 , exit
 - tir N59, arme: lance-torpilleI - chance < 0 , exit
[F157_0 VS F10_4]  C4 , tir vaisseau N°0/3 (Bombardier standard, race: 4) , attP: (x:49|y:1020|z:2) , cible: Torpilleur standard, deffP: (x:12|y:1020|z:1), distance: 37
 - pas darmes valides
[F157_0 VS F10_4]  C0 , tir vaisseau N°0/3 (Torpilleur standard, race: 0) , attP: (x:12|y:1020|z:1) , cible: Chasseur standard, deffP: (x:-23|y:1020|z:12), distance: 35
 - tir N0, arme: lance-torpilleI - chance < 0 , exit
 - tir N1, arme: lance-torpilleI - chance < 0 , exit
 - tir N2, arme: lance-torpilleI - chance < 0 , exit
 - tir N3, arme: lance-torpilleI - chance < 0 , exit
[F157_0 VS F10_4]  C0 , tir vaisseau N°0/7 (Colonisateur, race: 0) , attP: (x:0|y:28|z:-17) , cible: Chasseur standard, deffP: (x:-23|y:1020|z:12), distance: 992
 - pas darmes valides
FIN DE TOUR: F1  0, F2 : 14
RESOLUTION COMBAT [F0_4 VS F157_0] 
TOUR DE COMBAT 1
[F0_4 VS F157_0]  C4 , tir vaisseau N°0/0 (Intercepteur standard, race: 4) , attP: (x:99|y:1020|z:-35) , cible: Colonisateur, deffP: (x:99|y:1020|z:-35), distance: 0
 - tir N0, arme: laserI => chance 48(13),  hit, degat (1)
[F0_4 VS F157_0]  C4 , tir vaisseau N°0/25 (Destroyer standard, race: 4) , attP: (x:13|y:37|z:0) , cible: Supercroiseur standard, deffP: (x:13|y:37|z:0), distance: 0
 - tir N0, arme: laserI => chance 28(13),  miss
 - tir N0, arme: laserI => chance 28(13),  miss
 - tir N0, arme: laserI => chance 28(13),  miss
 - tir N0, arme: laserI => chance 28(13),  miss
 - tir N0, arme: laserI => chance 28(13),  hit, shielded (2)
 - tir N0, arme: laserI => chance 28(13),  miss
 - tir N0, arme: laserI => chance 28(13),  hit, shielded (2)
 - tir N0, arme: laserI => chance 28(13),  miss
 - tir N0, arme: laserI => chance 28(13),  miss
 - tir N0, arme: laserI => chance 28(13),  hit, shielded (2)
 - tir N0, arme: canon à plasmaI => chance 58(13),  miss
 - tir N0, arme: canon à plasmaI => chance 58(13),  miss
 - tir N0, arme: canon à plasmaI => chance 58(13),  hit, shielded (1)
 - tir N0, arme: canon à plasmaI => chance 58(13),  miss
 - tir N0, arme: canon à plasmaI => chance 58(13),  miss
 - tir N0, arme: canon à plasmaI => chance 58(13),  hit, shielded (1)
 - tir N0, arme: canon à plasmaI => chance 58(13),  miss
 - tir N0, arme: canon à plasmaI => chance 58(13),  miss
 - tir N0, arme: canon à plasmaI => chance 58(13),  miss
 - tir N0, arme: canon à plasmaI => chance 58(13),  miss
[F0_4 VS F157_0]  C4 , tir vaisseau N°0/3 (Chasseur standard, race: 4) , attP: (x:12|y:15|z:-3) , cible: Torpilleur standard, deffP: (x:12|y:15|z:-3), distance: 0
 - tir N0, arme: laserI => chance 58(13),  hit, degat (1)
 - tir N0, arme: laserI => chance 58(13),  miss
 - tir N0, arme: laserI => chance 58(13),  miss
 - tir N0, arme: laserI => chance 58(13),  miss
[F0_4 VS F157_0]  C4 , tir vaisseau N°0/3 (Chasseur standard, race: 4) , attP: (x:15|y:37|z:0) , cible: Supercroiseur standard, deffP: (x:13|y:37|z:0), distance: 2
 - tir N0, arme: laserI => chance 24(13),  hit, shielded (2)
 - tir N0, arme: laserI => chance 24(13),  miss
 - tir N0, arme: laserI => chance 24(13),  miss
 - tir N0, arme: laserI => chance 24(13),  miss
[F0_4 VS F157_0]  C4 , tir vaisseau N°0/25 (Destroyer standard, race: 4) , attP: (x:12|y:37|z:0) , cible: Supercroiseur standard, deffP: (x:13|y:37|z:0), distance: 1
 - tir N0, arme: laserI => chance 26(13),  miss
 - tir N0, arme: laserI => chance 26(13),  miss
 - tir N0, arme: laserI => chance 26(13),  miss
 - tir N0, arme: laserI => chance 26(13),  miss
 - tir N0, arme: laserI => chance 26(13),  miss
 - tir N0, arme: laserI => chance 26(13),  hit, shielded (2)
 - tir N0, arme: laserI => chance 26(13),  hit, shielded (2)
 - tir N0, arme: laserI => chance 26(13),  hit, shielded (2)
 - tir N0, arme: laserI => chance 26(13),  miss
 - tir N0, arme: laserI => chance 26(13),  miss
 - tir N0, arme: canon à plasmaI => chance 54(13),  miss
 - tir N0, arme: canon à plasmaI => chance 54(13),  hit, shielded (1)
 - tir N0, arme: canon à plasmaI => chance 54(13),  hit, shielded (1)
 - tir N0, arme: canon à plasmaI => chance 54(13),  miss
 - tir N0, arme: canon à plasmaI => chance 54(13),  miss
 - tir N0, arme: canon à plasmaI => chance 54(13),  hit, shielded (1)
 - tir N0, arme: canon à plasmaI => chance 54(13),  hit, shielded (1)
 - tir N0, arme: canon à plasmaI => chance 54(13),  hit, degat (1)
 - tir N0, arme: canon à plasmaI => chance 54(13),  miss
 - tir N0, arme: canon à plasmaI => chance 54(13),  hit, degat (1)
[F0_4 VS F157_0]  C4 , tir vaisseau N°0/0 (Intercepteur standard, race: 4) , attP: (x:13|y:37|z:0) , cible: Supercroiseur standard, deffP: (x:13|y:37|z:0), distance: 0
 - tir N0, arme: laserI => chance 28(13),  miss
[F0_4 VS F157_0]  C4 , tir vaisseau N°0/15 (Fregate standard, race: 4) , attP: (x:13|y:37|z:0) , cible: Supercroiseur standard, deffP: (x:13|y:37|z:0), distance: 0
 - tir N0, arme: canon à plasmaI => chance 58(13),  miss
 - tir N0, arme: canon à plasmaI => chance 58(13),  hit, degat (1)
 - tir N0, arme: canon à plasmaI => chance 58(13),  miss
 - tir N0, arme: canon à plasmaI => chance 58(13),  hit, degat (1)
 - tir N0, arme: canon à plasmaI => chance 58(13),  hit, degat (1)
 - tir N0, arme: canon à plasmaI => chance 58(13),  hit, degat (1)
 - tir N0, arme: canon à plasmaI => chance 58(13),  hit, degat (1)
 - tir N0, arme: canon à plasmaI => chance 58(13),  miss
 - tir N0, arme: canon à plasmaI => chance 58(13),  hit, degat (1)
 - tir N0, arme: canon à plasmaI => chance 58(13),  hit, degat (1)
[F0_4 VS F157_0]  C4 , tir vaisseau N°0/15 (Fregate standard, race: 4) , attP: (x:12|y:12|z:-3) , cible: Torpilleur standard, deffP: (x:12|y:15|z:-3), distance: 3
 - tir N0, arme: canon à plasmaI => chance 40(13),  hit, degat (1)
 - tir N0, arme: canon à plasmaI => chance 40(13),  miss
 - tir N0, arme: canon à plasmaI => chance 40(13),  miss
 - tir N0, arme: canon à plasmaI => chance 40(13),  miss
 - tir N0, arme: canon à plasmaI => chance 40(13),  miss
 - tir N0, arme: canon à plasmaI => chance 40(13),  miss
 - tir N0, arme: canon à plasmaI => chance 40(13),  hit, degat (1)
 - tir N0, arme: canon à plasmaI => chance 40(13),  hit, degat (1)
 - tir N0, arme: canon à plasmaI => chance 40(13),  miss
 - tir N0, arme: canon à plasmaI => chance 40(13),  hit, degat (1), cible detruire
[F0_4 VS F157_0]  C0 , tir vaisseau N°0/0 (Intercepteur standard, race: 0) , attP: (x:99|y:1020|z:-35) , cible: Supercroiseur standard, deffP: (x:99|y:1020|z:-35), distance: 0
 - tir N0, arme: laserI => chance 12(-3),  miss
[F0_4 VS F157_0]  C4 , tir vaisseau N°0/0 (Intercepteur standard, race: 4) , attP: (x:13|y:37|z:0) , cible: Supercroiseur standard, deffP: (x:13|y:37|z:0), distance: 0
 - tir N0, arme: laserI => chance 28(13),  miss
[F0_4 VS F157_0]  C4 , tir vaisseau N°0/3 (Torpilleur standard, race: 4) , attP: (x:99|y:1020|z:-35) , cible: Colonisateur, deffP: (x:99|y:1020|z:-35), distance: 0
 - tir N0, arme: lance-torpilleI => chance 16(13),  miss
 - tir N0, arme: lance-torpilleI => chance 16(13),  miss
 - tir N0, arme: lance-torpilleI => chance 16(13),  miss
 - tir N0, arme: lance-torpilleI => chance 16(13),  miss
[F0_4 VS F157_0]  C4 , tir vaisseau N°0/15 (Fregate standard, race: 4) , attP: (x:13|y:37|z:0) , cible: Supercroiseur standard, deffP: (x:13|y:37|z:0), distance: 0
 - tir N0, arme: canon à plasmaI => chance 58(13),  miss
 - tir N0, arme: canon à plasmaI => chance 58(13),  miss
 - tir N0, arme: canon à plasmaI => chance 58(13),  hit, degat (1)
 - tir N0, arme: canon à plasmaI => chance 58(13),  miss
 - tir N0, arme: canon à plasmaI => chance 58(13),  hit, degat (1)
 - tir N0, arme: canon à plasmaI => chance 58(13),  miss
 - tir N0, arme: canon à plasmaI => chance 58(13),  hit, degat (1)
 - tir N0, arme: canon à plasmaI => chance 58(13),  hit, degat (1)
 - tir N0, arme: canon à plasmaI => chance 58(13),  miss
 - tir N0, arme: canon à plasmaI => chance 58(13),  miss
[F0_4 VS F157_0]  C4 , tir vaisseau N°0/3 (Torpilleur standard, race: 4) , attP: (x:13|y:37|z:0) , cible: Supercroiseur standard, deffP: (x:13|y:37|z:0), distance: 0
 - tir N0, arme: lance-torpilleI => chance 33(13),  miss
 - tir N0, arme: lance-torpilleI => chance 33(13),  miss
 - tir N0, arme: lance-torpilleI => chance 33(13),  miss
 - tir N0, arme: lance-torpilleI => chance 33(13),  miss
[F0_4 VS F157_0]  C4 , tir vaisseau N°0/25 (Destroyer standard, race: 4) , attP: (x:13|y:37|z:0) , cible: Supercroiseur standard, deffP: (x:13|y:37|z:0), distance: 0
 - tir N0, arme: laserI => chance 28(13),  miss
 - tir N0, arme: laserI => chance 28(13),  miss
 - tir N0, arme: laserI => chance 28(13),  miss
 - tir N0, arme: laserI => chance 28(13),  miss
 - tir N0, arme: laserI => chance 28(13),  hit, degat (1)
 - tir N0, arme: laserI => chance 28(13),  miss
 - tir N0, arme: laserI => chance 28(13),  miss
 - tir N0, arme: laserI => chance 28(13),  miss
 - tir N0, arme: laserI => chance 28(13),  miss
 - tir N0, arme: laserI => chance 28(13),  miss
 - tir N0, arme: canon à plasmaI => chance 58(13),  hit, degat (1)
 - tir N0, arme: canon à plasmaI => chance 58(13),  hit, degat (1)
 - tir N0, arme: canon à plasmaI => chance 58(13),  miss
 - tir N0, arme: canon à plasmaI => chance 58(13),  hit, degat (1)
 - tir N0, arme: canon à plasmaI => chance 58(13),  miss
 - tir N0, arme: canon à plasmaI => chance 58(13),  hit, degat (1)
 - tir N0, arme: canon à plasmaI => chance 58(13),  hit, degat (1)
 - tir N0, arme: canon à plasmaI => chance 58(13),  hit, degat (1)
 - tir N0, arme: canon à plasmaI => chance 58(13),  miss
 - tir N0, arme: canon à plasmaI => chance 58(13),  hit, degat (1)
[F0_4 VS F157_0]  C4 , tir vaisseau N°0/3 (Grand Bombardier standard, race: 4) , attP: (x:-35|y:14|z:-2) , cible: Supercroiseur standard, deffP: (x:13|y:37|z:0), distance: 48
 - pas darmes valides
[F0_4 VS F157_0]  C4 , tir vaisseau N°0/3 (Torpilleur standard, race: 4) , attP: (x:13|y:37|z:0) , cible: Supercroiseur standard, deffP: (x:13|y:37|z:0), distance: 0
 - tir N0, arme: lance-torpilleI => chance 33(13),  hit, degat (2)
 - tir N0, arme: lance-torpilleI => chance 33(13),  miss
 - tir N0, arme: lance-torpilleI => chance 33(13),  hit, degat (2)
 - tir N0, arme: lance-torpilleI => chance 33(13),  miss
[F0_4 VS F157_0]  C4 , tir vaisseau N°0/63 (Supercroiseur standard, race: 4) , attP: (x:99|y:1020|z:-35) , cible: Colonisateur, deffP: (x:99|y:1020|z:-35), distance: 0
 - tir N0, arme: laserI => chance 48(13),  miss
 - tir N0, arme: laserI => chance 48(13),  hit, degat (1)
 - tir N0, arme: laserI => chance 48(13),  miss
 - tir N0, arme: laserI => chance 48(13),  miss
 - tir N0, arme: laserI => chance 48(13),  hit, degat (1)
 - tir N0, arme: laserI => chance 48(13),  hit, degat (1)
 - tir N0, arme: laserI => chance 48(13),  hit, degat (1)
 - tir N0, arme: laserI => chance 47(12),  miss
 - tir N0, arme: laserI => chance 47(12),  miss
 - tir N0, arme: laserI => chance 47(12),  hit, degat (1)
 - tir N0, arme: laserI => chance 47(12),  hit, degat (1)
 - tir N0, arme: laserI => chance 47(12),  hit, degat (1)
 - tir N0, arme: laserI => chance 47(12),  miss
 - tir N0, arme: laserI => chance 47(12),  hit, degat (1)
 - tir N0, arme: laserI => chance 47(12),  hit, degat (1)
 - tir N0, arme: laserI => chance 47(12),  miss
 - tir N0, arme: laserI => chance 47(12),  hit, degat (1)
 - tir N0, arme: laserI => chance 47(12),  miss
 - tir N0, arme: laserI => chance 47(12),  miss
 - tir N0, arme: laserI => chance 47(12),  hit, degat (1)
 - tir N0, arme: canon à plasmaI => chance 52(12),  miss
 - tir N0, arme: canon à plasmaI => chance 52(12),  hit, degat (1), cible detruire
[F0_4 VS F157_0]  C0 , tir vaisseau N°0/63 (Supercroiseur standard, race: 0) , attP: (x:13|y:37|z:0) , cible: Destroyer standard, deffP: (x:13|y:37|z:0), distance: 0
 - tir N0, arme: laserI => chance 17(-3),  miss
 - tir N0, arme: laserI => chance 17(-3),  miss
 - tir N0, arme: laserI => chance 17(-3),  miss
 - tir N0, arme: laserI => chance 17(-3),  miss
 - tir N0, arme: laserI => chance 17(-3),  miss
 - tir N0, arme: laserI => chance 17(-3),  hit, shielded (2)
 - tir N0, arme: laserI => chance 17(-3),  hit, shielded (2)
 - tir N0, arme: laserI => chance 17(-3),  miss
 - tir N0, arme: laserI => chance 17(-3),  miss
 - tir N0, arme: laserI => chance 17(-3),  miss
 - tir N0, arme: laserI => chance 17(-3),  miss
 - tir N0, arme: laserI => chance 17(-3),  miss
 - tir N0, arme: laserI => chance 17(-3),  miss
 - tir N0, arme: laserI => chance 17(-3),  miss
 - tir N0, arme: laserI => chance 17(-3),  hit, shielded (2)
 - tir N0, arme: laserI => chance 17(-3),  miss
 - tir N0, arme: laserI => chance 17(-3),  miss
 - tir N0, arme: laserI => chance 17(-3),  miss
 - tir N0, arme: canon à plasmaI => chance 47(-3),  hit, shielded (1)
 - tir N0, arme: canon à plasmaI => chance 47(-3),  miss
 - tir N0, arme: canon à plasmaI => chance 47(-3),  hit, shielded (1)
 - tir N0, arme: canon à plasmaI => chance 47(-3),  miss
 - tir N0, arme: canon à plasmaI => chance 47(-3),  miss
 - tir N0, arme: canon à plasmaI => chance 47(-3),  hit, shielded (1)
 - tir N0, arme: canon à plasmaI => chance 47(-3),  miss
 - tir N0, arme: canon à plasmaI => chance 47(-3),  hit, shielded (1)
 - tir N0, arme: canon à plasmaI => chance 47(-3),  miss
 - tir N0, arme: canon à plasmaI => chance 47(-3),  hit, degat (1)
 - tir N0, arme: canon à plasmaI => chance 47(-3),  hit, degat (1)
 - tir N0, arme: lance-torpilleI => chance 12(-3),  miss
 - tir N0, arme: lance-torpilleI => chance 12(-3),  miss
 - tir N0, arme: lance-torpilleI => chance 12(-3),  miss
 - tir N0, arme: lance-torpilleI => chance 12(-3),  miss
 - tir N0, arme: lance-torpilleI => chance 12(-3),  miss
 - tir N0, arme: lance-torpilleI => chance 12(-3),  miss
 - tir N0, arme: lance-torpilleI => chance 12(-3),  hit, degat (2)
 - tir N0, arme: lance-torpilleI => chance 12(-3),  miss
 - tir N0, arme: lance-torpilleI => chance 12(-3),  miss
 - tir N0, arme: lance-torpilleI => chance 12(-3),  hit, degat (2)
 - tir N0, arme: lance-torpilleI => chance 12(-3),  miss
 - tir N0, arme: lance-torpilleI => chance 12(-3),  miss
 - tir N0, arme: lance-torpilleI => chance 12(-3),  hit, degat (2)
[F0_4 VS F157_0]  C4 , tir vaisseau N°0/3 (Bombardier standard, race: 4) , attP: (x:46|y:15|z:-12) , cible: Supercroiseur standard, deffP: (x:13|y:37|z:0), distance: 33
 - pas darmes valides
[F0_4 VS F157_0]  C4 , tir vaisseau N°0/3 (Grand Bombardier standard, race: 4) , attP: (x:-1|y:16|z:3) 
[F0_4 VS F157_0]  C4 , tir vaisseau N°0/3 (Bombardier standard, race: 4) , attP: (x:28|y:14|z:68) 
[F0_4 VS F157_0]  C4 , tir vaisseau N°0/3 (Torpilleur standard, race: 4) , attP: (x:99|y:1020|z:-35) 
[F0_4 VS F157_0]  C4 , tir vaisseau N°0/3 (Grand Bombardier standard, race: 4) , attP: (x:1|y:20|z:54) , cible: Supercroiseur standard, deffP: (x:13|y:37|z:0), distance: 54
 - pas darmes valides
[F0_4 VS F157_0]  C4 , tir vaisseau N°0/3 (Torpilleur standard, race: 4) , attP: (x:99|y:1020|z:-35) 
[F0_4 VS F157_0]  C0 , tir vaisseau N°0/3 (Torpilleur standard, race: 0) , attP: (x:12|y:15|z:-3) 
[F0_4 VS F157_0]  C4 , tir vaisseau N°0/3 (Bombardier standard, race: 4) , attP: (x:-11|y:16|z:-5) , cible: Intercepteur standard, deffP: (x:99|y:1020|z:-35), distance: 1 004
 - pas darmes valides
[F0_4 VS F157_0]  C4 , tir vaisseau N°0/3 (Torpilleur standard, race: 4) , attP: (x:22|y:24|z:-7) , cible: Supercroiseur standard, deffP: (x:13|y:37|z:0), distance: 13
 - tir N0, arme: lance-torpilleI => chance 21(13),  miss
 - tir N0, arme: lance-torpilleI => chance 21(13),  miss
 - tir N0, arme: lance-torpilleI => chance 21(13),  miss
 - tir N0, arme: lance-torpilleI => chance 21(13),  miss
[F0_4 VS F157_0]  C4 , tir vaisseau N°0/3 (Bombardier standard, race: 4) , attP: (x:1|y:17|z:8) 
[F0_4 VS F157_0]  C4 , tir vaisseau N°0/3 (Grand Bombardier standard, race: 4) , attP: (x:3|y:15|z:72) 
[F0_4 VS F157_0]  C4 , tir vaisseau N°0/3 (Bombardier standard, race: 4) , attP: (x:-24|y:21|z:-42) , cible: Supercroiseur standard, deffP: (x:13|y:37|z:0), distance: 42
 - pas darmes valides
[F0_4 VS F157_0]  C4 , tir vaisseau N°0/3 (Grand Bombardier standard, race: 4) , attP: (x:24|y:12|z:-53) , cible: Supercroiseur standard, deffP: (x:13|y:37|z:0), distance: 53
 - pas darmes valides
[F0_4 VS F157_0]  C4 , tir vaisseau N°0/3 (Grand Bombardier standard, race: 4) , attP: (x:25|y:13|z:59) 
[F0_4 VS F157_0]  C4 , tir vaisseau N°0/3 (Grand Bombardier standard, race: 4) , attP: (x:-31|y:19|z:-8) 
[F0_4 VS F157_0]  C4 , tir vaisseau N°0/3 (Grand Bombardier standard, race: 4) , attP: (x:28|y:15|z:81) 
[F0_4 VS F157_0]  C4 , tir vaisseau N°0/3 (Bombardier standard, race: 4) , attP: (x:16|y:22|z:-3) , cible: Supercroiseur standard, deffP: (x:13|y:37|z:0), distance: 15
 - pas darmes valides
[F0_4 VS F157_0]  C4 , tir vaisseau N°0/3 (Bombardier standard, race: 4) , attP: (x:20|y:13|z:-37) , cible: Supercroiseur standard, deffP: (x:13|y:37|z:0), distance: 37
 - pas darmes valides
[F0_4 VS F157_0]  C4 , tir vaisseau N°0/3 (Bombardier standard, race: 4) , attP: (x:72|y:25|z:17) , cible: Supercroiseur standard, deffP: (x:13|y:37|z:0), distance: 59
 - pas darmes valides
[F0_4 VS F157_0]  C4 , tir vaisseau N°0/3 (Grand Bombardier standard, race: 4) , attP: (x:-5|y:10|z:16) 
[F0_4 VS F157_0]  C4 , tir vaisseau N°0/3 (Grand Bombardier standard, race: 4) , attP: (x:24|y:12|z:16) 
[F0_4 VS F157_0]  C0 , tir vaisseau N°0/7 (Colonisateur, race: 0) , attP: (x:99|y:1020|z:-35) 
FIN DE TOUR: F1  8, F2 : 43
TOUR DE COMBAT 2
[F0_4 VS F157_0]  C4 , tir vaisseau N°0/3 (Chasseur standard, race: 4) , attP: (x:17|y:1020|z:7) , cible: Supercroiseur standard, deffP: (x:17|y:1020|z:7), distance: 0
 - tir N0, arme: laserI => chance 28(13),  miss
 - tir N0, arme: laserI => chance 28(13),  miss
 - tir N0, arme: laserI => chance 28(13),  miss
 - tir N0, arme: laserI => chance 28(13),  miss
[F0_4 VS F157_0]  C4 , tir vaisseau N°0/3 (Chasseur standard, race: 4) , attP: (x:17|y:1020|z:7) , cible: Supercroiseur standard, deffP: (x:17|y:1020|z:7), distance: 0
 - tir N0, arme: laserI => chance 28(13),  hit, degat (1)
 - tir N0, arme: laserI => chance 28(13),  miss
 - tir N0, arme: laserI => chance 28(13),  miss
 - tir N0, arme: laserI => chance 28(13),  miss
[F0_4 VS F157_0]  C4 , tir vaisseau N°0/0 (Intercepteur standard, race: 4) , attP: (x:72|y:1020|z:-34) , cible: Intercepteur standard, deffP: (x:72|y:1020|z:-34), distance: 0
 - tir N0, arme: laserI => chance 63(13),  hit, degat (1)
[F0_4 VS F157_0]  C4 , tir vaisseau N°0/0 (Intercepteur standard, race: 4) , attP: (x:74|y:1020|z:7) , cible: Supercroiseur standard, deffP: (x:17|y:1020|z:7), distance: 57
 - tir N0, arme: laserI - chance < 0 , exit
[F0_4 VS F157_0]  C4 , tir vaisseau N°0/15 (Fregate standard, race: 4) , attP: (x:72|y:1020|z:-34) , cible: Intercepteur standard, deffP: (x:72|y:1020|z:-34), distance: 0
 - tir N0, arme: canon à plasmaI => chance 33(13),  hit, degat (1), cible detruire
[F0_4 VS F157_0]  C4 , tir vaisseau N°0/0 (Intercepteur standard, race: 4) , attP: (x:17|y:1020|z:7) , cible: Supercroiseur standard, deffP: (x:17|y:1020|z:7), distance: 0
 - tir N0, arme: laserI => chance 28(13),  miss
[F0_4 VS F157_0]  C4 , tir vaisseau N°0/63 (Supercroiseur standard, race: 4) , attP: (x:68|y:1020|z:-34) 
[F0_4 VS F157_0]  C0 , tir vaisseau N°0/0 (Intercepteur standard, race: 0) , attP: (x:72|y:1020|z:-34) 
[F0_4 VS F157_0]  C4 , tir vaisseau N°0/3 (Torpilleur standard, race: 4) , attP: (x:99|y:1020|z:-35) 
[F0_4 VS F157_0]  C4 , tir vaisseau N°0/3 (Torpilleur standard, race: 4) , attP: (x:73|y:1020|z:7) , cible: Supercroiseur standard, deffP: (x:17|y:1020|z:7), distance: 56
 - tir N0, arme: lance-torpilleI - chance < 0 , exit
 - tir N1, arme: lance-torpilleI - chance < 0 , exit
 - tir N2, arme: lance-torpilleI - chance < 0 , exit
 - tir N3, arme: lance-torpilleI - chance < 0 , exit
[F0_4 VS F157_0]  C4 , tir vaisseau N°0/15 (Fregate standard, race: 4) , attP: (x:17|y:1020|z:7) , cible: Supercroiseur standard, deffP: (x:17|y:1020|z:7), distance: 0
 - tir N0, arme: canon à plasmaI => chance 58(13),  miss
 - tir N0, arme: canon à plasmaI => chance 58(13),  hit, degat (1)
 - tir N0, arme: canon à plasmaI => chance 58(13),  hit, degat (1)
 - tir N0, arme: canon à plasmaI => chance 58(13),  hit, degat (1)
 - tir N0, arme: canon à plasmaI => chance 58(13),  hit, degat (1)
 - tir N0, arme: canon à plasmaI => chance 58(13),  hit, degat (1)
 - tir N0, arme: canon à plasmaI => chance 58(13),  hit, degat (1)
 - tir N0, arme: canon à plasmaI => chance 58(13),  hit, degat (1)
 - tir N0, arme: canon à plasmaI => chance 58(13),  miss
 - tir N0, arme: canon à plasmaI => chance 58(13),  hit, degat (1)
[F0_4 VS F157_0]  C4 , tir vaisseau N°0/15 (Fregate standard, race: 4) , attP: (x:99|y:1020|z:-35) 
[F0_4 VS F157_0]  C4 , tir vaisseau N°0/3 (Torpilleur standard, race: 4) , attP: (x:99|y:1020|z:-35) 
[F0_4 VS F157_0]  C4 , tir vaisseau N°0/25 (Destroyer standard, race: 4) , attP: (x:17|y:1020|z:7) , cible: Supercroiseur standard, deffP: (x:17|y:1020|z:7), distance: 0
 - tir N0, arme: laserI => chance 28(13),  miss
 - tir N0, arme: laserI => chance 28(13),  hit, degat (1)
 - tir N0, arme: laserI => chance 28(13),  hit, degat (1)
 - tir N0, arme: laserI => chance 28(13),  miss
 - tir N0, arme: laserI => chance 28(13),  miss
 - tir N0, arme: laserI => chance 28(13),  hit, degat (1)
 - tir N0, arme: laserI => chance 28(13),  hit, degat (1)
 - tir N0, arme: laserI => chance 28(13),  miss
 - tir N0, arme: laserI => chance 28(13),  hit, degat (1)
 - tir N0, arme: laserI => chance 28(13),  miss
 - tir N0, arme: canon à plasmaI => chance 58(13),  hit, degat (1)
 - tir N0, arme: canon à plasmaI => chance 58(13),  hit, degat (1)
 - tir N0, arme: canon à plasmaI => chance 58(13),  miss
 - tir N0, arme: canon à plasmaI => chance 58(13),  hit, degat (1)
 - tir N0, arme: canon à plasmaI => chance 58(13),  miss
 - tir N0, arme: canon à plasmaI => chance 58(13),  hit, degat (1)
 - tir N0, arme: canon à plasmaI => chance 58(13),  hit, degat (1)
 - tir N0, arme: canon à plasmaI => chance 58(13),  miss
 - tir N0, arme: canon à plasmaI => chance 58(13),  miss
 - tir N0, arme: canon à plasmaI => chance 58(13),  hit, degat (1)
[F0_4 VS F157_0]  C4 , tir vaisseau N°0/3 (Torpilleur standard, race: 4) , attP: (x:17|y:1020|z:7) , cible: Supercroiseur standard, deffP: (x:17|y:1020|z:7), distance: 0
 - tir N0, arme: lance-torpilleI => chance 33(13),  miss
 - tir N0, arme: lance-torpilleI => chance 33(13),  miss
 - tir N0, arme: lance-torpilleI => chance 33(13),  hit, degat (2)
 - tir N0, arme: lance-torpilleI => chance 33(13),  hit, degat (2)
[F0_4 VS F157_0]  C4 , tir vaisseau N°0/3 (Grand Bombardier standard, race: 4) , attP: (x:13|y:25|z:71) 
[F0_4 VS F157_0]  C4 , tir vaisseau N°0/25 (Destroyer standard, race: 4) , attP: (x:17|y:1020|z:7) , cible: Supercroiseur standard, deffP: (x:17|y:1020|z:7), distance: 0
 - tir N0, arme: laserI => chance 28(13),  miss
 - tir N0, arme: laserI => chance 28(13),  miss
 - tir N0, arme: laserI => chance 28(13),  miss
 - tir N0, arme: laserI => chance 28(13),  hit, degat (1)
 - tir N0, arme: laserI => chance 28(13),  hit, degat (1)
 - tir N0, arme: laserI => chance 28(13),  miss
 - tir N0, arme: laserI => chance 28(13),  miss
 - tir N0, arme: canon à plasmaI => chance 58(13),  hit, degat (1)
 - tir N0, arme: canon à plasmaI => chance 58(13),  miss
 - tir N0, arme: canon à plasmaI => chance 58(13),  hit, degat (1)
 - tir N0, arme: canon à plasmaI => chance 58(13),  miss
 - tir N0, arme: canon à plasmaI => chance 58(13),  hit, degat (1)
 - tir N0, arme: canon à plasmaI => chance 58(13),  miss
 - tir N0, arme: canon à plasmaI => chance 58(13),  hit, degat (1)
[F0_4 VS F157_0]  C4 , tir vaisseau N°0/25 (Destroyer standard, race: 4) , attP: (x:99|y:1020|z:-35) 
[F0_4 VS F157_0]  C4 , tir vaisseau N°0/3 (Grand Bombardier standard, race: 4) , attP: (x:-11|y:32|z:42) 
[F0_4 VS F157_0]  C4 , tir vaisseau N°0/3 (Bombardier standard, race: 4) , attP: (x:-30|y:29|z:6) , cible: Supercroiseur standard, deffP: (x:17|y:1020|z:7), distance: 991
 - pas darmes valides
[F0_4 VS F157_0]  C4 , tir vaisseau N°0/3 (Bombardier standard, race: 4) , attP: (x:43|y:33|z:-81) 
[F0_4 VS F157_0]  C4 , tir vaisseau N°0/3 (Bombardier standard, race: 4) , attP: (x:34|y:27|z:58) , cible: Supercroiseur standard, deffP: (x:17|y:1020|z:7), distance: 993
 - pas darmes valides
[F0_4 VS F157_0]  C4 , tir vaisseau N°0/3 (Torpilleur standard, race: 4) , attP: (x:17|y:1020|z:7) , cible: Supercroiseur standard, deffP: (x:17|y:1020|z:7), distance: 0
 - tir N0, arme: lance-torpilleI => chance 33(13),  miss
 - tir N0, arme: lance-torpilleI => chance 33(13),  hit, degat (2)
 - tir N0, arme: lance-torpilleI => chance 33(13),  miss
 - tir N0, arme: lance-torpilleI => chance 33(13),  hit, degat (2)
[F0_4 VS F157_0]  C4 , tir vaisseau N°0/3 (Bombardier standard, race: 4) , attP: (x:44|y:37|z:29) , cible: Supercroiseur standard, deffP: (x:17|y:1020|z:7), distance: 983
 - pas darmes valides
[F0_4 VS F157_0]  C4 , tir vaisseau N°0/3 (Bombardier standard, race: 4) , attP: (x:75|y:34|z:38) , cible: Supercroiseur standard, deffP: (x:17|y:1020|z:7), distance: 986
 - pas darmes valides
[F0_4 VS F157_0]  C4 , tir vaisseau N°0/3 (Grand Bombardier standard, race: 4) , attP: (x:74|y:28|z:77) 
[F0_4 VS F157_0]  C4 , tir vaisseau N°0/3 (Grand Bombardier standard, race: 4) , attP: (x:92|y:31|z:66) , cible: Supercroiseur standard, deffP: (x:17|y:1020|z:7), distance: 989
 - pas darmes valides
[F0_4 VS F157_0]  C4 , tir vaisseau N°0/3 (Bombardier standard, race: 4) , attP: (x:85|y:28|z:-16) , cible: Supercroiseur standard, deffP: (x:17|y:1020|z:7), distance: 992
 - pas darmes valides
[F0_4 VS F157_0]  C4 , tir vaisseau N°0/3 (Torpilleur standard, race: 4) , attP: (x:73|y:1020|z:7) , cible: Supercroiseur standard, deffP: (x:17|y:1020|z:7), distance: 56
 - tir N0, arme: lance-torpilleI - chance < 0 , exit
 - tir N1, arme: lance-torpilleI - chance < 0 , exit
 - tir N2, arme: lance-torpilleI - chance < 0 , exit
 - tir N3, arme: lance-torpilleI - chance < 0 , exit
[F0_4 VS F157_0]  C4 , tir vaisseau N°0/3 (Bombardier standard, race: 4) , attP: (x:40|y:26|z:40) 
[F0_4 VS F157_0]  C4 , tir vaisseau N°0/3 (Grand Bombardier standard, race: 4) , attP: (x:36|y:24|z:28) , cible: Supercroiseur standard, deffP: (x:17|y:1020|z:7), distance: 996
 - pas darmes valides
[F0_4 VS F157_0]  C0 , tir vaisseau N°0/63 (Supercroiseur standard, race: 0) , attP: (x:17|y:1020|z:7) , cible: Fregate standard, deffP: (x:17|y:1020|z:7), distance: 0
 - tir N0, arme: laserI => chance 22(-3),  miss
 - tir N0, arme: laserI => chance 22(-3),  miss
 - tir N0, arme: laserI => chance 22(-3),  miss
 - tir N0, arme: laserI => chance 22(-3),  miss
 - tir N0, arme: laserI => chance 22(-3),  hit, shielded (2)
 - tir N0, arme: laserI => chance 22(-3),  miss
 - tir N0, arme: laserI => chance 22(-3),  miss
 - tir N0, arme: laserI => chance 22(-3),  hit, shielded (2)
 - tir N0, arme: canon à plasmaI => chance 42(-3),  miss
 - tir N0, arme: canon à plasmaI => chance 42(-3),  hit, shielded (1)
 - tir N0, arme: canon à plasmaI => chance 42(-3),  hit, shielded (1)
 - tir N0, arme: canon à plasmaI => chance 42(-3),  hit, shielded (1)
 - tir N0, arme: canon à plasmaI => chance 42(-3),  hit, shielded (1)
 - tir N0, arme: lance-torpilleI => chance 7(-3),  miss
 - tir N0, arme: lance-torpilleI => chance 7(-3),  miss
 - tir N0, arme: lance-torpilleI => chance 7(-3),  miss
 - tir N0, arme: lance-torpilleI => chance 7(-3),  miss
 - tir N0, arme: lance-torpilleI => chance 7(-3),  miss
 - tir N0, arme: lance-torpilleI => chance 7(-3),  miss
[F0_4 VS F157_0]  C4 , tir vaisseau N°0/3 (Grand Bombardier standard, race: 4) , attP: (x:-4|y:27|z:53) , cible: Supercroiseur standard, deffP: (x:17|y:1020|z:7), distance: 993
 - pas darmes valides
[F0_4 VS F157_0]  C4 , tir vaisseau N°0/3 (Grand Bombardier standard, race: 4) , attP: (x:-8|y:22|z:28) , cible: Supercroiseur standard, deffP: (x:17|y:1020|z:7), distance: 998
 - pas darmes valides
[F0_4 VS F157_0]  C4 , tir vaisseau N°0/3 (Bombardier standard, race: 4) , attP: (x:15|y:25|z:-46) , cible: Supercroiseur standard, deffP: (x:17|y:1020|z:7), distance: 995
 - pas darmes valides
[F0_4 VS F157_0]  C4 , tir vaisseau N°0/3 (Grand Bombardier standard, race: 4) , attP: (x:77|y:27|z:44) , cible: Supercroiseur standard, deffP: (x:17|y:1020|z:7), distance: 993
 - pas darmes valides
[F0_4 VS F157_0]  C4 , tir vaisseau N°0/3 (Grand Bombardier standard, race: 4) , attP: (x:80|y:26|z:58) , cible: Supercroiseur standard, deffP: (x:17|y:1020|z:7), distance: 994
 - pas darmes valides
[F0_4 VS F157_0]  C4 , tir vaisseau N°0/3 (Grand Bombardier standard, race: 4) , attP: (x:36|y:24|z:-93) 
FIN DE TOUR: F1  8, F2 : 79
TOUR DE COMBAT 3
[F0_4 VS F157_0]  C4 , tir vaisseau N°0/0 (Intercepteur standard, race: 4) , attP: (x:62|y:1020|z:12) , cible: Supercroiseur standard, deffP: (x:62|y:1020|z:12), distance: 0
 - tir N0, arme: laserI => chance 29(14),  miss
[F0_4 VS F157_0]  C4 , tir vaisseau N°0/3 (Chasseur standard, race: 4) , attP: (x:62|y:1020|z:12) , cible: Supercroiseur standard, deffP: (x:62|y:1020|z:12), distance: 0
 - tir N0, arme: laserI => chance 28(13),  miss
 - tir N0, arme: laserI => chance 28(13),  miss
 - tir N0, arme: laserI => chance 28(13),  miss
 - tir N0, arme: laserI => chance 28(13),  miss
[F0_4 VS F157_0]  C4 , tir vaisseau N°0/0 (Intercepteur standard, race: 4) , attP: (x:62|y:1020|z:12) , cible: Supercroiseur standard, deffP: (x:62|y:1020|z:12), distance: 0
 - tir N0, arme: laserI => chance 28(13),  miss
[F0_4 VS F157_0]  C4 , tir vaisseau N°0/0 (Intercepteur standard, race: 4) , attP: (x:62|y:1020|z:12) , cible: Supercroiseur standard, deffP: (x:62|y:1020|z:12), distance: 0
 - tir N0, arme: laserI => chance 28(13),  miss
[F0_4 VS F157_0]  C4 , tir vaisseau N°0/15 (Fregate standard, race: 4) , attP: (x:62|y:1020|z:12) , cible: Supercroiseur standard, deffP: (x:62|y:1020|z:12), distance: 0
 - tir N0, arme: canon à plasmaI => chance 58(13),  hit, degat (1)
 - tir N0, arme: canon à plasmaI => chance 58(13),  miss
 - tir N0, arme: canon à plasmaI => chance 58(13),  miss
 - tir N0, arme: canon à plasmaI => chance 58(13),  miss
 - tir N0, arme: canon à plasmaI => chance 58(13),  hit, degat (1)
 - tir N0, arme: canon à plasmaI => chance 58(13),  hit, degat (1)
 - tir N0, arme: canon à plasmaI => chance 58(13),  miss
 - tir N0, arme: canon à plasmaI => chance 58(13),  hit, degat (1)
 - tir N0, arme: canon à plasmaI => chance 58(13),  hit, degat (1)
 - tir N0, arme: canon à plasmaI => chance 58(13),  hit, degat (1)
[F0_4 VS F157_0]  C4 , tir vaisseau N°0/3 (Chasseur standard, race: 4) , attP: (x:62|y:1020|z:12) , cible: Supercroiseur standard, deffP: (x:62|y:1020|z:12), distance: 0
 - tir N0, arme: laserI => chance 28(13),  miss
 - tir N0, arme: laserI => chance 28(13),  miss
 - tir N0, arme: laserI => chance 28(13),  miss
 - tir N0, arme: laserI => chance 28(13),  miss
[F0_4 VS F157_0]  C4 , tir vaisseau N°0/25 (Destroyer standard, race: 4) , attP: (x:62|y:1020|z:12) , cible: Supercroiseur standard, deffP: (x:62|y:1020|z:12), distance: 0
 - tir N0, arme: laserI => chance 28(13),  miss
 - tir N0, arme: laserI => chance 28(13),  hit, degat (1)
 - tir N0, arme: laserI => chance 28(13),  miss
 - tir N0, arme: laserI => chance 28(13),  hit, degat (1)
 - tir N0, arme: laserI => chance 28(13),  miss
 - tir N0, arme: laserI => chance 28(13),  hit, degat (1)
 - tir N0, arme: laserI => chance 28(13),  miss
 - tir N0, arme: laserI => chance 28(13),  miss
 - tir N0, arme: laserI => chance 28(13),  miss
 - tir N0, arme: laserI => chance 28(13),  miss
 - tir N0, arme: canon à plasmaI => chance 58(13),  miss
 - tir N0, arme: canon à plasmaI => chance 58(13),  hit, degat (1)
 - tir N0, arme: canon à plasmaI => chance 58(13),  miss
 - tir N0, arme: canon à plasmaI => chance 58(13),  miss
 - tir N0, arme: canon à plasmaI => chance 58(13),  miss
 - tir N0, arme: canon à plasmaI => chance 58(13),  hit, degat (1)
 - tir N0, arme: canon à plasmaI => chance 58(13),  miss
 - tir N0, arme: canon à plasmaI => chance 58(13),  hit, degat (1)
 - tir N0, arme: canon à plasmaI => chance 58(13),  hit, degat (1)
 - tir N0, arme: canon à plasmaI => chance 58(13),  miss
[F0_4 VS F157_0]  C4 , tir vaisseau N°0/3 (Torpilleur standard, race: 4) , attP: (x:62|y:1020|z:12) , cible: Supercroiseur standard, deffP: (x:62|y:1020|z:12), distance: 0
 - tir N0, arme: lance-torpilleI => chance 33(13),  miss
 - tir N0, arme: lance-torpilleI => chance 33(13),  miss
 - tir N0, arme: lance-torpilleI => chance 33(13),  miss
 - tir N0, arme: lance-torpilleI => chance 33(13),  miss
[F0_4 VS F157_0]  C4 , tir vaisseau N°0/25 (Destroyer standard, race: 4) , attP: (x:62|y:1020|z:12) , cible: Supercroiseur standard, deffP: (x:62|y:1020|z:12), distance: 0
 - tir N0, arme: laserI => chance 28(13),  miss
 - tir N0, arme: laserI => chance 28(13),  miss
 - tir N0, arme: laserI => chance 28(13),  miss
 - tir N0, arme: laserI => chance 28(13),  miss
 - tir N0, arme: laserI => chance 28(13),  miss
 - tir N0, arme: laserI => chance 28(13),  miss
 - tir N0, arme: laserI => chance 28(13),  miss
 - tir N0, arme: laserI => chance 28(13),  miss
 - tir N0, arme: laserI => chance 28(13),  hit, degat (1)
 - tir N0, arme: laserI => chance 28(13),  miss
 - tir N0, arme: canon à plasmaI => chance 58(13),  hit, degat (1)
 - tir N0, arme: canon à plasmaI => chance 59(14),  miss
 - tir N0, arme: canon à plasmaI => chance 59(14),  hit, degat (1)
 - tir N0, arme: canon à plasmaI => chance 59(14),  hit, degat (1)
 - tir N0, arme: canon à plasmaI => chance 59(14),  hit, degat (1)
 - tir N0, arme: canon à plasmaI => chance 59(14),  hit, degat (1)
 - tir N0, arme: canon à plasmaI => chance 59(14),  miss
 - tir N0, arme: canon à plasmaI => chance 59(14),  hit, degat (1)
 - tir N0, arme: canon à plasmaI => chance 59(14),  miss
 - tir N0, arme: canon à plasmaI => chance 59(14),  hit, degat (1)
[F0_4 VS F157_0]  C4 , tir vaisseau N°0/3 (Torpilleur standard, race: 4) , attP: (x:62|y:1020|z:12) , cible: Supercroiseur standard, deffP: (x:62|y:1020|z:12), distance: 0
 - tir N0, arme: lance-torpilleI => chance 33(13),  hit, degat (2)
 - tir N0, arme: lance-torpilleI => chance 33(13),  miss
 - tir N0, arme: lance-torpilleI => chance 33(13),  hit, degat (2)
 - tir N0, arme: lance-torpilleI => chance 33(13),  miss
[F0_4 VS F157_0]  C4 , tir vaisseau N°0/63 (Supercroiseur standard, race: 4) , attP: (x:62|y:1020|z:12) , cible: Supercroiseur standard, deffP: (x:62|y:1020|z:12), distance: 0
 - tir N0, arme: laserI => chance 28(13),  miss
 - tir N0, arme: laserI => chance 28(13),  hit, degat (1)
 - tir N0, arme: laserI => chance 28(13),  miss
 - tir N0, arme: laserI => chance 28(13),  miss
 - tir N0, arme: laserI => chance 28(13),  hit, degat (1)
 - tir N0, arme: laserI => chance 28(13),  hit, degat (1)
 - tir N0, arme: laserI => chance 28(13),  miss
 - tir N0, arme: laserI => chance 28(13),  hit, degat (1)
 - tir N0, arme: laserI => chance 28(13),  miss
 - tir N0, arme: laserI => chance 28(13),  miss
 - tir N0, arme: laserI => chance 28(13),  hit, degat (1)
 - tir N0, arme: laserI => chance 28(13),  hit, degat (1)
 - tir N0, arme: laserI => chance 28(13),  miss
 - tir N0, arme: laserI => chance 28(13),  miss
 - tir N0, arme: laserI => chance 28(13),  hit, degat (1)
 - tir N0, arme: laserI => chance 28(13),  hit, degat (1)
 - tir N0, arme: laserI => chance 28(13),  miss
 - tir N0, arme: laserI => chance 28(13),  miss
 - tir N0, arme: laserI => chance 28(13),  hit, degat (1)
 - tir N0, arme: laserI => chance 28(13),  miss
 - tir N0, arme: canon à plasmaI => chance 58(13),  miss
 - tir N0, arme: canon à plasmaI => chance 58(13),  miss
 - tir N0, arme: canon à plasmaI => chance 58(13),  miss
 - tir N0, arme: canon à plasmaI => chance 58(13),  hit, degat (1)
 - tir N0, arme: canon à plasmaI => chance 58(13),  hit, degat (1)
 - tir N0, arme: canon à plasmaI => chance 58(13),  miss
 - tir N0, arme: canon à plasmaI => chance 58(13),  miss
 - tir N0, arme: canon à plasmaI => chance 58(13),  hit, degat (1)
 - tir N0, arme: canon à plasmaI => chance 58(13),  hit, degat (1)
 - tir N0, arme: canon à plasmaI => chance 58(13),  miss
 - tir N0, arme: canon à plasmaI => chance 58(13),  miss
 - tir N0, arme: canon à plasmaI => chance 58(13),  hit, degat (1)
 - tir N0, arme: canon à plasmaI => chance 58(13),  hit, degat (1)
 - tir N0, arme: canon à plasmaI => chance 58(13),  miss
 - tir N0, arme: canon à plasmaI => chance 58(13),  miss
 - tir N0, arme: canon à plasmaI => chance 58(13),  hit, degat (1)
 - tir N0, arme: canon à plasmaI => chance 58(13),  hit, degat (1)
 - tir N0, arme: canon à plasmaI => chance 58(13),  miss
 - tir N0, arme: canon à plasmaI => chance 58(13),  hit, degat (1)
 - tir N0, arme: canon à plasmaI => chance 58(13),  hit, degat (1)
 - tir N0, arme: lance-torpilleI => chance 33(13),  miss
 - tir N0, arme: lance-torpilleI => chance 33(13),  miss
 - tir N0, arme: lance-torpilleI => chance 33(13),  hit, degat (2)
 - tir N0, arme: lance-torpilleI => chance 33(13),  miss
 - tir N0, arme: lance-torpilleI => chance 33(13),  hit, degat (2)
 - tir N0, arme: lance-torpilleI => chance 33(13),  hit, degat (2)
 - tir N0, arme: lance-torpilleI => chance 33(13),  hit, degat (2), cible detruire
[F0_4 VS F157_0]  C4 , tir vaisseau N°0/15 (Fregate standard, race: 4) , attP: (x:62|y:1020|z:12) 
[F0_4 VS F157_0]  C4 , tir vaisseau N°0/3 (Torpilleur standard, race: 4) , attP: (x:62|y:1020|z:12) 
[F0_4 VS F157_0]  C4 , tir vaisseau N°0/3 (Torpilleur standard, race: 4) , attP: (x:62|y:1020|z:12) 
[F0_4 VS F157_0]  C4 , tir vaisseau N°0/3 (Grand Bombardier standard, race: 4) , attP: (x:46|y:36|z:33) 
[F0_4 VS F157_0]  C4 , tir vaisseau N°0/3 (Grand Bombardier standard, race: 4) , attP: (x:8|y:36|z:40) 
[F0_4 VS F157_0]  C4 , tir vaisseau N°0/15 (Fregate standard, race: 4) , attP: (x:62|y:1020|z:12) 
[F0_4 VS F157_0]  C4 , tir vaisseau N°0/3 (Bombardier standard, race: 4) , attP: (x:76|y:6|z:10) 
[F0_4 VS F157_0]  C4 , tir vaisseau N°0/3 (Grand Bombardier standard, race: 4) , attP: (x:77|y:39|z:25) 
[F0_4 VS F157_0]  C4 , tir vaisseau N°0/3 (Grand Bombardier standard, race: 4) , attP: (x:1|y:37|z:43) 
[F0_4 VS F157_0]  C4 , tir vaisseau N°0/3 (Bombardier standard, race: 4) , attP: (x:6|y:39|z:30) 
[F0_4 VS F157_0]  C4 , tir vaisseau N°0/25 (Destroyer standard, race: 4) , attP: (x:62|y:1020|z:12) 
[F0_4 VS F157_0]  C4 , tir vaisseau N°0/3 (Bombardier standard, race: 4) , attP: (x:12|y:38|z:12) 
[F0_4 VS F157_0]  C4 , tir vaisseau N°0/3 (Torpilleur standard, race: 4) , attP: (x:62|y:1020|z:12) 
[F0_4 VS F157_0]  C4 , tir vaisseau N°0/3 (Bombardier standard, race: 4) , attP: (x:-24|y:1|z:-25) 
[F0_4 VS F157_0]  C4 , tir vaisseau N°0/3 (Bombardier standard, race: 4) , attP: (x:85|y:37|z:-34) 
[F0_4 VS F157_0]  C4 , tir vaisseau N°0/3 (Grand Bombardier standard, race: 4) , attP: (x:34|y:4|z:14) 
[F0_4 VS F157_0]  C4 , tir vaisseau N°0/3 (Bombardier standard, race: 4) , attP: (x:93|y:5|z:31) 
[F0_4 VS F157_0]  C4 , tir vaisseau N°0/3 (Grand Bombardier standard, race: 4) , attP: (x:52|y:38|z:98) 
[F0_4 VS F157_0]  C4 , tir vaisseau N°0/3 (Grand Bombardier standard, race: 4) , attP: (x:49|y:39|z:16) 
[F0_4 VS F157_0]  C0 , tir vaisseau N°0/63 (Supercroiseur standard, race: 0) , attP: (x:62|y:1020|z:12) 
[F0_4 VS F157_0]  C4 , tir vaisseau N°0/3 (Torpilleur standard, race: 4) , attP: (x:47|y:1020|z:7) 
[F0_4 VS F157_0]  C4 , tir vaisseau N°0/3 (Bombardier standard, race: 4) , attP: (x:16|y:9|z:-10) 
[F0_4 VS F157_0]  C4 , tir vaisseau N°0/3 (Grand Bombardier standard, race: 4) , attP: (x:46|y:40|z:29) 
[F0_4 VS F157_0]  C4 , tir vaisseau N°0/3 (Grand Bombardier standard, race: 4) , attP: (x:64|y:3|z:54) 
[F0_4 VS F157_0]  C4 , tir vaisseau N°0/3 (Grand Bombardier standard, race: 4) , attP: (x:-54|y:34|z:40) 
[F0_4 VS F157_0]  C4 , tir vaisseau N°0/3 (Bombardier standard, race: 4) , attP: (x:33|y:40|z:-52) 
FIN DE TOUR: F1  8, F2 : 131
RESOLUTION COMBAT [F5_2 VS F99_0] 
TOUR DE COMBAT 1
[F5_2 VS F99_0]  C2 , tir vaisseau N°0/3 (Chasseur standard, race: 0) , attP: (x:74|y:1020|z:-55) , cible: Bombardier standard, deffP: (x:74|y:1020|z:-55), distance: 0
 - tir N0, arme: laserI => chance 45(0),  miss
 - tir N0, arme: laserI => chance 45(0),  miss
 - tir N0, arme: laserI => chance 45(0),  miss
 - tir N0, arme: laserI => chance 45(0),  miss
[F5_2 VS F99_0]  C0 , tir vaisseau N°0/0 (Intercepteur standard, race: 5) , attP: (x:32|y:12|z:-6) , cible: Chasseur standard, deffP: (x:74|y:1020|z:-55), distance: 1 008
 - tir N0, arme: laserI - chance < 0 , exit
[F5_2 VS F99_0]  C2 , tir vaisseau N°0/0 (Intercepteur standard, race: 0) , attP: (x:74|y:1020|z:-55) , cible: Bombardier standard, deffP: (x:74|y:1020|z:-55), distance: 0
 - tir N0, arme: laserI => chance 45(0),  miss
[F5_2 VS F99_0]  C2 , tir vaisseau N°0/0 (Intercepteur standard, race: 0) , attP: (x:74|y:1020|z:-55) , cible: Bombardier standard, deffP: (x:74|y:1020|z:-55), distance: 0
 - tir N0, arme: laserI => chance 45(0),  miss
[F5_2 VS F99_0]  C0 , tir vaisseau N°0/3 (Bombardier standard, race: 5) , attP: (x:74|y:1020|z:-55) , cible: Chasseur standard, deffP: (x:74|y:1020|z:-55), distance: 0
 - pas darmes valides
FIN DE TOUR: F1  0, F2 : 0
TOUR DE COMBAT 2
[F5_2 VS F99_0]  C2 , tir vaisseau N°0/3 (Chasseur standard, race: 0) , attP: (x:46|y:1020|z:-11) , cible: Bombardier standard, deffP: (x:46|y:1020|z:-11), distance: 0
 - tir N0, arme: laserI => chance 45(0),  hit, degat (1)
 - tir N0, arme: laserI => chance 45(0),  miss
 - tir N0, arme: laserI => chance 45(0),  hit, degat (1)
 - tir N0, arme: laserI => chance 45(0),  hit, degat (1)
[F5_2 VS F99_0]  C2 , tir vaisseau N°0/0 (Intercepteur standard, race: 0) , attP: (x:46|y:1020|z:-11) , cible: Bombardier standard, deffP: (x:46|y:1020|z:-11), distance: 0
 - tir N0, arme: laserI => chance 45(0),  miss
[F5_2 VS F99_0]  C0 , tir vaisseau N°0/0 (Intercepteur standard, race: 5) , attP: (x:74|y:1020|z:-55) , cible: Chasseur standard, deffP: (x:46|y:1020|z:-11), distance: 44
 - tir N0, arme: laserI - chance < 0 , exit
[F5_2 VS F99_0]  C2 , tir vaisseau N°0/0 (Intercepteur standard, race: 0) , attP: (x:46|y:1020|z:-11) , cible: Bombardier standard, deffP: (x:46|y:1020|z:-11), distance: 0
 - tir N0, arme: laserI => chance 45(0),  miss
[F5_2 VS F99_0]  C0 , tir vaisseau N°0/3 (Bombardier standard, race: 5) , attP: (x:46|y:1020|z:-11) , cible: Intercepteur standard, deffP: (x:46|y:1020|z:-11), distance: 0
 - pas darmes valides
FIN DE TOUR: F1  0, F2 : 3
TOUR DE COMBAT 3
[F5_2 VS F99_0]  C0 , tir vaisseau N°0/0 (Intercepteur standard, race: 5) , attP: (x:49|y:1020|z:50) , cible: Chasseur standard, deffP: (x:6|y:1020|z:50), distance: 43
 - tir N0, arme: laserI - chance < 0 , exit
[F5_2 VS F99_0]  C2 , tir vaisseau N°0/3 (Chasseur standard, race: 0) , attP: (x:6|y:1020|z:50) , cible: Bombardier standard, deffP: (x:6|y:1020|z:50), distance: 0
 - tir N0, arme: laserI => chance 45(0),  miss
 - tir N0, arme: laserI => chance 45(0),  hit, degat (1)
 - tir N0, arme: laserI => chance 45(0),  hit, degat (1), cible detruire
[F5_2 VS F99_0]  C2 , tir vaisseau N°0/0 (Intercepteur standard, race: 0) , attP: (x:74|y:1020|z:-55) , cible: Intercepteur standard, deffP: (x:49|y:1020|z:50), distance: 105
 - tir N0, arme: laserI - chance < 0 , exit
[F5_2 VS F99_0]  C2 , tir vaisseau N°0/0 (Intercepteur standard, race: 0) , attP: (x:6|y:1020|z:50) 
[F5_2 VS F99_0]  C0 , tir vaisseau N°0/3 (Bombardier standard, race: 5) , attP: (x:6|y:1020|z:50) 
FIN DE TOUR: F1  0, F2 : 5
TOUR DE COMBAT 4
[F5_2 VS F99_0]  C2 , tir vaisseau N°0/3 (Chasseur standard, race: 0) , attP: (x:20|y:1020|z:60) , cible: Intercepteur standard, deffP: (x:22|y:1020|z:60), distance: 2
 - tir N0, arme: laserI => chance 39(0),  miss
 - tir N0, arme: laserI => chance 39(0),  hit, degat (1)
 - tir N0, arme: laserI => chance 39(0),  miss
 - tir N0, arme: laserI => chance 39(0),  hit, degat (1), cible detruire
[F5_2 VS F99_0]  C0 , tir vaisseau N°0/0 (Intercepteur standard, race: 5) , attP: (x:22|y:1020|z:60) 
[F5_2 VS F99_0]  C2 , tir vaisseau N°0/0 (Intercepteur standard, race: 0) , attP: (x:6|y:1020|z:50) pas de cible
[F5_2 VS F99_0]  C2 , tir vaisseau N°0/0 (Intercepteur standard, race: 0) , attP: (x:49|y:1020|z:50) 
FIN DE TOUR: F1  0, F2 : 7
RESOLUTION COMBAT [F0_3 VS F56_0] 
TOUR DE COMBAT 1
[F0_3 VS F56_0]  C3 , tir vaisseau N°0/3 (Chasseur standard, race: 3) , attP: (x:17|y:11|z:7) , cible: Fregate standard, deffP: (x:17|y:11|z:8), distance: 1
 - tir N0, arme: laserI => chance 30(8),  hit, shielded (2)
 - tir N0, arme: laserI => chance 30(8),  miss
 - tir N0, arme: laserI => chance 30(8),  miss
 - tir N0, arme: laserI => chance 30(8),  miss
[F0_3 VS F56_0]  C3 , tir vaisseau N°0/3 (Chasseur standard, race: 3) , attP: (x:14|y:11|z:8) , cible: Intercepteur standard, deffP: (x:14|y:11|z:8), distance: 0
 - tir N0, arme: laserI => chance 58(8),  hit, degat (1)
 - tir N0, arme: laserI => chance 58(8),  miss
 - tir N0, arme: laserI => chance 58(8),  hit, degat (1), cible detruire
[F0_3 VS F56_0]  C3 , tir vaisseau N°0/3 (Chasseur standard, race: 3) , attP: (x:16|y:17|z:2) , cible: Intercepteur standard, deffP: (x:16|y:22|z:2), distance: 5
 - tir N0, arme: laserI => chance 30(8),  miss
 - tir N0, arme: laserI => chance 30(8),  hit, degat (1)
 - tir N0, arme: laserI => chance 30(8),  miss
 - tir N0, arme: laserI => chance 30(8),  hit, degat (1), cible detruire
[F0_3 VS F56_0]  C3 , tir vaisseau N°0/3 (Chasseur standard, race: 3) , attP: (x:2|y:18|z:1) , cible: Croiseur standard, deffP: (x:2|y:18|z:1), distance: 0
 - tir N0, arme: laserI => chance 23(8),  hit, shielded (2)
 - tir N0, arme: laserI => chance 23(8),  miss
 - tir N0, arme: laserI => chance 23(8),  miss
 - tir N0, arme: laserI => chance 23(8),  miss
[F0_3 VS F56_0]  C3 , tir vaisseau N°0/3 (Chasseur standard, race: 3) , attP: (x:17|y:11|z:8) , cible: Fregate standard, deffP: (x:17|y:11|z:8), distance: 0
 - tir N0, arme: laserI => chance 33(8),  miss
 - tir N0, arme: laserI => chance 33(8),  miss
 - tir N0, arme: laserI => chance 33(8),  hit, shielded (2)
 - tir N0, arme: laserI => chance 33(8),  miss
[F0_3 VS F56_0]  C3 , tir vaisseau N°0/0 (Intercepteur standard, race: 3) , attP: (x:2|y:14|z:1) , cible: Croiseur standard, deffP: (x:2|y:18|z:1), distance: 4
 - tir N0, arme: laserI => chance 16(8),  miss
[F0_3 VS F56_0]  C3 , tir vaisseau N°0/3 (Chasseur standard, race: 3) , attP: (x:16|y:21|z:2) 
[F0_3 VS F56_0]  C3 , tir vaisseau N°0/0 (Intercepteur standard, race: 3) , attP: (x:4|y:22|z:1) , cible: Croiseur standard, deffP: (x:2|y:18|z:1), distance: 4
 - tir N0, arme: laserI => chance 16(8),  miss
[F0_3 VS F56_0]  C3 , tir vaisseau N°0/25 (Destroyer standard, race: 3) , attP: (x:35|y:12|z:1) , cible: Croiseur standard, deffP: (x:2|y:18|z:1), distance: 33
 - tir N0, arme: laserI - chance < 0 , exit
 - tir N1, arme: laserI - chance < 0 , exit
 - tir N2, arme: laserI - chance < 0 , exit
 - tir N3, arme: laserI - chance < 0 , exit
 - tir N4, arme: laserI - chance < 0 , exit
 - tir N5, arme: laserI - chance < 0 , exit
 - tir N6, arme: laserI - chance < 0 , exit
 - tir N7, arme: laserI - chance < 0 , exit
 - tir N8, arme: laserI - chance < 0 , exit
 - tir N9, arme: laserI - chance < 0 , exit
 - tir N10, arme: canon à plasmaI - chance < 0 , exit
 - tir N11, arme: canon à plasmaI - chance < 0 , exit
 - tir N12, arme: canon à plasmaI - chance < 0 , exit
 - tir N13, arme: canon à plasmaI - chance < 0 , exit
 - tir N14, arme: canon à plasmaI - chance < 0 , exit
 - tir N15, arme: canon à plasmaI - chance < 0 , exit
 - tir N16, arme: canon à plasmaI - chance < 0 , exit
 - tir N17, arme: canon à plasmaI - chance < 0 , exit
 - tir N18, arme: canon à plasmaI - chance < 0 , exit
 - tir N19, arme: canon à plasmaI - chance < 0 , exit
[F0_3 VS F56_0]  C3 , tir vaisseau N°0/0 (Intercepteur standard, race: 3) , attP: (x:2|y:18|z:1) , cible: Croiseur standard, deffP: (x:2|y:18|z:1), distance: 0
 - tir N0, arme: laserI => chance 23(8),  hit, shielded (2)
[F0_3 VS F56_0]  C0 , tir vaisseau N°0/0 (Intercepteur standard, race: 6) , attP: (x:16|y:22|z:2) 
[F0_3 VS F56_0]  C3 , tir vaisseau N°0/25 (Destroyer standard, race: 3) , attP: (x:6|y:14|z:1) , cible: Croiseur standard, deffP: (x:2|y:18|z:1), distance: 4
 - tir N0, arme: laserI => chance 16(8),  miss
 - tir N0, arme: laserI => chance 16(8),  miss
 - tir N0, arme: laserI => chance 16(8),  miss
 - tir N0, arme: laserI => chance 16(8),  miss
 - tir N0, arme: laserI => chance 16(8),  miss
 - tir N0, arme: laserI => chance 16(8),  miss
 - tir N0, arme: laserI => chance 16(8),  miss
 - tir N0, arme: laserI => chance 16(8),  miss
 - tir N0, arme: laserI => chance 16(8),  hit, shielded (2)
 - tir N0, arme: laserI => chance 16(8),  miss
 - tir N0, arme: canon à plasmaI => chance 39(8),  hit, shielded (1)
 - tir N0, arme: canon à plasmaI => chance 39(8),  miss
 - tir N0, arme: canon à plasmaI => chance 39(8),  miss
 - tir N0, arme: canon à plasmaI => chance 39(8),  miss
 - tir N0, arme: canon à plasmaI => chance 39(8),  miss
 - tir N0, arme: canon à plasmaI => chance 39(8),  hit, shielded (1)
 - tir N0, arme: canon à plasmaI => chance 39(8),  miss
 - tir N0, arme: canon à plasmaI => chance 39(8),  miss
 - tir N0, arme: canon à plasmaI => chance 39(8),  miss
 - tir N0, arme: canon à plasmaI => chance 39(8),  miss
[F0_3 VS F56_0]  C0 , tir vaisseau N°0/0 (Intercepteur standard, race: 6) , attP: (x:-2|y:33|z:0) , cible: Croiseur standard, deffP: (x:-2|y:33|z:0), distance: 0
 - tir N0, arme: laserI => chance 112(97),  hit, shielded (2)
[F0_3 VS F56_0]  C3 , tir vaisseau N°0/0 (Intercepteur standard, race: 3) , attP: (x:2|y:18|z:1) , cible: Croiseur standard, deffP: (x:2|y:18|z:1), distance: 0
 - tir N0, arme: laserI => chance 23(8),  miss
[F0_3 VS F56_0]  C3 , tir vaisseau N°0/25 (Destroyer standard, race: 3) , attP: (x:16|y:22|z:2) 
[F0_3 VS F56_0]  C3 , tir vaisseau N°0/25 (Destroyer standard, race: 3) , attP: (x:37|y:19|z:1) , cible: Supercroiseur standard, deffP: (x:2|y:19|z:1), distance: 35
 - tir N0, arme: laserI - chance < 0 , exit
 - tir N1, arme: laserI - chance < 0 , exit
 - tir N2, arme: laserI - chance < 0 , exit
 - tir N3, arme: laserI - chance < 0 , exit
 - tir N4, arme: laserI - chance < 0 , exit
 - tir N5, arme: laserI - chance < 0 , exit
 - tir N6, arme: laserI - chance < 0 , exit
 - tir N7, arme: laserI - chance < 0 , exit
 - tir N8, arme: laserI - chance < 0 , exit
 - tir N9, arme: laserI - chance < 0 , exit
 - tir N10, arme: canon à plasmaI - chance < 0 , exit
 - tir N11, arme: canon à plasmaI - chance < 0 , exit
 - tir N12, arme: canon à plasmaI - chance < 0 , exit
 - tir N13, arme: canon à plasmaI - chance < 0 , exit
 - tir N14, arme: canon à plasmaI - chance < 0 , exit
 - tir N15, arme: canon à plasmaI - chance < 0 , exit
 - tir N16, arme: canon à plasmaI - chance < 0 , exit
 - tir N17, arme: canon à plasmaI - chance < 0 , exit
 - tir N18, arme: canon à plasmaI - chance < 0 , exit
 - tir N19, arme: canon à plasmaI - chance < 0 , exit
[F0_3 VS F56_0]  C3 , tir vaisseau N°0/15 (Fregate standard, race: 3) , attP: (x:25|y:17|z:8) , cible: Fregate standard, deffP: (x:17|y:17|z:8), distance: 8
 - tir N0, arme: canon à plasmaI => chance 26(8),  hit, shielded (1)
 - tir N0, arme: canon à plasmaI => chance 26(8),  miss
 - tir N0, arme: canon à plasmaI => chance 26(8),  miss
 - tir N0, arme: canon à plasmaI => chance 26(8),  hit, shielded (1)
 - tir N0, arme: canon à plasmaI => chance 26(8),  miss
 - tir N0, arme: canon à plasmaI => chance 26(8),  miss
 - tir N0, arme: canon à plasmaI => chance 26(8),  miss
 - tir N0, arme: canon à plasmaI => chance 26(8),  miss
[F0_3 VS F56_0]  C3 , tir vaisseau N°0/15 (Fregate standard, race: 3) , attP: (x:9|y:11|z:1) , cible: Croiseur standard, deffP: (x:2|y:18|z:1), distance: 7
 - tir N0, arme: canon à plasmaI => chance 29(8),  miss
 - tir N0, arme: canon à plasmaI => chance 29(8),  hit, shielded (1)
 - tir N0, arme: canon à plasmaI => chance 29(8),  miss
 - tir N0, arme: canon à plasmaI => chance 29(8),  hit, shielded (1)
 - tir N0, arme: canon à plasmaI => chance 29(8),  hit, shielded (1)
 - tir N0, arme: canon à plasmaI => chance 29(8),  hit, shielded (1)
 - tir N0, arme: canon à plasmaI => chance 29(8),  miss
 - tir N0, arme: canon à plasmaI => chance 29(8),  miss
 - tir N0, arme: canon à plasmaI => chance 29(8),  miss
 - tir N0, arme: canon à plasmaI => chance 29(8),  hit, shielded (1)
[F0_3 VS F56_0]  C0 , tir vaisseau N°0/0 (Intercepteur standard, race: 6) , attP: (x:14|y:11|z:8) 
[F0_3 VS F56_0]  C3 , tir vaisseau N°0/15 (Fregate standard, race: 3) , attP: (x:17|y:11|z:8) , cible: Fregate standard, deffP: (x:17|y:11|z:8), distance: 0
 - tir N0, arme: canon à plasmaI => chance 53(8),  hit, shielded (1)
 - tir N0, arme: canon à plasmaI => chance 53(8),  hit, shielded (1)
 - tir N0, arme: canon à plasmaI => chance 53(8),  hit, shielded (1)
 - tir N0, arme: canon à plasmaI => chance 53(8),  miss
 - tir N0, arme: canon à plasmaI => chance 53(8),  hit, shielded (1)
 - tir N0, arme: canon à plasmaI => chance 53(8),  hit, shielded (1)
 - tir N0, arme: canon à plasmaI => chance 53(8),  miss
 - tir N0, arme: canon à plasmaI => chance 53(8),  miss
 - tir N0, arme: canon à plasmaI => chance 53(8),  miss
 - tir N0, arme: canon à plasmaI => chance 53(8),  miss
[F0_3 VS F56_0]  C3 , tir vaisseau N°0/3 (Torpilleur standard, race: 3) , attP: (x:17|y:11|z:8) , cible: Fregate standard, deffP: (x:17|y:11|z:8), distance: 0
 - tir N0, arme: lance-torpilleI => chance 18(8),  miss
 - tir N0, arme: lance-torpilleI => chance 18(8),  miss
 - tir N0, arme: lance-torpilleI => chance 18(8),  hit, shielded (1)
 - tir N0, arme: lance-torpilleI => chance 18(8),  miss
[F0_3 VS F56_0]  C3 , tir vaisseau N°0/3 (Torpilleur standard, race: 3) , attP: (x:16|y:11|z:8) , cible: Fregate standard, deffP: (x:17|y:11|z:8), distance: 1
 - tir N0, arme: lance-torpilleI => chance 17(8),  miss
 - tir N0, arme: lance-torpilleI => chance 17(8),  miss
 - tir N0, arme: lance-torpilleI => chance 17(8),  miss
 - tir N0, arme: lance-torpilleI => chance 17(8),  miss
[F0_3 VS F56_0]  C3 , tir vaisseau N°0/3 (Torpilleur standard, race: 3) , attP: (x:17|y:11|z:8) , cible: Fregate standard, deffP: (x:17|y:11|z:8), distance: 0
 - tir N0, arme: lance-torpilleI => chance 18(8),  miss
 - tir N0, arme: lance-torpilleI => chance 18(8),  miss
 - tir N0, arme: lance-torpilleI => chance 18(8),  hit, degat (2)
 - tir N0, arme: lance-torpilleI => chance 18(8),  miss
[F0_3 VS F56_0]  C3 , tir vaisseau N°0/3 (Torpilleur standard, race: 3) , attP: (x:16|y:23|z:2) 
[F0_3 VS F56_0]  C0 , tir vaisseau N°0/15 (Fregate standard, race: 6) , attP: (x:17|y:11|z:8) , cible: Destroyer standard, deffP: (x:16|y:22|z:2), distance: 11
 - tir N0, arme: canon à plasmaI => chance 106(97),  hit, shielded (1)
 - tir N0, arme: canon à plasmaI => chance 106(97),  hit, shielded (1)
 - tir N0, arme: canon à plasmaI => chance 106(97),  hit, shielded (1)
 - tir N0, arme: canon à plasmaI => chance 106(97),  hit, shielded (1)
 - tir N0, arme: canon à plasmaI => chance 106(97),  hit, shielded (1)
 - tir N0, arme: canon à plasmaI => chance 106(97),  hit, shielded (1)
 - tir N0, arme: canon à plasmaI => chance 106(97),  hit, shielded (1)
 - tir N0, arme: canon à plasmaI => chance 106(97),  hit, shielded (1)
 - tir N0, arme: canon à plasmaI => chance 106(97),  hit, shielded (1)
 - tir N0, arme: canon à plasmaI => chance 106(97),  hit, shielded (1)
[F0_3 VS F56_0]  C3 , tir vaisseau N°0/63 (Croiseur standard, race: 3) , attP: (x:-1|y:15|z:2) 
[F0_3 VS F56_0]  C3 , tir vaisseau N°0/63 (Supercroiseur standard, race: 3) , attP: (x:32|y:29|z:1) , cible: Croiseur standard, deffP: (x:2|y:18|z:1), distance: 30
 - tir N0, arme: laserI - chance < 0 , exit
 - tir N1, arme: laserI - chance < 0 , exit
 - tir N2, arme: laserI - chance < 0 , exit
 - tir N3, arme: laserI - chance < 0 , exit
 - tir N4, arme: laserI - chance < 0 , exit
 - tir N5, arme: laserI - chance < 0 , exit
 - tir N6, arme: laserI - chance < 0 , exit
 - tir N7, arme: laserI - chance < 0 , exit
 - tir N8, arme: laserI - chance < 0 , exit
 - tir N9, arme: laserI - chance < 0 , exit
 - tir N10, arme: laserI - chance < 0 , exit
 - tir N11, arme: laserI - chance < 0 , exit
 - tir N12, arme: laserI - chance < 0 , exit
 - tir N13, arme: laserI - chance < 0 , exit
 - tir N14, arme: laserI - chance < 0 , exit
 - tir N15, arme: laserI - chance < 0 , exit
 - tir N16, arme: laserI - chance < 0 , exit
 - tir N17, arme: laserI - chance < 0 , exit
 - tir N18, arme: laserI - chance < 0 , exit
 - tir N19, arme: laserI - chance < 0 , exit
 - tir N20, arme: canon à plasmaI - chance < 0 , exit
 - tir N21, arme: canon à plasmaI - chance < 0 , exit
 - tir N22, arme: canon à plasmaI - chance < 0 , exit
 - tir N23, arme: canon à plasmaI - chance < 0 , exit
 - tir N24, arme: canon à plasmaI - chance < 0 , exit
 - tir N25, arme: canon à plasmaI - chance < 0 , exit
 - tir N26, arme: canon à plasmaI - chance < 0 , exit
 - tir N27, arme: canon à plasmaI - chance < 0 , exit
 - tir N28, arme: canon à plasmaI - chance < 0 , exit
 - tir N29, arme: canon à plasmaI - chance < 0 , exit
 - tir N30, arme: canon à plasmaI - chance < 0 , exit
 - tir N31, arme: canon à plasmaI - chance < 0 , exit
 - tir N32, arme: canon à plasmaI - chance < 0 , exit
 - tir N33, arme: canon à plasmaI - chance < 0 , exit
 - tir N34, arme: canon à plasmaI - chance < 0 , exit
 - tir N35, arme: canon à plasmaI - chance < 0 , exit
 - tir N36, arme: canon à plasmaI - chance < 0 , exit
 - tir N37, arme: canon à plasmaI - chance < 0 , exit
 - tir N38, arme: canon à plasmaI - chance < 0 , exit
 - tir N39, arme: canon à plasmaI - chance < 0 , exit
 - tir N40, arme: lance-torpilleI - chance < 0 , exit
 - tir N41, arme: lance-torpilleI - chance < 0 , exit
 - tir N42, arme: lance-torpilleI - chance < 0 , exit
 - tir N43, arme: lance-torpilleI - chance < 0 , exit
 - tir N44, arme: lance-torpilleI - chance < 0 , exit
 - tir N45, arme: lance-torpilleI - chance < 0 , exit
 - tir N46, arme: lance-torpilleI - chance < 0 , exit
 - tir N47, arme: lance-torpilleI - chance < 0 , exit
 - tir N48, arme: lance-torpilleI - chance < 0 , exit
 - tir N49, arme: lance-torpilleI - chance < 0 , exit
 - tir N50, arme: lance-torpilleI - chance < 0 , exit
 - tir N51, arme: lance-torpilleI - chance < 0 , exit
 - tir N52, arme: lance-torpilleI - chance < 0 , exit
 - tir N53, arme: lance-torpilleI - chance < 0 , exit
 - tir N54, arme: lance-torpilleI - chance < 0 , exit
 - tir N55, arme: lance-torpilleI - chance < 0 , exit
 - tir N56, arme: lance-torpilleI - chance < 0 , exit
 - tir N57, arme: lance-torpilleI - chance < 0 , exit
 - tir N58, arme: lance-torpilleI - chance < 0 , exit
 - tir N59, arme: lance-torpilleI - chance < 0 , exit
[F0_3 VS F56_0]  C0 , tir vaisseau N°0/15 (Fregate standard, race: 6) , attP: (x:17|y:17|z:8) , cible: Destroyer standard, deffP: (x:16|y:22|z:2), distance: 6
 - tir N0, arme: canon à plasmaI => chance 124(97),  hit, degat (1)
 - tir N0, arme: canon à plasmaI => chance 124(97),  hit, degat (1)
 - tir N0, arme: canon à plasmaI => chance 124(97),  hit, degat (1)
 - tir N0, arme: canon à plasmaI => chance 124(97),  hit, degat (1)
 - tir N0, arme: canon à plasmaI => chance 124(97),  hit, degat (1)
 - tir N0, arme: canon à plasmaI => chance 124(97),  hit, degat (1)
 - tir N0, arme: canon à plasmaI => chance 124(97),  hit, degat (1)
 - tir N0, arme: canon à plasmaI => chance 124(97),  hit, degat (1)
 - tir N0, arme: canon à plasmaI => chance 124(97),  hit, degat (1)
 - tir N0, arme: canon à plasmaI => chance 124(97),  hit, degat (1)
[F0_3 VS F56_0]  C3 , tir vaisseau N°0/15 (Fregate standard, race: 3) , attP: (x:5|y:25|z:1) , cible: Croiseur standard, deffP: (x:2|y:18|z:1), distance: 7
 - tir N0, arme: canon à plasmaI => chance 29(8),  miss
 - tir N0, arme: canon à plasmaI => chance 29(8),  miss
 - tir N0, arme: canon à plasmaI => chance 29(8),  miss
 - tir N0, arme: canon à plasmaI => chance 29(8),  miss
 - tir N0, arme: canon à plasmaI => chance 29(8),  miss
 - tir N0, arme: canon à plasmaI => chance 29(8),  miss
 - tir N0, arme: canon à plasmaI => chance 29(8),  miss
 - tir N0, arme: canon à plasmaI => chance 29(8),  miss
 - tir N0, arme: canon à plasmaI => chance 29(8),  hit, shielded (1)
 - tir N0, arme: canon à plasmaI => chance 29(8),  miss
[F0_3 VS F56_0]  C3 , tir vaisseau N°0/3 (Torpilleur standard, race: 3) , attP: (x:2|y:16|z:1) , cible: Supercroiseur standard, deffP: (x:2|y:19|z:1), distance: 3
 - tir N0, arme: lance-torpilleI => chance 25(8),  miss
 - tir N0, arme: lance-torpilleI => chance 25(8),  miss
 - tir N0, arme: lance-torpilleI => chance 25(8),  miss
 - tir N0, arme: lance-torpilleI => chance 25(8),  hit, shielded (1)
[F0_3 VS F56_0]  C0 , tir vaisseau N°0/63 (Croiseur standard, race: 6) , attP: (x:2|y:18|z:1) , cible: Croiseur standard, deffP: (x:-1|y:15|z:2), distance: 3
 - tir N0, arme: canon à plasmaI => chance 132(97),  hit, shielded (1)
 - tir N0, arme: canon à plasmaI => chance 132(97),  hit, shielded (1)
 - tir N0, arme: canon à plasmaI => chance 132(97),  hit, shielded (1)
 - tir N0, arme: canon à plasmaI => chance 132(97),  hit, shielded (1)
 - tir N0, arme: canon à plasmaI => chance 132(97),  hit, shielded (1)
 - tir N0, arme: canon à plasmaI => chance 132(97),  hit, shielded (1)
 - tir N0, arme: canon à plasmaI => chance 132(97),  hit, shielded (1)
 - tir N0, arme: canon à plasmaI => chance 132(97),  hit, shielded (1)
 - tir N0, arme: canon à plasmaI => chance 132(97),  hit, shielded (1)
 - tir N0, arme: canon à plasmaI => chance 132(97),  hit, shielded (1)
 - tir N0, arme: missileI => chance 129(97),  hit, shielded (0)
 - tir N0, arme: missileI => chance 129(97),  hit, shielded (0)
 - tir N0, arme: missileI => chance 129(97),  hit, shielded (0)
 - tir N0, arme: missileI => chance 129(97),  hit, shielded (0)
 - tir N0, arme: missileI => chance 129(97),  hit, shielded (0)
 - tir N0, arme: missileI => chance 129(97),  hit, shielded (0)
 - tir N0, arme: missileI => chance 129(97),  hit, shielded (0)
 - tir N0, arme: missileI => chance 129(97),  hit, shielded (0)
 - tir N0, arme: missileI => chance 129(97),  hit, shielded (0)
 - tir N0, arme: missileI => chance 129(97),  hit, shielded (0)
 - tir N0, arme: lance-torpilleI => chance 114(97),  hit, shielded (1)
 - tir N0, arme: lance-torpilleI => chance 114(97),  hit, shielded (1)
 - tir N0, arme: lance-torpilleI => chance 114(97),  hit, shielded (1)
 - tir N0, arme: lance-torpilleI => chance 114(97),  hit, shielded (1)
 - tir N0, arme: lance-torpilleI => chance 114(97),  hit, shielded (1)
 - tir N0, arme: lance-torpilleI => chance 114(97),  hit, shielded (1)
 - tir N0, arme: lance-torpilleI => chance 114(97),  hit, shielded (1)
 - tir N0, arme: lance-torpilleI => chance 114(97),  hit, shielded (1)
 - tir N0, arme: lance-torpilleI => chance 114(97),  hit, shielded (1)
 - tir N0, arme: lance-torpilleI => chance 114(97),  hit, shielded (1)
[F0_3 VS F56_0]  C0 , tir vaisseau N°0/63 (Supercroiseur standard, race: 6) , attP: (x:2|y:19|z:1) , cible: Croiseur standard, deffP: (x:-1|y:15|z:2), distance: 4
 - tir N0, arme: laserI => chance 105(97),  hit, degat (1)
 - tir N0, arme: laserI => chance 105(97),  hit, degat (1)
 - tir N0, arme: laserI => chance 105(97),  hit, degat (1)
 - tir N0, arme: laserI => chance 105(97),  hit, degat (1)
 - tir N0, arme: laserI => chance 105(97),  hit, degat (1)
 - tir N0, arme: laserI => chance 105(97),  hit, degat (1)
 - tir N0, arme: laserI => chance 105(97),  hit, degat (1)
 - tir N0, arme: laserI => chance 105(97),  hit, degat (1)
 - tir N0, arme: laserI => chance 105(97),  hit, degat (1)
 - tir N0, arme: laserI => chance 105(97),  hit, degat (1)
 - tir N0, arme: laserI => chance 105(97),  hit, degat (1)
 - tir N0, arme: laserI => chance 105(97),  hit, degat (1)
 - tir N0, arme: laserI => chance 105(97),  hit, degat (1)
 - tir N0, arme: laserI => chance 105(97),  hit, degat (1)
 - tir N0, arme: laserI => chance 105(97),  hit, degat (1)
 - tir N0, arme: laserI => chance 105(97),  hit, degat (1)
 - tir N0, arme: laserI => chance 105(97),  hit, degat (1)
 - tir N0, arme: laserI => chance 105(97),  hit, degat (1)
 - tir N0, arme: laserI => chance 105(97),  hit, degat (1)
 - tir N0, arme: laserI => chance 105(97),  hit, degat (1)
 - tir N0, arme: canon à plasmaI => chance 128(97),  hit, degat (1)
 - tir N0, arme: canon à plasmaI => chance 128(97),  hit, degat (1)
 - tir N0, arme: canon à plasmaI => chance 128(97),  hit, degat (1)
 - tir N0, arme: canon à plasmaI => chance 128(97),  hit, degat (1)
 - tir N0, arme: canon à plasmaI => chance 128(97),  hit, degat (1)
 - tir N0, arme: canon à plasmaI => chance 127(96),  hit, degat (1)
 - tir N0, arme: canon à plasmaI => chance 127(96),  hit, degat (1)
 - tir N0, arme: canon à plasmaI => chance 127(96),  hit, degat (1)
 - tir N0, arme: canon à plasmaI => chance 127(96),  hit, degat (1)
 - tir N0, arme: canon à plasmaI => chance 127(96),  hit, degat (1)
 - tir N0, arme: canon à plasmaI => chance 127(96),  hit, degat (1)
 - tir N0, arme: canon à plasmaI => chance 127(96),  hit, degat (1)
 - tir N0, arme: canon à plasmaI => chance 127(96),  hit, degat (1)
 - tir N0, arme: canon à plasmaI => chance 127(96),  hit, degat (1)
 - tir N0, arme: canon à plasmaI => chance 127(96),  hit, degat (1)
 - tir N0, arme: canon à plasmaI => chance 127(96),  hit, degat (1)
 - tir N0, arme: canon à plasmaI => chance 127(96),  hit, degat (1)
 - tir N0, arme: canon à plasmaI => chance 127(96),  hit, degat (1)
 - tir N0, arme: canon à plasmaI => chance 127(96),  hit, degat (1)
 - tir N0, arme: canon à plasmaI => chance 127(96),  hit, degat (1)
 - tir N0, arme: lance-torpilleI => chance 112(96),  hit, degat (2)
 - tir N0, arme: lance-torpilleI => chance 112(96),  hit, degat (2)
 - tir N0, arme: lance-torpilleI => chance 112(96),  hit, degat (2)
 - tir N0, arme: lance-torpilleI => chance 112(96),  hit, degat (2)
 - tir N0, arme: lance-torpilleI => chance 112(96),  hit, degat (2)
 - tir N0, arme: lance-torpilleI => chance 112(96),  hit, degat (2)
 - tir N0, arme: lance-torpilleI => chance 112(96),  hit, degat (2)
 - tir N0, arme: lance-torpilleI => chance 112(96),  hit, degat (2)
 - tir N0, arme: lance-torpilleI => chance 112(96),  hit, degat (2)
 - tir N0, arme: lance-torpilleI => chance 112(96),  hit, degat (2)
 - tir N0, arme: lance-torpilleI => chance 112(96),  hit, degat (2)
 - tir N0, arme: lance-torpilleI => chance 112(96),  hit, degat (2)
 - tir N0, arme: lance-torpilleI => chance 112(96),  hit, degat (2)
 - tir N0, arme: lance-torpilleI => chance 112(96),  hit, degat (2)
 - tir N0, arme: lance-torpilleI => chance 112(96),  hit, degat (2)
 - tir N0, arme: lance-torpilleI => chance 112(96),  hit, degat (2), cible detruire
[F0_3 VS F56_0]  C3 , tir vaisseau N°0/3 (Torpilleur standard, race: 3) , attP: (x:39|y:23|z:5) , cible: Supercroiseur standard, deffP: (x:2|y:19|z:1), distance: 37
 - tir N0, arme: lance-torpilleI - chance < 0 , exit
 - tir N1, arme: lance-torpilleI - chance < 0 , exit
 - tir N2, arme: lance-torpilleI - chance < 0 , exit
 - tir N3, arme: lance-torpilleI - chance < 0 , exit
[F0_3 VS F56_0]  C0 , tir vaisseau N°0/63 (Croiseur standard, race: 6) , attP: (x:2|y:1|z:1) 
[F0_3 VS F56_0]  C3 , tir vaisseau N°0/3 (Torpilleur standard, race: 3) , attP: (x:26|y:26|z:6) , cible: Fregate standard, deffP: (x:17|y:17|z:8), distance: 9
 - tir N0, arme: lance-torpilleI => chance 14(8),  miss
 - tir N0, arme: lance-torpilleI => chance 14(8),  miss
 - tir N0, arme: lance-torpilleI => chance 14(8),  miss
 - tir N0, arme: lance-torpilleI => chance 14(8),  miss
[F0_3 VS F56_0]  C3 , tir vaisseau N°0/63 (Croiseur standard, race: 3) , attP: (x:-2|y:33|z:0) , cible: Croiseur standard, deffP: (x:2|y:18|z:1), distance: 15
 - tir N0, arme: canon à plasmaI - chance < 0 , exit
 - tir N1, arme: canon à plasmaI - chance < 0 , exit
 - tir N2, arme: canon à plasmaI - chance < 0 , exit
 - tir N3, arme: canon à plasmaI - chance < 0 , exit
 - tir N4, arme: canon à plasmaI - chance < 0 , exit
 - tir N5, arme: canon à plasmaI - chance < 0 , exit
 - tir N6, arme: canon à plasmaI - chance < 0 , exit
 - tir N7, arme: canon à plasmaI - chance < 0 , exit
 - tir N8, arme: canon à plasmaI - chance < 0 , exit
 - tir N9, arme: canon à plasmaI - chance < 0 , exit
 - tir N10, arme: missileI - chance < 0 , exit
 - tir N11, arme: missileI - chance < 0 , exit
 - tir N12, arme: missileI - chance < 0 , exit
 - tir N13, arme: missileI - chance < 0 , exit
 - tir N14, arme: missileI - chance < 0 , exit
 - tir N15, arme: missileI - chance < 0 , exit
 - tir N16, arme: missileI - chance < 0 , exit
 - tir N17, arme: missileI - chance < 0 , exit
 - tir N18, arme: missileI - chance < 0 , exit
 - tir N19, arme: missileI - chance < 0 , exit
 - tir N20, arme: lance-torpilleI => chance 14(8),  miss
 - tir N20, arme: lance-torpilleI => chance 14(8),  miss
 - tir N20, arme: lance-torpilleI => chance 14(8),  miss
 - tir N20, arme: lance-torpilleI => chance 14(8),  miss
 - tir N20, arme: lance-torpilleI => chance 14(8),  miss
 - tir N20, arme: lance-torpilleI => chance 14(8),  miss
FIN DE TOUR: F1  81, F2 : 6
TOUR DE COMBAT 2
[F0_3 VS F56_0]  C3 , tir vaisseau N°0/3 (Chasseur standard, race: 3) , attP: (x:2|y:24|z:1) , cible: Croiseur standard, deffP: (x:2|y:24|z:1), distance: 0
 - tir N0, arme: laserI => chance 23(8),  miss
 - tir N0, arme: laserI => chance 23(8),  miss
 - tir N0, arme: laserI => chance 23(8),  miss
 - tir N0, arme: laserI => chance 23(8),  miss
[F0_3 VS F56_0]  C3 , tir vaisseau N°0/3 (Chasseur standard, race: 3) , attP: (x:13|y:22|z:2) , cible: Intercepteur standard, deffP: (x:13|y:22|z:2), distance: 0
 - tir N0, arme: laserI => chance 58(8),  hit, degat (1)
 - tir N0, arme: laserI => chance 58(8),  miss
 - tir N0, arme: laserI => chance 58(8),  hit, degat (1), cible detruire
[F0_3 VS F56_0]  C3 , tir vaisseau N°0/3 (Chasseur standard, race: 3) , attP: (x:2|y:24|z:1) , cible: Croiseur standard, deffP: (x:2|y:24|z:1), distance: 0
 - tir N0, arme: laserI => chance 24(9),  miss
 - tir N0, arme: laserI => chance 24(9),  miss
 - tir N0, arme: laserI => chance 24(9),  miss
 - tir N0, arme: laserI => chance 24(9),  miss
[F0_3 VS F56_0]  C3 , tir vaisseau N°0/3 (Chasseur standard, race: 3) , attP: (x:16|y:22|z:2) , cible: Fregate standard, deffP: (x:16|y:22|z:2), distance: 0
 - tir N0, arme: laserI => chance 33(8),  miss
 - tir N0, arme: laserI => chance 33(8),  miss
 - tir N0, arme: laserI => chance 33(8),  hit, degat (1)
 - tir N0, arme: laserI => chance 33(8),  hit, degat (1)
[F0_3 VS F56_0]  C3 , tir vaisseau N°0/25 (Destroyer standard, race: 3) , attP: (x:24|y:22|z:2) , cible: Fregate standard, deffP: (x:16|y:22|z:2), distance: 8
 - tir N0, arme: laserI - chance < 0 , exit
 - tir N1, arme: laserI - chance < 0 , exit
 - tir N2, arme: laserI - chance < 0 , exit
 - tir N3, arme: laserI - chance < 0 , exit
 - tir N4, arme: laserI - chance < 0 , exit
 - tir N5, arme: laserI - chance < 0 , exit
 - tir N6, arme: laserI - chance < 0 , exit
 - tir N7, arme: laserI - chance < 0 , exit
 - tir N8, arme: laserI - chance < 0 , exit
 - tir N9, arme: laserI - chance < 0 , exit
 - tir N10, arme: canon à plasmaI => chance 26(8),  miss
 - tir N10, arme: canon à plasmaI => chance 26(8),  miss
 - tir N10, arme: canon à plasmaI => chance 26(8),  miss
 - tir N10, arme: canon à plasmaI => chance 26(8),  hit, degat (1)
 - tir N10, arme: canon à plasmaI => chance 26(8),  miss
 - tir N10, arme: canon à plasmaI => chance 26(8),  miss
 - tir N10, arme: canon à plasmaI => chance 26(8),  miss
 - tir N10, arme: canon à plasmaI => chance 26(8),  hit, degat (1)
 - tir N10, arme: canon à plasmaI => chance 26(8),  miss
 - tir N10, arme: canon à plasmaI => chance 26(8),  miss
[F0_3 VS F56_0]  C3 , tir vaisseau N°0/25 (Destroyer standard, race: 3) , attP: (x:2|y:24|z:1) , cible: Croiseur standard, deffP: (x:2|y:24|z:1), distance: 0
 - tir N0, arme: laserI => chance 23(8),  miss
 - tir N0, arme: laserI => chance 23(8),  miss
 - tir N0, arme: laserI => chance 23(8),  miss
 - tir N0, arme: laserI => chance 23(8),  miss
 - tir N0, arme: laserI => chance 23(8),  miss
 - tir N0, arme: laserI => chance 23(8),  miss
 - tir N0, arme: laserI => chance 23(8),  miss
 - tir N0, arme: laserI => chance 23(8),  miss
 - tir N0, arme: laserI => chance 23(8),  miss
 - tir N0, arme: laserI => chance 23(8),  miss
 - tir N0, arme: canon à plasmaI => chance 53(8),  hit, shielded (1)
 - tir N0, arme: canon à plasmaI => chance 53(8),  hit, shielded (1)
 - tir N0, arme: canon à plasmaI => chance 53(8),  hit, shielded (1)
 - tir N0, arme: canon à plasmaI => chance 53(8),  hit, shielded (1)
 - tir N0, arme: canon à plasmaI => chance 53(8),  hit, shielded (1)
 - tir N0, arme: canon à plasmaI => chance 53(8),  miss
 - tir N0, arme: canon à plasmaI => chance 53(8),  miss
 - tir N0, arme: canon à plasmaI => chance 53(8),  hit, shielded (1)
 - tir N0, arme: canon à plasmaI => chance 53(8),  miss
 - tir N0, arme: canon à plasmaI => chance 53(8),  hit, degat (1)
[F0_3 VS F56_0]  C3 , tir vaisseau N°0/3 (Chasseur standard, race: 3) , attP: (x:2|y:24|z:1) , cible: Croiseur standard, deffP: (x:2|y:24|z:1), distance: 0
 - tir N0, arme: laserI => chance 23(8),  miss
 - tir N0, arme: laserI => chance 23(8),  hit, degat (1)
 - tir N0, arme: laserI => chance 23(8),  miss
 - tir N0, arme: laserI => chance 23(8),  miss
[F0_3 VS F56_0]  C3 , tir vaisseau N°0/0 (Intercepteur standard, race: 3) , attP: (x:2|y:24|z:1) , cible: Croiseur standard, deffP: (x:2|y:24|z:1), distance: 0
 - tir N0, arme: laserI => chance 23(8),  miss
[F0_3 VS F56_0]  C3 , tir vaisseau N°0/3 (Chasseur standard, race: 3) , attP: (x:16|y:22|z:2) , cible: Fregate standard, deffP: (x:16|y:22|z:2), distance: 0
 - tir N0, arme: laserI => chance 33(8),  miss
 - tir N0, arme: laserI => chance 33(8),  hit, degat (1)
 - tir N0, arme: laserI => chance 33(8),  miss
 - tir N0, arme: laserI => chance 33(8),  miss
[F0_3 VS F56_0]  C3 , tir vaisseau N°0/3 (Torpilleur standard, race: 3) , attP: (x:16|y:22|z:2) , cible: Fregate standard, deffP: (x:16|y:22|z:2), distance: 0
 - tir N0, arme: lance-torpilleI => chance 18(8),  miss
 - tir N0, arme: lance-torpilleI => chance 18(8),  miss
 - tir N0, arme: lance-torpilleI => chance 18(8),  miss
 - tir N0, arme: lance-torpilleI => chance 18(8),  miss
[F0_3 VS F56_0]  C3 , tir vaisseau N°0/25 (Destroyer standard, race: 3) , attP: (x:8|y:22|z:2) , cible: Fregate standard, deffP: (x:16|y:22|z:2), distance: 8
 - tir N0, arme: laserI - chance < 0 , exit
 - tir N1, arme: laserI - chance < 0 , exit
 - tir N2, arme: laserI - chance < 0 , exit
 - tir N3, arme: laserI - chance < 0 , exit
 - tir N4, arme: laserI - chance < 0 , exit
 - tir N5, arme: laserI - chance < 0 , exit
 - tir N6, arme: laserI - chance < 0 , exit
 - tir N7, arme: laserI - chance < 0 , exit
 - tir N8, arme: laserI - chance < 0 , exit
 - tir N9, arme: laserI - chance < 0 , exit
 - tir N10, arme: canon à plasmaI => chance 27(9),  hit, degat (1)
 - tir N10, arme: canon à plasmaI => chance 27(9),  miss
 - tir N10, arme: canon à plasmaI => chance 27(9),  miss
 - tir N10, arme: canon à plasmaI => chance 27(9),  hit, degat (1)
 - tir N10, arme: canon à plasmaI => chance 27(9),  hit, degat (1)
 - tir N10, arme: canon à plasmaI => chance 27(9),  hit, degat (1)
 - tir N10, arme: canon à plasmaI => chance 27(9),  miss
 - tir N10, arme: canon à plasmaI => chance 27(9),  miss
 - tir N10, arme: canon à plasmaI => chance 27(9),  miss
 - tir N10, arme: canon à plasmaI => chance 27(9),  miss
[F0_3 VS F56_0]  C0 , tir vaisseau N°0/0 (Intercepteur standard, race: 6) , attP: (x:13|y:22|z:2) 
[F0_3 VS F56_0]  C3 , tir vaisseau N°0/0 (Intercepteur standard, race: 3) , attP: (x:2|y:24|z:1) , cible: Croiseur standard, deffP: (x:2|y:24|z:1), distance: 0
 - tir N0, arme: laserI => chance 23(8),  miss
[F0_3 VS F56_0]  C0 , tir vaisseau N°0/15 (Fregate standard, race: 6) , attP: (x:16|y:22|z:2) , cible: Destroyer standard, deffP: (x:16|y:22|z:2), distance: 0
 - tir N0, arme: canon à plasmaI => chance 147(97),  hit, degat (1)
 - tir N0, arme: canon à plasmaI => chance 147(97),  hit, degat (1)
 - tir N0, arme: canon à plasmaI => chance 147(97),  hit, degat (1)
 - tir N0, arme: canon à plasmaI => chance 147(97),  hit, degat (1)
 - tir N0, arme: canon à plasmaI => chance 147(97),  hit, degat (1)
 - tir N0, arme: canon à plasmaI => chance 147(97),  hit, degat (1)
 - tir N0, arme: canon à plasmaI => chance 146(96),  hit, degat (1)
 - tir N0, arme: canon à plasmaI => chance 146(96),  hit, degat (1)
 - tir N0, arme: canon à plasmaI => chance 146(96),  hit, degat (1)
 - tir N0, arme: canon à plasmaI => chance 146(96),  hit, degat (1)
[F0_3 VS F56_0]  C3 , tir vaisseau N°0/15 (Fregate standard, race: 3) , attP: (x:5|y:23|z:1) , cible: Croiseur standard, deffP: (x:2|y:24|z:1), distance: 3
 - tir N0, arme: canon à plasmaI => chance 43(8),  hit, degat (1)
 - tir N0, arme: canon à plasmaI => chance 43(8),  miss
 - tir N0, arme: canon à plasmaI => chance 43(8),  hit, degat (1)
 - tir N0, arme: canon à plasmaI => chance 43(8),  miss
 - tir N0, arme: canon à plasmaI => chance 43(8),  hit, degat (1)
 - tir N0, arme: canon à plasmaI => chance 43(8),  miss
 - tir N0, arme: canon à plasmaI => chance 43(8),  hit, degat (1)
 - tir N0, arme: canon à plasmaI => chance 43(8),  hit, degat (1)
 - tir N0, arme: canon à plasmaI => chance 43(8),  hit, degat (1)
 - tir N0, arme: canon à plasmaI => chance 43(8),  miss
[F0_3 VS F56_0]  C3 , tir vaisseau N°0/15 (Fregate standard, race: 3) , attP: (x:-2|y:39|z:0) 
[F0_3 VS F56_0]  C3 , tir vaisseau N°0/15 (Fregate standard, race: 3) , attP: (x:37|y:24|z:1) , cible: Croiseur standard, deffP: (x:2|y:24|z:1), distance: 35
 - tir N0, arme: canon à plasmaI - chance < 0 , exit
 - tir N1, arme: canon à plasmaI - chance < 0 , exit
 - tir N2, arme: canon à plasmaI - chance < 0 , exit
 - tir N3, arme: canon à plasmaI - chance < 0 , exit
 - tir N4, arme: canon à plasmaI - chance < 0 , exit
 - tir N5, arme: canon à plasmaI - chance < 0 , exit
 - tir N6, arme: canon à plasmaI - chance < 0 , exit
 - tir N7, arme: canon à plasmaI - chance < 0 , exit
[F0_3 VS F56_0]  C3 , tir vaisseau N°0/3 (Torpilleur standard, race: 3) , attP: (x:40|y:24|z:1) , cible: Croiseur standard, deffP: (x:2|y:24|z:1), distance: 38
 - tir N0, arme: lance-torpilleI - chance < 0 , exit
 - tir N1, arme: lance-torpilleI - chance < 0 , exit
 - tir N2, arme: lance-torpilleI - chance < 0 , exit
 - tir N3, arme: lance-torpilleI - chance < 0 , exit
[F0_3 VS F56_0]  C3 , tir vaisseau N°0/0 (Intercepteur standard, race: 3) , attP: (x:2|y:24|z:1) , cible: Croiseur standard, deffP: (x:2|y:24|z:1), distance: 0
 - tir N0, arme: laserI => chance 23(8),  miss
[F0_3 VS F56_0]  C3 , tir vaisseau N°0/0 (Intercepteur standard, race: 3) , attP: (x:5|y:25|z:1) , cible: Supercroiseur standard, deffP: (x:5|y:25|z:1), distance: 0
 - tir N0, arme: laserI => chance 23(8),  hit, shielded (2)
[F0_3 VS F56_0]  C3 , tir vaisseau N°0/3 (Torpilleur standard, race: 3) , attP: (x:2|y:24|z:1) , cible: Croiseur standard, deffP: (x:2|y:24|z:1), distance: 0
 - tir N0, arme: lance-torpilleI => chance 28(8),  miss
 - tir N0, arme: lance-torpilleI => chance 28(8),  miss
 - tir N0, arme: lance-torpilleI => chance 28(8),  miss
 - tir N0, arme: lance-torpilleI => chance 28(8),  hit, degat (2)
[F0_3 VS F56_0]  C3 , tir vaisseau N°0/3 (Torpilleur standard, race: 3) , attP: (x:3|y:24|z:1) , cible: Croiseur standard, deffP: (x:2|y:24|z:1), distance: 1
 - tir N0, arme: lance-torpilleI => chance 27(8),  miss
 - tir N0, arme: lance-torpilleI => chance 27(8),  miss
 - tir N0, arme: lance-torpilleI => chance 27(8),  hit, degat (2)
 - tir N0, arme: lance-torpilleI => chance 28(9),  miss
[F0_3 VS F56_0]  C3 , tir vaisseau N°0/3 (Torpilleur standard, race: 3) , attP: (x:2|y:24|z:1) , cible: Croiseur standard, deffP: (x:2|y:24|z:1), distance: 0
 - tir N0, arme: lance-torpilleI => chance 28(8),  miss
 - tir N0, arme: lance-torpilleI => chance 28(8),  hit, degat (2)
 - tir N0, arme: lance-torpilleI => chance 28(8),  miss
 - tir N0, arme: lance-torpilleI => chance 28(8),  miss
[F0_3 VS F56_0]  C3 , tir vaisseau N°0/15 (Fregate standard, race: 3) , attP: (x:5|y:25|z:1) , cible: Supercroiseur standard, deffP: (x:5|y:25|z:1), distance: 0
 - tir N0, arme: canon à plasmaI => chance 53(8),  miss
 - tir N0, arme: canon à plasmaI => chance 53(8),  hit, shielded (1)
 - tir N0, arme: canon à plasmaI => chance 53(8),  hit, shielded (1)
 - tir N0, arme: canon à plasmaI => chance 53(8),  hit, shielded (1)
 - tir N0, arme: canon à plasmaI => chance 53(8),  miss
 - tir N0, arme: canon à plasmaI => chance 53(8),  miss
 - tir N0, arme: canon à plasmaI => chance 53(8),  miss
 - tir N0, arme: canon à plasmaI => chance 53(8),  hit, shielded (1)
 - tir N0, arme: canon à plasmaI => chance 53(8),  miss
 - tir N0, arme: canon à plasmaI => chance 53(8),  miss
[F0_3 VS F56_0]  C3 , tir vaisseau N°0/3 (Torpilleur standard, race: 3) , attP: (x:2|y:33|z:0) 
[F0_3 VS F56_0]  C3 , tir vaisseau N°0/63 (Supercroiseur standard, race: 3) , attP: (x:1|y:24|z:1) , cible: Croiseur standard, deffP: (x:2|y:24|z:1), distance: 1
 - tir N0, arme: laserI => chance 21(8),  miss
 - tir N0, arme: laserI => chance 21(8),  miss
 - tir N0, arme: laserI => chance 21(8),  miss
 - tir N0, arme: laserI => chance 21(8),  miss
 - tir N0, arme: laserI => chance 21(8),  miss
 - tir N0, arme: laserI => chance 21(8),  miss
 - tir N0, arme: laserI => chance 21(8),  miss
 - tir N0, arme: laserI => chance 21(8),  miss
 - tir N0, arme: laserI => chance 21(8),  miss
 - tir N0, arme: laserI => chance 21(8),  miss
 - tir N0, arme: laserI => chance 21(8),  miss
 - tir N0, arme: laserI => chance 21(8),  hit, degat (1)
 - tir N0, arme: laserI => chance 21(8),  miss
 - tir N0, arme: laserI => chance 21(8),  miss
 - tir N0, arme: laserI => chance 21(8),  miss
 - tir N0, arme: laserI => chance 21(8),  miss
 - tir N0, arme: laserI => chance 21(8),  hit, degat (1)
 - tir N0, arme: laserI => chance 21(8),  hit, degat (1)
 - tir N0, arme: laserI => chance 21(8),  miss
 - tir N0, arme: laserI => chance 21(8),  miss
 - tir N0, arme: canon à plasmaI => chance 49(8),  miss
 - tir N0, arme: canon à plasmaI => chance 49(8),  miss
 - tir N0, arme: canon à plasmaI => chance 49(8),  miss
 - tir N0, arme: canon à plasmaI => chance 49(8),  miss
 - tir N0, arme: canon à plasmaI => chance 49(8),  miss
 - tir N0, arme: canon à plasmaI => chance 49(8),  miss
 - tir N0, arme: canon à plasmaI => chance 49(8),  miss
 - tir N0, arme: canon à plasmaI => chance 49(8),  miss
 - tir N0, arme: canon à plasmaI => chance 49(8),  miss
 - tir N0, arme: canon à plasmaI => chance 49(8),  miss
 - tir N0, arme: canon à plasmaI => chance 49(8),  miss
 - tir N0, arme: canon à plasmaI => chance 49(8),  hit, degat (1)
 - tir N0, arme: canon à plasmaI => chance 49(8),  miss
 - tir N0, arme: canon à plasmaI => chance 49(8),  miss
 - tir N0, arme: canon à plasmaI => chance 49(8),  hit, degat (1)
 - tir N0, arme: canon à plasmaI => chance 49(8),  hit, degat (1)
 - tir N0, arme: canon à plasmaI => chance 49(8),  hit, degat (1)
 - tir N0, arme: canon à plasmaI => chance 49(8),  miss
 - tir N0, arme: canon à plasmaI => chance 49(8),  hit, degat (1)
 - tir N0, arme: canon à plasmaI => chance 49(8),  miss
 - tir N0, arme: lance-torpilleI => chance 27(8),  hit, degat (2)
 - tir N0, arme: lance-torpilleI => chance 27(8),  miss
 - tir N0, arme: lance-torpilleI => chance 27(8),  miss
 - tir N0, arme: lance-torpilleI => chance 27(8),  miss
 - tir N0, arme: lance-torpilleI => chance 27(8),  miss
 - tir N0, arme: lance-torpilleI => chance 27(8),  miss
 - tir N0, arme: lance-torpilleI => chance 27(8),  miss
 - tir N0, arme: lance-torpilleI => chance 27(8),  miss
 - tir N0, arme: lance-torpilleI => chance 27(8),  hit, degat (2)
 - tir N0, arme: lance-torpilleI => chance 27(8),  miss
 - tir N0, arme: lance-torpilleI => chance 27(8),  miss
 - tir N0, arme: lance-torpilleI => chance 27(8),  miss
 - tir N0, arme: lance-torpilleI => chance 27(8),  miss
 - tir N0, arme: lance-torpilleI => chance 27(8),  miss
 - tir N0, arme: lance-torpilleI => chance 27(8),  miss
 - tir N0, arme: lance-torpilleI => chance 27(8),  miss
 - tir N0, arme: lance-torpilleI => chance 27(8),  hit, degat (2)
 - tir N0, arme: lance-torpilleI => chance 27(8),  miss
 - tir N0, arme: lance-torpilleI => chance 27(8),  hit, degat (2)
 - tir N0, arme: lance-torpilleI => chance 27(8),  miss
[F0_3 VS F56_0]  C0 , tir vaisseau N°0/15 (Fregate standard, race: 6) , attP: (x:16|y:22|z:2) , cible: Destroyer standard, deffP: (x:16|y:22|z:2), distance: 0
 - tir N0, arme: canon à plasmaI => chance 146(96),  hit, degat (1)
 - tir N0, arme: canon à plasmaI => chance 146(96),  hit, degat (1)
 - tir N0, arme: canon à plasmaI => chance 146(96),  hit, degat (1)
 - tir N0, arme: canon à plasmaI => chance 146(96),  hit, degat (1)
[F0_3 VS F56_0]  C0 , tir vaisseau N°0/63 (Croiseur standard, race: 6) , attP: (x:6|y:10|z:1) , cible: Destroyer standard, deffP: (x:2|y:24|z:1), distance: 14
 - tir N0, arme: canon à plasmaI - chance < 0 , exit
 - tir N1, arme: canon à plasmaI - chance < 0 , exit
 - tir N2, arme: canon à plasmaI - chance < 0 , exit
 - tir N3, arme: canon à plasmaI - chance < 0 , exit
 - tir N4, arme: canon à plasmaI - chance < 0 , exit
 - tir N5, arme: canon à plasmaI - chance < 0 , exit
 - tir N6, arme: canon à plasmaI - chance < 0 , exit
 - tir N7, arme: canon à plasmaI - chance < 0 , exit
 - tir N8, arme: canon à plasmaI - chance < 0 , exit
 - tir N9, arme: canon à plasmaI - chance < 0 , exit
 - tir N10, arme: missileI => chance 103(97),  hit, shielded (0)
 - tir N10, arme: missileI => chance 103(97),  hit, shielded (0)
 - tir N10, arme: missileI => chance 103(97),  hit, shielded (0)
 - tir N10, arme: missileI => chance 103(97),  hit, shielded (0)
 - tir N10, arme: missileI => chance 103(97),  hit, shielded (0)
 - tir N10, arme: missileI => chance 103(97),  hit, shielded (0)
 - tir N10, arme: missileI => chance 103(97),  hit, shielded (0)
 - tir N10, arme: missileI => chance 103(97),  hit, shielded (0)
 - tir N10, arme: missileI => chance 103(97),  hit, shielded (0)
 - tir N10, arme: missileI => chance 103(97),  hit, shielded (0)
 - tir N10, arme: lance-torpilleI => chance 102(97),  hit, shielded (1)
 - tir N10, arme: lance-torpilleI => chance 102(97),  hit, shielded (1)
 - tir N10, arme: lance-torpilleI => chance 102(97),  hit, shielded (1)
 - tir N10, arme: lance-torpilleI => chance 102(97),  hit, shielded (1)
 - tir N10, arme: lance-torpilleI => chance 102(97),  hit, shielded (1)
 - tir N10, arme: lance-torpilleI => chance 102(97),  hit, shielded (1)
 - tir N10, arme: lance-torpilleI => chance 102(97),  hit, shielded (1)
 - tir N10, arme: lance-torpilleI => chance 102(97),  hit, shielded (1)
 - tir N10, arme: lance-torpilleI => chance 102(97),  hit, shielded (1)
 - tir N10, arme: lance-torpilleI => chance 102(97),  hit, shielded (1)
[F0_3 VS F56_0]  C0 , tir vaisseau N°0/63 (Supercroiseur standard, race: 6) , attP: (x:5|y:25|z:1) , cible: Fregate standard, deffP: (x:5|y:25|z:1), distance: 0
 - tir N0, arme: laserI => chance 122(97),  hit, shielded (2)
 - tir N0, arme: laserI => chance 122(97),  hit, shielded (2)
 - tir N0, arme: laserI => chance 122(97),  hit, shielded (2)
 - tir N0, arme: laserI => chance 122(97),  hit, shielded (2)
 - tir N0, arme: laserI => chance 122(97),  hit, shielded (2)
 - tir N0, arme: laserI => chance 122(97),  hit, degat (1)
 - tir N0, arme: laserI => chance 122(97),  hit, degat (1)
 - tir N0, arme: laserI => chance 122(97),  hit, degat (1)
 - tir N0, arme: laserI => chance 122(97),  hit, degat (1)
 - tir N0, arme: laserI => chance 122(97),  hit, degat (1)
 - tir N0, arme: laserI => chance 122(97),  hit, degat (1)
 - tir N0, arme: laserI => chance 122(97),  hit, degat (1)
 - tir N0, arme: laserI => chance 122(97),  hit, degat (1)
 - tir N0, arme: laserI => chance 122(97),  hit, degat (1)
 - tir N0, arme: laserI => chance 122(97),  hit, degat (1)
 - tir N0, arme: laserI => chance 122(97),  hit, degat (1)
 - tir N0, arme: laserI => chance 121(96),  hit, degat (1)
 - tir N0, arme: laserI => chance 121(96),  hit, degat (1)
 - tir N0, arme: laserI => chance 121(96),  hit, degat (1)
 - tir N0, arme: laserI => chance 121(96),  hit, degat (1)
 - tir N0, arme: canon à plasmaI => chance 141(96),  hit, degat (1)
 - tir N0, arme: canon à plasmaI => chance 141(96),  hit, degat (1)
 - tir N0, arme: canon à plasmaI => chance 141(96),  hit, degat (1)
 - tir N0, arme: canon à plasmaI => chance 141(96),  hit, degat (1)
 - tir N0, arme: canon à plasmaI => chance 141(96),  hit, degat (1)
 - tir N0, arme: canon à plasmaI => chance 141(96),  hit, degat (1)
 - tir N0, arme: canon à plasmaI => chance 141(96),  hit, degat (1)
 - tir N0, arme: canon à plasmaI => chance 141(96),  hit, degat (1)
 - tir N0, arme: canon à plasmaI => chance 141(96),  hit, degat (1)
 - tir N0, arme: canon à plasmaI => chance 141(96),  hit, degat (1)
 - tir N0, arme: canon à plasmaI => chance 141(96),  hit, degat (1)
 - tir N0, arme: canon à plasmaI => chance 141(96),  hit, degat (1)
 - tir N0, arme: canon à plasmaI => chance 141(96),  hit, degat (1)
 - tir N0, arme: canon à plasmaI => chance 141(96),  hit, degat (1)
 - tir N0, arme: canon à plasmaI => chance 141(96),  hit, degat (1)
 - tir N0, arme: canon à plasmaI => chance 141(96),  hit, degat (1), cible detruire
[F0_3 VS F56_0]  C3 , tir vaisseau N°0/3 (Torpilleur standard, race: 3) , attP: (x:17|y:11|z:8) , cible: Fregate standard, deffP: (x:16|y:22|z:2), distance: 11
 - tir N0, arme: lance-torpilleI => chance 13(8),  miss
 - tir N0, arme: lance-torpilleI => chance 13(8),  miss
 - tir N0, arme: lance-torpilleI => chance 13(8),  miss
 - tir N0, arme: lance-torpilleI => chance 13(8),  miss
[F0_3 VS F56_0]  C0 , tir vaisseau N°0/63 (Croiseur standard, race: 6) , attP: (x:2|y:24|z:1) , cible: Croiseur standard, deffP: (x:2|y:24|z:1), distance: 0
 - tir N0, arme: canon à plasmaI => chance 142(97),  hit, shielded (1)
 - tir N0, arme: canon à plasmaI => chance 142(97),  hit, shielded (1)
 - tir N0, arme: canon à plasmaI => chance 142(97),  hit, shielded (1)
 - tir N0, arme: canon à plasmaI => chance 142(97),  hit, shielded (1)
 - tir N0, arme: canon à plasmaI => chance 142(97),  hit, shielded (1)
 - tir N0, arme: missileI => chance 137(97),  hit, shielded (0)
 - tir N0, arme: missileI => chance 137(97),  hit, shielded (0)
 - tir N0, arme: missileI => chance 137(97),  hit, shielded (0)
 - tir N0, arme: missileI => chance 137(97),  hit, shielded (0)
 - tir N0, arme: missileI => chance 137(97),  hit, shielded (0)
 - tir N0, arme: lance-torpilleI => chance 117(97),  hit, shielded (1)
 - tir N0, arme: lance-torpilleI => chance 117(97),  hit, shielded (1)
 - tir N0, arme: lance-torpilleI => chance 117(97),  hit, shielded (1)
[F0_3 VS F56_0]  C3 , tir vaisseau N°0/63 (Croiseur standard, race: 3) , attP: (x:2|y:24|z:1) , cible: Supercroiseur standard, deffP: (x:5|y:25|z:1), distance: 3
 - tir N0, arme: canon à plasmaI => chance 43(8),  miss
 - tir N0, arme: canon à plasmaI => chance 43(8),  hit, shielded (1)
 - tir N0, arme: canon à plasmaI => chance 43(8),  miss
 - tir N0, arme: canon à plasmaI => chance 43(8),  miss
 - tir N0, arme: canon à plasmaI => chance 43(8),  miss
 - tir N0, arme: canon à plasmaI => chance 43(8),  miss
 - tir N0, arme: canon à plasmaI => chance 43(8),  miss
 - tir N0, arme: canon à plasmaI => chance 43(8),  miss
 - tir N0, arme: canon à plasmaI => chance 43(8),  miss
 - tir N0, arme: canon à plasmaI => chance 43(8),  hit, shielded (1)
 - tir N0, arme: missileI => chance 40(8),  hit, shielded (0)
 - tir N0, arme: missileI => chance 40(8),  miss
 - tir N0, arme: missileI => chance 40(8),  hit, shielded (0)
 - tir N0, arme: missileI => chance 40(8),  miss
 - tir N0, arme: missileI => chance 40(8),  miss
 - tir N0, arme: missileI => chance 40(8),  miss
 - tir N0, arme: missileI => chance 40(8),  miss
 - tir N0, arme: missileI => chance 40(8),  hit, shielded (0)
 - tir N0, arme: missileI => chance 40(8),  miss
 - tir N0, arme: missileI => chance 40(8),  miss
 - tir N0, arme: lance-torpilleI => chance 25(8),  miss
 - tir N0, arme: lance-torpilleI => chance 25(8),  miss
 - tir N0, arme: lance-torpilleI => chance 25(8),  miss
 - tir N0, arme: lance-torpilleI => chance 25(8),  miss
 - tir N0, arme: lance-torpilleI => chance 25(8),  hit, shielded (1)
 - tir N0, arme: lance-torpilleI => chance 25(8),  miss
[F0_3 VS F56_0]  C3 , tir vaisseau N°0/25 (Destroyer standard, race: 3) , attP: (x:16|y:22|z:2) 
FIN DE TOUR: F1  126, F2 : 47
TOUR DE COMBAT 3
[F0_3 VS F56_0]  C3 , tir vaisseau N°0/3 (Chasseur standard, race: 3) , attP: (x:16|y:22|z:2) , cible: Fregate standard, deffP: (x:16|y:22|z:2), distance: 0
 - tir N0, arme: laserI => chance 34(9),  hit, degat (1)
 - tir N0, arme: laserI => chance 34(9),  hit, degat (1)
 - tir N0, arme: laserI => chance 34(9),  hit, degat (1)
 - tir N0, arme: laserI => chance 34(9),  miss
[F0_3 VS F56_0]  C3 , tir vaisseau N°0/3 (Chasseur standard, race: 3) , attP: (x:16|y:22|z:2) , cible: Fregate standard, deffP: (x:16|y:22|z:2), distance: 0
 - tir N0, arme: laserI => chance 33(8),  miss
 - tir N0, arme: laserI => chance 33(8),  miss
 - tir N0, arme: laserI => chance 33(8),  miss
 - tir N0, arme: laserI => chance 33(8),  miss
[F0_3 VS F56_0]  C3 , tir vaisseau N°0/0 (Intercepteur standard, race: 3) , attP: (x:16|y:22|z:2) , cible: Fregate standard, deffP: (x:16|y:22|z:2), distance: 0
 - tir N0, arme: laserI => chance 33(8),  miss
[F0_3 VS F56_0]  C3 , tir vaisseau N°0/3 (Chasseur standard, race: 3) , attP: (x:16|y:22|z:2) , cible: Fregate standard, deffP: (x:16|y:22|z:2), distance: 0
 - tir N0, arme: laserI => chance 33(8),  hit, degat (1)
 - tir N0, arme: laserI => chance 33(8),  miss
 - tir N0, arme: laserI => chance 33(8),  miss
 - tir N0, arme: laserI => chance 33(8),  hit, degat (1)
[F0_3 VS F56_0]  C3 , tir vaisseau N°0/0 (Intercepteur standard, race: 3) , attP: (x:2|y:24|z:1) , cible: Croiseur standard, deffP: (x:2|y:24|z:1), distance: 0
 - tir N0, arme: laserI => chance 23(8),  miss
[F0_3 VS F56_0]  C3 , tir vaisseau N°0/3 (Chasseur standard, race: 3) , attP: (x:5|y:23|z:1) , cible: Supercroiseur standard, deffP: (x:5|y:23|z:1), distance: 0
 - tir N0, arme: laserI => chance 23(8),  miss
 - tir N0, arme: laserI => chance 23(8),  miss
 - tir N0, arme: laserI => chance 23(8),  miss
 - tir N0, arme: laserI => chance 23(8),  miss
[F0_3 VS F56_0]  C3 , tir vaisseau N°0/0 (Intercepteur standard, race: 3) , attP: (x:16|y:22|z:2) , cible: Fregate standard, deffP: (x:16|y:22|z:2), distance: 0
 - tir N0, arme: laserI => chance 33(8),  miss
[F0_3 VS F56_0]  C3 , tir vaisseau N°0/3 (Chasseur standard, race: 3) , attP: (x:2|y:24|z:1) , cible: Croiseur standard, deffP: (x:2|y:24|z:1), distance: 0
 - tir N0, arme: laserI => chance 24(9),  miss
 - tir N0, arme: laserI => chance 24(9),  miss
 - tir N0, arme: laserI => chance 24(9),  miss
 - tir N0, arme: laserI => chance 24(9),  miss
[F0_3 VS F56_0]  C3 , tir vaisseau N°0/25 (Destroyer standard, race: 3) , attP: (x:5|y:23|z:1) , cible: Supercroiseur standard, deffP: (x:5|y:23|z:1), distance: 0
 - tir N0, arme: laserI => chance 24(9),  miss
 - tir N0, arme: laserI => chance 24(9),  miss
 - tir N0, arme: laserI => chance 24(9),  hit, shielded (2)
 - tir N0, arme: laserI => chance 24(9),  hit, shielded (2)
 - tir N0, arme: laserI => chance 24(9),  hit, shielded (2)
 - tir N0, arme: laserI => chance 24(9),  miss
 - tir N0, arme: laserI => chance 24(9),  miss
 - tir N0, arme: laserI => chance 24(9),  miss
 - tir N0, arme: laserI => chance 24(9),  miss
 - tir N0, arme: laserI => chance 24(9),  miss
 - tir N0, arme: canon à plasmaI => chance 54(9),  hit, shielded (1)
 - tir N0, arme: canon à plasmaI => chance 54(9),  miss
 - tir N0, arme: canon à plasmaI => chance 54(9),  hit, shielded (1)
 - tir N0, arme: canon à plasmaI => chance 54(9),  miss
 - tir N0, arme: canon à plasmaI => chance 54(9),  hit, shielded (1)
 - tir N0, arme: canon à plasmaI => chance 54(9),  miss
 - tir N0, arme: canon à plasmaI => chance 54(9),  miss
 - tir N0, arme: canon à plasmaI => chance 54(9),  hit, shielded (1)
 - tir N0, arme: canon à plasmaI => chance 54(9),  hit, shielded (1)
 - tir N0, arme: canon à plasmaI => chance 54(9),  miss
[F0_3 VS F56_0]  C3 , tir vaisseau N°0/3 (Chasseur standard, race: 3) , attP: (x:16|y:22|z:2) , cible: Fregate standard, deffP: (x:16|y:22|z:2), distance: 0
 - tir N0, arme: laserI => chance 33(8),  hit, degat (1)
 - tir N0, arme: laserI => chance 33(8),  miss
 - tir N0, arme: laserI => chance 33(8),  miss
 - tir N0, arme: laserI => chance 33(8),  miss
[F0_3 VS F56_0]  C3 , tir vaisseau N°0/3 (Torpilleur standard, race: 3) , attP: (x:16|y:22|z:2) , cible: Fregate standard, deffP: (x:16|y:22|z:2), distance: 0
 - tir N0, arme: lance-torpilleI => chance 19(9),  hit, degat (2)
 - tir N0, arme: lance-torpilleI => chance 19(9),  miss
 - tir N0, arme: lance-torpilleI => chance 19(9),  miss
 - tir N0, arme: lance-torpilleI => chance 19(9),  miss
[F0_3 VS F56_0]  C3 , tir vaisseau N°0/15 (Fregate standard, race: 3) , attP: (x:16|y:22|z:2) , cible: Fregate standard, deffP: (x:16|y:22|z:2), distance: 0
 - tir N0, arme: canon à plasmaI => chance 53(8),  hit, degat (1)
 - tir N0, arme: canon à plasmaI => chance 53(8),  miss
 - tir N0, arme: canon à plasmaI => chance 53(8),  hit, degat (1)
 - tir N0, arme: canon à plasmaI => chance 53(8),  miss
 - tir N0, arme: canon à plasmaI => chance 53(8),  miss
 - tir N0, arme: canon à plasmaI => chance 53(8),  miss
 - tir N0, arme: canon à plasmaI => chance 53(8),  miss
 - tir N0, arme: canon à plasmaI => chance 53(8),  miss
 - tir N0, arme: canon à plasmaI => chance 53(8),  miss
 - tir N0, arme: canon à plasmaI => chance 53(8),  hit, degat (1)
[F0_3 VS F56_0]  C3 , tir vaisseau N°0/0 (Intercepteur standard, race: 3) , attP: (x:2|y:24|z:1) , cible: Croiseur standard, deffP: (x:2|y:24|z:1), distance: 0
 - tir N0, arme: laserI => chance 23(8),  hit, degat (1)
[F0_3 VS F56_0]  C3 , tir vaisseau N°0/3 (Torpilleur standard, race: 3) , attP: (x:5|y:23|z:1) , cible: Supercroiseur standard, deffP: (x:5|y:23|z:1), distance: 0
 - tir N0, arme: lance-torpilleI => chance 28(8),  miss
 - tir N0, arme: lance-torpilleI => chance 28(8),  miss
 - tir N0, arme: lance-torpilleI => chance 28(8),  hit, shielded (1)
 - tir N0, arme: lance-torpilleI => chance 28(8),  miss
[F0_3 VS F56_0]  C3 , tir vaisseau N°0/25 (Destroyer standard, race: 3) , attP: (x:2|y:24|z:1) , cible: Croiseur standard, deffP: (x:2|y:24|z:1), distance: 0
 - tir N0, arme: laserI => chance 23(8),  hit, degat (1)
 - tir N0, arme: laserI => chance 23(8),  miss
 - tir N0, arme: laserI => chance 23(8),  miss
 - tir N0, arme: laserI => chance 23(8),  hit, degat (1)
 - tir N0, arme: laserI => chance 23(8),  miss
 - tir N0, arme: laserI => chance 23(8),  miss
 - tir N0, arme: laserI => chance 23(8),  miss
 - tir N0, arme: laserI => chance 23(8),  miss
 - tir N0, arme: laserI => chance 23(8),  miss
 - tir N0, arme: laserI => chance 23(8),  miss
 - tir N0, arme: canon à plasmaI => chance 53(8),  hit, degat (1)
 - tir N0, arme: canon à plasmaI => chance 53(8),  hit, degat (1)
 - tir N0, arme: canon à plasmaI => chance 53(8),  miss
 - tir N0, arme: canon à plasmaI => chance 53(8),  hit, degat (1)
 - tir N0, arme: canon à plasmaI => chance 53(8),  hit, degat (1)
 - tir N0, arme: canon à plasmaI => chance 53(8),  hit, degat (1)
 - tir N0, arme: canon à plasmaI => chance 53(8),  miss
 - tir N0, arme: canon à plasmaI => chance 53(8),  miss
 - tir N0, arme: canon à plasmaI => chance 53(8),  miss
 - tir N0, arme: canon à plasmaI => chance 53(8),  miss
[F0_3 VS F56_0]  C3 , tir vaisseau N°0/25 (Destroyer standard, race: 3) , attP: (x:35|y:19|z:1) , cible: Croiseur standard, deffP: (x:2|y:19|z:1), distance: 33
 - tir N0, arme: laserI - chance < 0 , exit
 - tir N1, arme: laserI - chance < 0 , exit
 - tir N2, arme: laserI - chance < 0 , exit
 - tir N3, arme: laserI - chance < 0 , exit
 - tir N4, arme: laserI - chance < 0 , exit
 - tir N5, arme: laserI - chance < 0 , exit
 - tir N6, arme: laserI - chance < 0 , exit
 - tir N7, arme: laserI - chance < 0 , exit
 - tir N8, arme: laserI - chance < 0 , exit
 - tir N9, arme: laserI - chance < 0 , exit
 - tir N10, arme: canon à plasmaI - chance < 0 , exit
 - tir N11, arme: canon à plasmaI - chance < 0 , exit
 - tir N12, arme: canon à plasmaI - chance < 0 , exit
 - tir N13, arme: canon à plasmaI - chance < 0 , exit
 - tir N14, arme: canon à plasmaI - chance < 0 , exit
 - tir N15, arme: canon à plasmaI - chance < 0 , exit
 - tir N16, arme: canon à plasmaI - chance < 0 , exit
 - tir N17, arme: canon à plasmaI - chance < 0 , exit
 - tir N18, arme: canon à plasmaI - chance < 0 , exit
 - tir N19, arme: canon à plasmaI - chance < 0 , exit
[F0_3 VS F56_0]  C3 , tir vaisseau N°0/15 (Fregate standard, race: 3) , attP: (x:5|y:27|z:1) , cible: Supercroiseur standard, deffP: (x:5|y:23|z:1), distance: 4
 - tir N0, arme: canon à plasmaI => chance 39(8),  miss
 - tir N0, arme: canon à plasmaI => chance 39(8),  miss
 - tir N0, arme: canon à plasmaI => chance 39(8),  miss
 - tir N0, arme: canon à plasmaI => chance 39(8),  hit, degat (1)
 - tir N0, arme: canon à plasmaI => chance 39(8),  miss
 - tir N0, arme: canon à plasmaI => chance 39(8),  hit, degat (1)
 - tir N0, arme: canon à plasmaI => chance 39(8),  hit, degat (1)
 - tir N0, arme: canon à plasmaI => chance 39(8),  hit, degat (1)
 - tir N0, arme: canon à plasmaI => chance 39(8),  hit, degat (1)
 - tir N0, arme: canon à plasmaI => chance 39(8),  miss
[F0_3 VS F56_0]  C3 , tir vaisseau N°0/3 (Torpilleur standard, race: 3) , attP: (x:5|y:23|z:1) , cible: Supercroiseur standard, deffP: (x:5|y:23|z:1), distance: 0
 - tir N0, arme: lance-torpilleI => chance 28(8),  miss
 - tir N0, arme: lance-torpilleI => chance 28(8),  hit, degat (2)
 - tir N0, arme: lance-torpilleI => chance 28(8),  hit, degat (2)
 - tir N0, arme: lance-torpilleI => chance 28(8),  miss
[F0_3 VS F56_0]  C0 , tir vaisseau N°0/15 (Fregate standard, race: 6) , attP: (x:16|y:22|z:2) , cible: Torpilleur standard, deffP: (x:5|y:23|z:1), distance: 11
 - tir N0, arme: canon à plasmaI => chance 103(97),  hit, degat (1)
 - tir N0, arme: canon à plasmaI => chance 103(97),  hit, degat (1)
 - tir N0, arme: canon à plasmaI => chance 103(97),  hit, degat (1)
 - tir N0, arme: canon à plasmaI => chance 103(97),  hit, degat (1)
 - tir N0, arme: canon à plasmaI => chance 103(97),  hit, degat (1), cible detruire
[F0_3 VS F56_0]  C3 , tir vaisseau N°0/15 (Fregate standard, race: 3) , attP: (x:9|y:22|z:2) , cible: Fregate standard, deffP: (x:16|y:22|z:2), distance: 7
 - tir N0, arme: canon à plasmaI => chance 29(8),  miss
 - tir N0, arme: canon à plasmaI => chance 29(8),  miss
 - tir N0, arme: canon à plasmaI => chance 29(8),  miss
 - tir N0, arme: canon à plasmaI => chance 29(8),  miss
 - tir N0, arme: canon à plasmaI => chance 29(8),  miss
 - tir N0, arme: canon à plasmaI => chance 29(8),  miss
 - tir N0, arme: canon à plasmaI => chance 29(8),  hit, degat (1)
 - tir N0, arme: canon à plasmaI => chance 29(8),  miss
[F0_3 VS F56_0]  C3 , tir vaisseau N°0/63 (Croiseur standard, race: 3) , attP: (x:2|y:24|z:1) , cible: Croiseur standard, deffP: (x:2|y:24|z:1), distance: 0
 - tir N0, arme: canon à plasmaI => chance 53(8),  hit, degat (1)
 - tir N0, arme: canon à plasmaI => chance 53(8),  hit, degat (1)
 - tir N0, arme: canon à plasmaI => chance 53(8),  miss
 - tir N0, arme: canon à plasmaI => chance 53(8),  hit, degat (1)
 - tir N0, arme: canon à plasmaI => chance 53(8),  hit, degat (1)
 - tir N0, arme: canon à plasmaI => chance 53(8),  miss
 - tir N0, arme: canon à plasmaI => chance 53(8),  hit, degat (1)
 - tir N0, arme: canon à plasmaI => chance 53(8),  hit, degat (1)
 - tir N0, arme: canon à plasmaI => chance 53(8),  hit, degat (1)
 - tir N0, arme: canon à plasmaI => chance 53(8),  miss
 - tir N0, arme: missileI => chance 48(8),  miss
 - tir N0, arme: missileI => chance 48(8),  hit, degat (1)
 - tir N0, arme: missileI => chance 48(8),  hit, degat (1)
 - tir N0, arme: missileI => chance 48(8),  hit, degat (1)
 - tir N0, arme: missileI => chance 48(8),  miss
 - tir N0, arme: missileI => chance 48(8),  hit, degat (1)
 - tir N0, arme: missileI => chance 48(8),  hit, degat (1)
 - tir N0, arme: missileI => chance 48(8),  hit, degat (1)
 - tir N0, arme: missileI => chance 48(8),  miss
 - tir N0, arme: missileI => chance 48(8),  hit, degat (1)
 - tir N0, arme: lance-torpilleI => chance 29(9),  miss
 - tir N0, arme: lance-torpilleI => chance 29(9),  miss
 - tir N0, arme: lance-torpilleI => chance 29(9),  miss
 - tir N0, arme: lance-torpilleI => chance 29(9),  hit, degat (2)
 - tir N0, arme: lance-torpilleI => chance 29(9),  miss
 - tir N0, arme: lance-torpilleI => chance 29(9),  miss
[F0_3 VS F56_0]  C3 , tir vaisseau N°0/3 (Torpilleur standard, race: 3) , attP: (x:2|y:24|z:1) , cible: Croiseur standard, deffP: (x:2|y:24|z:1), distance: 0
 - tir N0, arme: lance-torpilleI => chance 28(8),  miss
 - tir N0, arme: lance-torpilleI => chance 28(8),  miss
 - tir N0, arme: lance-torpilleI => chance 28(8),  hit, degat (2)
 - tir N0, arme: lance-torpilleI => chance 28(8),  miss
[F0_3 VS F56_0]  C0 , tir vaisseau N°0/63 (Croiseur standard, race: 6) , attP: (x:2|y:24|z:1) , cible: Croiseur standard, deffP: (x:2|y:24|z:1), distance: 0
 - pas darmes valides
[F0_3 VS F56_0]  C3 , tir vaisseau N°0/3 (Torpilleur standard, race: 3) , attP: (x:14|y:22|z:2) , cible: Fregate standard, deffP: (x:16|y:22|z:2), distance: 2
 - tir N0, arme: lance-torpilleI => chance 17(8),  miss
 - tir N0, arme: lance-torpilleI => chance 17(8),  miss
 - tir N0, arme: lance-torpilleI => chance 17(8),  miss
 - tir N0, arme: lance-torpilleI => chance 17(8),  hit, degat (2)
[F0_3 VS F56_0]  C0 , tir vaisseau N°0/63 (Supercroiseur standard, race: 6) , attP: (x:5|y:23|z:1) , cible: Fregate standard, deffP: (x:16|y:22|z:2), distance: 11
 - tir N0, arme: laserI - chance < 0 , exit
 - tir N1, arme: laserI - chance < 0 , exit
 - tir N2, arme: laserI - chance < 0 , exit
 - tir N3, arme: laserI - chance < 0 , exit
 - tir N4, arme: laserI - chance < 0 , exit
 - tir N5, arme: laserI - chance < 0 , exit
 - tir N6, arme: laserI - chance < 0 , exit
 - tir N7, arme: laserI - chance < 0 , exit
 - tir N8, arme: laserI - chance < 0 , exit
 - tir N9, arme: laserI - chance < 0 , exit
 - tir N10, arme: laserI - chance < 0 , exit
 - tir N11, arme: laserI - chance < 0 , exit
 - tir N12, arme: laserI - chance < 0 , exit
 - tir N13, arme: laserI - chance < 0 , exit
 - tir N14, arme: laserI - chance < 0 , exit
 - tir N15, arme: laserI - chance < 0 , exit
 - tir N16, arme: laserI - chance < 0 , exit
 - tir N17, arme: laserI - chance < 0 , exit
 - tir N18, arme: canon à plasmaI => chance 105(97),  hit, shielded (1)
 - tir N18, arme: canon à plasmaI => chance 105(97),  hit, shielded (1)
 - tir N18, arme: canon à plasmaI => chance 105(97),  hit, shielded (1)
 - tir N18, arme: canon à plasmaI => chance 105(97),  hit, shielded (1)
 - tir N18, arme: canon à plasmaI => chance 105(97),  hit, shielded (1)
 - tir N18, arme: canon à plasmaI => chance 105(97),  hit, shielded (1)
 - tir N18, arme: canon à plasmaI => chance 105(97),  hit, shielded (1)
 - tir N18, arme: canon à plasmaI => chance 105(97),  hit, shielded (1)
 - tir N18, arme: canon à plasmaI => chance 105(97),  hit, shielded (1)
 - tir N18, arme: canon à plasmaI => chance 105(97),  hit, shielded (1)
 - tir N18, arme: canon à plasmaI => chance 105(97),  hit, degat (1)
 - tir N18, arme: canon à plasmaI => chance 104(96),  hit, degat (1)
 - tir N18, arme: canon à plasmaI => chance 104(96),  hit, degat (1)
 - tir N18, arme: canon à plasmaI => chance 104(96),  hit, degat (1)
 - tir N18, arme: canon à plasmaI => chance 104(96),  hit, degat (1)
 - tir N18, arme: canon à plasmaI => chance 104(96),  hit, degat (1)
 - tir N18, arme: canon à plasmaI => chance 104(96),  hit, degat (1)
 - tir N18, arme: canon à plasmaI => chance 104(96),  hit, degat (1)
 - tir N18, arme: lance-torpilleI => chance 101(96),  hit, degat (2)
 - tir N18, arme: lance-torpilleI => chance 101(96),  hit, degat (2)
 - tir N18, arme: lance-torpilleI => chance 101(96),  hit, degat (2)
 - tir N18, arme: lance-torpilleI => chance 101(96),  hit, degat (2)
 - tir N18, arme: lance-torpilleI => chance 101(96),  hit, degat (2)
 - tir N18, arme: lance-torpilleI => chance 101(96),  hit, degat (2)
 - tir N18, arme: lance-torpilleI => chance 101(96),  hit, degat (2)
 - tir N18, arme: lance-torpilleI => chance 101(96),  hit, degat (2)
 - tir N18, arme: lance-torpilleI => chance 101(96),  hit, degat (2)
 - tir N18, arme: lance-torpilleI => chance 101(96),  hit, degat (2)
 - tir N18, arme: lance-torpilleI => chance 101(96),  hit, degat (2)
 - tir N18, arme: lance-torpilleI => chance 101(96),  hit, degat (2), cible detruire
[F0_3 VS F56_0]  C3 , tir vaisseau N°0/3 (Torpilleur standard, race: 3) , attP: (x:2|y:24|z:1) , cible: Croiseur standard, deffP: (x:2|y:24|z:1), distance: 0
 - tir N0, arme: lance-torpilleI => chance 28(8),  miss
 - tir N0, arme: lance-torpilleI => chance 28(8),  miss
 - tir N0, arme: lance-torpilleI => chance 28(8),  miss
 - tir N0, arme: lance-torpilleI => chance 28(8),  miss
[F0_3 VS F56_0]  C3 , tir vaisseau N°0/3 (Torpilleur standard, race: 3) , attP: (x:3|y:19|z:1) , cible: Croiseur standard, deffP: (x:2|y:19|z:1), distance: 1
 - tir N0, arme: lance-torpilleI => chance 27(8),  miss
 - tir N0, arme: lance-torpilleI => chance 27(8),  miss
 - tir N0, arme: lance-torpilleI => chance 27(8),  miss
 - tir N0, arme: lance-torpilleI => chance 27(8),  miss
[F0_3 VS F56_0]  C3 , tir vaisseau N°0/63 (Supercroiseur standard, race: 3) , attP: (x:10|y:22|z:2) , cible: Fregate standard, deffP: (x:16|y:22|z:2), distance: 6
 - tir N0, arme: laserI => chance 16(8),  hit, degat (1)
 - tir N0, arme: laserI => chance 16(8),  miss
 - tir N0, arme: laserI => chance 16(8),  miss
 - tir N0, arme: laserI => chance 16(8),  miss
 - tir N0, arme: laserI => chance 16(8),  miss
 - tir N0, arme: laserI => chance 16(8),  miss
 - tir N0, arme: laserI => chance 16(8),  miss
 - tir N0, arme: laserI => chance 16(8),  hit, degat (1)
 - tir N0, arme: laserI => chance 16(8),  miss
 - tir N0, arme: laserI => chance 16(8),  miss
 - tir N0, arme: laserI => chance 16(8),  miss
 - tir N0, arme: laserI => chance 16(8),  miss
 - tir N0, arme: laserI => chance 16(8),  miss
 - tir N0, arme: laserI => chance 16(8),  miss
 - tir N0, arme: laserI => chance 16(8),  miss
 - tir N0, arme: laserI => chance 16(8),  hit, degat (1)
 - tir N0, arme: laserI => chance 16(8),  miss
 - tir N0, arme: laserI => chance 16(8),  miss
 - tir N0, arme: laserI => chance 16(8),  miss
 - tir N0, arme: laserI => chance 16(8),  miss
 - tir N0, arme: canon à plasmaI => chance 32(8),  miss
 - tir N0, arme: canon à plasmaI => chance 32(8),  miss
 - tir N0, arme: canon à plasmaI => chance 32(8),  miss
 - tir N0, arme: canon à plasmaI => chance 32(8),  miss
 - tir N0, arme: canon à plasmaI => chance 32(8),  hit, degat (1)
 - tir N0, arme: canon à plasmaI => chance 32(8),  miss
 - tir N0, arme: canon à plasmaI => chance 32(8),  miss
 - tir N0, arme: canon à plasmaI => chance 32(8),  miss
 - tir N0, arme: canon à plasmaI => chance 32(8),  miss
 - tir N0, arme: canon à plasmaI => chance 32(8),  miss
 - tir N0, arme: canon à plasmaI => chance 32(8),  miss
 - tir N0, arme: canon à plasmaI => chance 32(8),  hit, degat (1)
 - tir N0, arme: canon à plasmaI => chance 32(8),  hit, degat (1), cible detruire
[F0_3 VS F56_0]  C0 , tir vaisseau N°0/63 (Croiseur standard, race: 6) , attP: (x:2|y:19|z:1) , cible: Croiseur standard, deffP: (x:2|y:24|z:1), distance: 5
 - tir N0, arme: canon à plasmaI => chance 124(96),  hit, shielded (1)
 - tir N0, arme: canon à plasmaI => chance 124(96),  hit, shielded (1)
 - tir N0, arme: canon à plasmaI => chance 124(96),  hit, shielded (1)
 - tir N0, arme: canon à plasmaI => chance 124(96),  hit, shielded (1)
 - tir N0, arme: canon à plasmaI => chance 124(96),  hit, shielded (1)
 - tir N0, arme: canon à plasmaI => chance 124(96),  hit, shielded (1)
 - tir N0, arme: canon à plasmaI => chance 124(96),  hit, shielded (1)
 - tir N0, arme: canon à plasmaI => chance 124(96),  hit, shielded (1)
 - tir N0, arme: canon à plasmaI => chance 124(96),  hit, shielded (1)
 - tir N0, arme: canon à plasmaI => chance 124(96),  hit, shielded (1)
 - tir N0, arme: missileI => chance 124(96),  hit, degat (1)
 - tir N0, arme: missileI => chance 124(96),  hit, degat (1)
 - tir N0, arme: missileI => chance 124(96),  hit, degat (1)
 - tir N0, arme: missileI => chance 124(96),  hit, degat (1)
 - tir N0, arme: missileI => chance 124(96),  hit, degat (1)
 - tir N0, arme: missileI => chance 124(96),  hit, degat (1)
 - tir N0, arme: missileI => chance 124(96),  hit, degat (1)
 - tir N0, arme: missileI => chance 124(96),  hit, degat (1)
 - tir N0, arme: missileI => chance 124(96),  hit, degat (1)
 - tir N0, arme: missileI => chance 124(96),  hit, degat (1)
 - tir N0, arme: lance-torpilleI => chance 111(96),  hit, degat (2)
 - tir N0, arme: lance-torpilleI => chance 111(96),  hit, degat (2)
 - tir N0, arme: lance-torpilleI => chance 111(96),  hit, degat (2)
 - tir N0, arme: lance-torpilleI => chance 111(96),  hit, degat (2)
 - tir N0, arme: lance-torpilleI => chance 111(96),  hit, degat (2)
 - tir N0, arme: lance-torpilleI => chance 111(96),  hit, degat (2)
 - tir N0, arme: lance-torpilleI => chance 111(96),  hit, degat (2)
 - tir N0, arme: lance-torpilleI => chance 111(96),  hit, degat (2)
 - tir N0, arme: lance-torpilleI => chance 111(96),  hit, degat (2)
 - tir N0, arme: lance-torpilleI => chance 111(96),  hit, degat (2)
[F0_3 VS F56_0]  C0 , tir vaisseau N°0/15 (Fregate standard, race: 6) , attP: (x:16|y:22|z:2) 
[F0_3 VS F56_0]  C3 , tir vaisseau N°0/25 (Destroyer standard, race: 3) , attP: (x:16|y:22|z:2) , cible: Supercroiseur standard, deffP: (x:5|y:23|z:1), distance: 11
 - tir N0, arme: laserI - chance < 0 , exit
 - tir N1, arme: canon à plasmaI => chance 17(9),  hit, degat (1)
 - tir N1, arme: canon à plasmaI => chance 17(9),  miss
FIN DE TOUR: F1  192, F2 : 103
TOUR DE COMBAT 4
[F0_3 VS F56_0]  C3 , tir vaisseau N°0/3 (Chasseur standard, race: 3) , attP: (x:16|y:22|z:2) , cible: Fregate standard, deffP: (x:16|y:22|z:2), distance: 0
 - tir N0, arme: laserI => chance 34(9),  miss
 - tir N0, arme: laserI => chance 34(9),  hit, shielded (2)
 - tir N0, arme: laserI => chance 34(9),  miss
 - tir N0, arme: laserI => chance 34(9),  miss
[F0_3 VS F56_0]  C3 , tir vaisseau N°0/3 (Chasseur standard, race: 3) , attP: (x:5|y:23|z:1) , cible: Supercroiseur standard, deffP: (x:5|y:23|z:1), distance: 0
 - tir N0, arme: laserI => chance 23(8),  miss
 - tir N0, arme: laserI => chance 23(8),  hit, degat (1)
 - tir N0, arme: laserI => chance 23(8),  miss
 - tir N0, arme: laserI => chance 23(8),  miss
[F0_3 VS F56_0]  C3 , tir vaisseau N°0/25 (Destroyer standard, race: 3) , attP: (x:5|y:23|z:1) , cible: Supercroiseur standard, deffP: (x:5|y:23|z:1), distance: 0
 - tir N0, arme: laserI => chance 24(9),  miss
 - tir N0, arme: laserI => chance 24(9),  hit, degat (1)
 - tir N0, arme: laserI => chance 24(9),  miss
 - tir N0, arme: laserI => chance 24(9),  miss
 - tir N0, arme: laserI => chance 24(9),  hit, degat (1)
 - tir N0, arme: laserI => chance 24(9),  miss
 - tir N0, arme: laserI => chance 24(9),  miss
 - tir N0, arme: laserI => chance 24(9),  miss
 - tir N0, arme: laserI => chance 24(9),  miss
 - tir N0, arme: laserI => chance 24(9),  miss
 - tir N0, arme: canon à plasmaI => chance 54(9),  hit, degat (1)
 - tir N0, arme: canon à plasmaI => chance 54(9),  hit, degat (1)
 - tir N0, arme: canon à plasmaI => chance 54(9),  hit, degat (1)
 - tir N0, arme: canon à plasmaI => chance 54(9),  hit, degat (1)
 - tir N0, arme: canon à plasmaI => chance 54(9),  miss
 - tir N0, arme: canon à plasmaI => chance 54(9),  miss
 - tir N0, arme: canon à plasmaI => chance 54(9),  hit, degat (1)
 - tir N0, arme: canon à plasmaI => chance 54(9),  miss
 - tir N0, arme: canon à plasmaI => chance 54(9),  miss
 - tir N0, arme: canon à plasmaI => chance 54(9),  miss
[F0_3 VS F56_0]  C3 , tir vaisseau N°0/3 (Chasseur standard, race: 3) , attP: (x:2|y:1020|z:1) , cible: Croiseur standard, deffP: (x:2|y:1020|z:1), distance: 0
 - tir N0, arme: laserI => chance 24(9),  miss
 - tir N0, arme: laserI => chance 24(9),  miss
 - tir N0, arme: laserI => chance 24(9),  miss
 - tir N0, arme: laserI => chance 24(9),  hit, degat (1)
[F0_3 VS F56_0]  C3 , tir vaisseau N°0/25 (Destroyer standard, race: 3) , attP: (x:2|y:1020|z:1) , cible: Croiseur standard, deffP: (x:2|y:1020|z:1), distance: 0
 - tir N0, arme: laserI => chance 23(8),  hit, degat (1)
 - tir N0, arme: laserI => chance 23(8),  miss
 - tir N0, arme: laserI => chance 23(8),  miss
 - tir N0, arme: laserI => chance 23(8),  miss
 - tir N0, arme: laserI => chance 23(8),  miss
 - tir N0, arme: laserI => chance 23(8),  hit, degat (1)
 - tir N0, arme: laserI => chance 23(8),  miss
 - tir N0, arme: laserI => chance 23(8),  miss
 - tir N0, arme: laserI => chance 23(8),  miss
 - tir N0, arme: laserI => chance 23(8),  miss
 - tir N0, arme: canon à plasmaI => chance 53(8),  hit, degat (1)
 - tir N0, arme: canon à plasmaI => chance 53(8),  hit, degat (1)
 - tir N0, arme: canon à plasmaI => chance 53(8),  hit, degat (1)
 - tir N0, arme: canon à plasmaI => chance 53(8),  miss
 - tir N0, arme: canon à plasmaI => chance 53(8),  miss
 - tir N0, arme: canon à plasmaI => chance 53(8),  miss
 - tir N0, arme: canon à plasmaI => chance 53(8),  hit, degat (1)
 - tir N0, arme: canon à plasmaI => chance 53(8),  hit, degat (1)
 - tir N0, arme: canon à plasmaI => chance 53(8),  miss
 - tir N0, arme: canon à plasmaI => chance 53(8),  miss
[F0_3 VS F56_0]  C3 , tir vaisseau N°0/3 (Chasseur standard, race: 3) , attP: (x:16|y:22|z:2) , cible: Fregate standard, deffP: (x:16|y:22|z:2), distance: 0
 - tir N0, arme: laserI => chance 33(8),  miss
 - tir N0, arme: laserI => chance 33(8),  miss
 - tir N0, arme: laserI => chance 33(8),  miss
 - tir N0, arme: laserI => chance 33(8),  miss
[F0_3 VS F56_0]  C3 , tir vaisseau N°0/3 (Chasseur standard, race: 3) , attP: (x:16|y:22|z:2) , cible: Fregate standard, deffP: (x:16|y:22|z:2), distance: 0
 - tir N0, arme: laserI => chance 34(9),  miss
 - tir N0, arme: laserI => chance 34(9),  hit, shielded (2)
 - tir N0, arme: laserI => chance 34(9),  hit, shielded (2)
 - tir N0, arme: laserI => chance 34(9),  miss
[F0_3 VS F56_0]  C3 , tir vaisseau N°0/0 (Intercepteur standard, race: 3) , attP: (x:16|y:22|z:2) , cible: Fregate standard, deffP: (x:16|y:22|z:2), distance: 0
 - tir N0, arme: laserI => chance 33(8),  miss
[F0_3 VS F56_0]  C3 , tir vaisseau N°0/15 (Fregate standard, race: 3) , attP: (x:16|y:22|z:2) , cible: Fregate standard, deffP: (x:16|y:22|z:2), distance: 0
 - tir N0, arme: canon à plasmaI => chance 53(8),  hit, shielded (1)
 - tir N0, arme: canon à plasmaI => chance 53(8),  hit, shielded (1)
 - tir N0, arme: canon à plasmaI => chance 53(8),  miss
 - tir N0, arme: canon à plasmaI => chance 53(8),  hit, degat (1)
 - tir N0, arme: canon à plasmaI => chance 53(8),  miss
 - tir N0, arme: canon à plasmaI => chance 53(8),  hit, degat (1)
 - tir N0, arme: canon à plasmaI => chance 53(8),  miss
 - tir N0, arme: canon à plasmaI => chance 53(8),  miss
 - tir N0, arme: canon à plasmaI => chance 53(8),  hit, degat (1)
 - tir N0, arme: canon à plasmaI => chance 53(8),  miss
[F0_3 VS F56_0]  C3 , tir vaisseau N°0/3 (Chasseur standard, race: 3) , attP: (x:5|y:23|z:1) , cible: Supercroiseur standard, deffP: (x:5|y:23|z:1), distance: 0
 - tir N0, arme: laserI => chance 23(8),  miss
 - tir N0, arme: laserI => chance 23(8),  miss
 - tir N0, arme: laserI => chance 23(8),  miss
 - tir N0, arme: laserI => chance 23(8),  miss
[F0_3 VS F56_0]  C3 , tir vaisseau N°0/0 (Intercepteur standard, race: 3) , attP: (x:5|y:23|z:1) , cible: Supercroiseur standard, deffP: (x:5|y:23|z:1), distance: 0
 - tir N0, arme: laserI => chance 23(8),  miss
[F0_3 VS F56_0]  C3 , tir vaisseau N°0/0 (Intercepteur standard, race: 3) , attP: (x:2|y:1020|z:1) , cible: Croiseur standard, deffP: (x:2|y:1020|z:1), distance: 0
 - tir N0, arme: laserI => chance 23(8),  miss
[F0_3 VS F56_0]  C3 , tir vaisseau N°0/3 (Torpilleur standard, race: 3) , attP: (x:16|y:22|z:2) , cible: Fregate standard, deffP: (x:16|y:22|z:2), distance: 0
 - tir N0, arme: lance-torpilleI => chance 18(8),  miss
 - tir N0, arme: lance-torpilleI => chance 18(8),  hit, degat (2)
 - tir N0, arme: lance-torpilleI => chance 18(8),  miss
 - tir N0, arme: lance-torpilleI => chance 18(8),  miss
[F0_3 VS F56_0]  C3 , tir vaisseau N°0/3 (Torpilleur standard, race: 3) , attP: (x:2|y:1020|z:1) , cible: Croiseur standard, deffP: (x:2|y:1020|z:1), distance: 0
 - tir N0, arme: lance-torpilleI => chance 28(8),  hit, degat (2)
 - tir N0, arme: lance-torpilleI => chance 28(8),  miss
 - tir N0, arme: lance-torpilleI => chance 28(8),  hit, degat (2)
 - tir N0, arme: lance-torpilleI => chance 28(8),  hit, degat (2)
[F0_3 VS F56_0]  C3 , tir vaisseau N°0/3 (Torpilleur standard, race: 3) , attP: (x:16|y:22|z:2) , cible: Fregate standard, deffP: (x:16|y:22|z:2), distance: 0
 - tir N0, arme: lance-torpilleI => chance 18(8),  hit, degat (2)
 - tir N0, arme: lance-torpilleI => chance 18(8),  hit, degat (2)
 - tir N0, arme: lance-torpilleI => chance 18(8),  miss
 - tir N0, arme: lance-torpilleI => chance 18(8),  miss
[F0_3 VS F56_0]  C3 , tir vaisseau N°0/0 (Intercepteur standard, race: 3) , attP: (x:2|y:1020|z:1) , cible: Croiseur standard, deffP: (x:2|y:1020|z:1), distance: 0
 - tir N0, arme: laserI => chance 23(8),  miss
[F0_3 VS F56_0]  C3 , tir vaisseau N°0/3 (Torpilleur standard, race: 3) , attP: (x:5|y:23|z:1) , cible: Supercroiseur standard, deffP: (x:5|y:23|z:1), distance: 0
 - tir N0, arme: lance-torpilleI => chance 29(9),  miss
 - tir N0, arme: lance-torpilleI => chance 29(9),  hit, degat (2)
 - tir N0, arme: lance-torpilleI => chance 29(9),  hit, degat (2)
 - tir N0, arme: lance-torpilleI => chance 29(9),  miss
[F0_3 VS F56_0]  C3 , tir vaisseau N°0/15 (Fregate standard, race: 3) , attP: (x:16|y:22|z:2) , cible: Fregate standard, deffP: (x:16|y:22|z:2), distance: 0
 - tir N0, arme: canon à plasmaI => chance 53(8),  miss
 - tir N0, arme: canon à plasmaI => chance 53(8),  miss
 - tir N0, arme: canon à plasmaI => chance 53(8),  miss
 - tir N0, arme: canon à plasmaI => chance 53(8),  miss
 - tir N0, arme: canon à plasmaI => chance 53(8),  hit, degat (1)
 - tir N0, arme: canon à plasmaI => chance 53(8),  miss
 - tir N0, arme: canon à plasmaI => chance 53(8),  hit, degat (1)
 - tir N0, arme: canon à plasmaI => chance 53(8),  miss
[F0_3 VS F56_0]  C0 , tir vaisseau N°0/15 (Fregate standard, race: 6) , attP: (x:16|y:22|z:2) , cible: Supercroiseur standard, deffP: (x:16|y:22|z:2), distance: 0
 - tir N0, arme: canon à plasmaI => chance 142(97),  hit, shielded (1)
 - tir N0, arme: canon à plasmaI => chance 142(97),  hit, shielded (1)
 - tir N0, arme: canon à plasmaI => chance 142(97),  hit, shielded (1)
 - tir N0, arme: canon à plasmaI => chance 142(97),  hit, shielded (1)
 - tir N0, arme: canon à plasmaI => chance 142(97),  hit, shielded (1)
[F0_3 VS F56_0]  C3 , tir vaisseau N°0/63 (Supercroiseur standard, race: 3) , attP: (x:16|y:22|z:2) , cible: Fregate standard, deffP: (x:16|y:22|z:2), distance: 0
 - tir N0, arme: laserI => chance 33(8),  miss
 - tir N0, arme: laserI => chance 33(8),  miss
 - tir N0, arme: laserI => chance 33(8),  miss
 - tir N0, arme: laserI => chance 33(8),  miss
 - tir N0, arme: laserI => chance 33(8),  miss
 - tir N0, arme: laserI => chance 33(8),  hit, degat (1)
 - tir N0, arme: laserI => chance 33(8),  hit, degat (1)
 - tir N0, arme: laserI => chance 33(8),  miss
 - tir N0, arme: laserI => chance 33(8),  miss
 - tir N0, arme: laserI => chance 33(8),  miss
 - tir N0, arme: laserI => chance 33(8),  miss
 - tir N0, arme: laserI => chance 33(8),  hit, degat (1)
 - tir N0, arme: laserI => chance 33(8),  miss
 - tir N0, arme: laserI => chance 33(8),  miss
 - tir N0, arme: laserI => chance 33(8),  miss
 - tir N0, arme: laserI => chance 33(8),  miss
 - tir N0, arme: laserI => chance 33(8),  miss
 - tir N0, arme: laserI => chance 33(8),  miss
 - tir N0, arme: laserI => chance 33(8),  miss
 - tir N0, arme: laserI => chance 33(8),  miss
 - tir N0, arme: canon à plasmaI => chance 53(8),  hit, degat (1)
 - tir N0, arme: canon à plasmaI => chance 53(8),  hit, degat (1)
 - tir N0, arme: canon à plasmaI => chance 53(8),  miss
 - tir N0, arme: canon à plasmaI => chance 53(8),  miss
 - tir N0, arme: canon à plasmaI => chance 53(8),  hit, degat (1)
 - tir N0, arme: canon à plasmaI => chance 53(8),  hit, degat (1)
 - tir N0, arme: canon à plasmaI => chance 53(8),  hit, degat (1)
 - tir N0, arme: canon à plasmaI => chance 53(8),  hit, degat (1)
 - tir N0, arme: canon à plasmaI => chance 53(8),  hit, degat (1)
 - tir N0, arme: canon à plasmaI => chance 53(8),  hit, degat (1)
 - tir N0, arme: canon à plasmaI => chance 53(8),  hit, degat (1)
 - tir N0, arme: canon à plasmaI => chance 53(8),  hit, degat (1)
 - tir N0, arme: canon à plasmaI => chance 53(8),  miss
 - tir N0, arme: canon à plasmaI => chance 53(8),  hit, degat (1)
 - tir N0, arme: canon à plasmaI => chance 53(8),  hit, degat (1)
 - tir N0, arme: canon à plasmaI => chance 53(8),  miss
 - tir N0, arme: canon à plasmaI => chance 53(8),  hit, degat (1)
 - tir N0, arme: canon à plasmaI => chance 53(8),  hit, degat (1)
 - tir N0, arme: canon à plasmaI => chance 53(8),  miss
 - tir N0, arme: canon à plasmaI => chance 53(8),  miss
 - tir N0, arme: lance-torpilleI => chance 18(8),  hit, degat (2)
 - tir N0, arme: lance-torpilleI => chance 18(8),  miss
 - tir N0, arme: lance-torpilleI => chance 18(8),  miss
 - tir N0, arme: lance-torpilleI => chance 18(8),  miss
 - tir N0, arme: lance-torpilleI => chance 18(8),  hit, degat (2), cible detruire
[F0_3 VS F56_0]  C3 , tir vaisseau N°0/25 (Destroyer standard, race: 3) , attP: (x:5|y:23|z:1) , cible: Supercroiseur standard, deffP: (x:5|y:23|z:1), distance: 0
 - tir N0, arme: laserI => chance 23(8),  miss
 - tir N0, arme: laserI => chance 23(8),  hit, degat (1)
 - tir N0, arme: laserI => chance 23(8),  miss
 - tir N0, arme: laserI => chance 23(8),  miss
 - tir N0, arme: laserI => chance 23(8),  miss
 - tir N0, arme: laserI => chance 23(8),  miss
 - tir N0, arme: laserI => chance 23(8),  miss
 - tir N0, arme: laserI => chance 23(8),  hit, degat (1)
 - tir N0, arme: laserI => chance 23(8),  miss
 - tir N0, arme: laserI => chance 23(8),  hit, degat (1)
 - tir N0, arme: canon à plasmaI => chance 53(8),  hit, degat (1)
 - tir N0, arme: canon à plasmaI => chance 53(8),  hit, degat (1)
 - tir N0, arme: canon à plasmaI => chance 53(8),  hit, degat (1)
 - tir N0, arme: canon à plasmaI => chance 53(8),  miss
 - tir N0, arme: canon à plasmaI => chance 53(8),  hit, degat (1)
 - tir N0, arme: canon à plasmaI => chance 53(8),  miss
 - tir N0, arme: canon à plasmaI => chance 53(8),  miss
 - tir N0, arme: canon à plasmaI => chance 53(8),  hit, degat (1)
 - tir N0, arme: canon à plasmaI => chance 53(8),  miss
 - tir N0, arme: canon à plasmaI => chance 53(8),  hit, degat (1)
[F0_3 VS F56_0]  C3 , tir vaisseau N°0/3 (Torpilleur standard, race: 3) , attP: (x:2|y:1020|z:1) , cible: Croiseur standard, deffP: (x:2|y:1020|z:1), distance: 0
 - tir N0, arme: lance-torpilleI => chance 28(8),  hit, degat (2), cible detruire
[F0_3 VS F56_0]  C3 , tir vaisseau N°0/3 (Torpilleur standard, race: 3) , attP: (x:16|y:22|z:2) 
[F0_3 VS F56_0]  C3 , tir vaisseau N°0/63 (Croiseur standard, race: 3) , attP: (x:2|y:1020|z:1) 
[F0_3 VS F56_0]  C0 , tir vaisseau N°0/63 (Croiseur standard, race: 6) , attP: (x:2|y:24|z:1) , cible: Croiseur standard, deffP: (x:2|y:1020|z:1), distance: 996
 - tir N0, arme: canon à plasmaI - chance < 0 , exit
 - tir N1, arme: canon à plasmaI - chance < 0 , exit
 - tir N2, arme: canon à plasmaI - chance < 0 , exit
 - tir N3, arme: canon à plasmaI - chance < 0 , exit
 - tir N4, arme: canon à plasmaI - chance < 0 , exit
 - tir N5, arme: canon à plasmaI - chance < 0 , exit
 - tir N6, arme: canon à plasmaI - chance < 0 , exit
 - tir N7, arme: canon à plasmaI - chance < 0 , exit
 - tir N8, arme: canon à plasmaI - chance < 0 , exit
 - tir N9, arme: canon à plasmaI - chance < 0 , exit
 - tir N10, arme: missileI - chance < 0 , exit
 - tir N11, arme: missileI - chance < 0 , exit
 - tir N12, arme: missileI - chance < 0 , exit
 - tir N13, arme: missileI - chance < 0 , exit
 - tir N14, arme: missileI - chance < 0 , exit
 - tir N15, arme: missileI - chance < 0 , exit
 - tir N16, arme: missileI - chance < 0 , exit
 - tir N17, arme: missileI - chance < 0 , exit
 - tir N18, arme: missileI - chance < 0 , exit
 - tir N19, arme: missileI - chance < 0 , exit
 - tir N20, arme: lance-torpilleI - chance < 0 , exit
 - tir N21, arme: lance-torpilleI - chance < 0 , exit
 - tir N22, arme: lance-torpilleI - chance < 0 , exit
 - tir N23, arme: lance-torpilleI - chance < 0 , exit
 - tir N24, arme: lance-torpilleI - chance < 0 , exit
 - tir N25, arme: lance-torpilleI - chance < 0 , exit
 - tir N26, arme: lance-torpilleI - chance < 0 , exit
 - tir N27, arme: lance-torpilleI - chance < 0 , exit
 - tir N28, arme: lance-torpilleI - chance < 0 , exit
 - tir N29, arme: lance-torpilleI - chance < 0 , exit
[F0_3 VS F56_0]  C3 , tir vaisseau N°0/25 (Destroyer standard, race: 3) , attP: (x:16|y:22|z:2) , cible: Supercroiseur standard, deffP: (x:5|y:23|z:1), distance: 11
 - tir N0, arme: laserI - chance < 0 , exit
 - tir N1, arme: canon à plasmaI => chance 17(9),  miss
 - tir N1, arme: canon à plasmaI => chance 17(9),  miss
[F0_3 VS F56_0]  C0 , tir vaisseau N°0/63 (Supercroiseur standard, race: 6) , attP: (x:5|y:23|z:1) , cible: Intercepteur standard, deffP: (x:2|y:1020|z:1), distance: 997
 - tir N0, arme: laserI - chance < 0 , exit
 - tir N1, arme: laserI - chance < 0 , exit
 - tir N2, arme: laserI - chance < 0 , exit
 - tir N3, arme: laserI - chance < 0 , exit
 - tir N4, arme: laserI - chance < 0 , exit
 - tir N5, arme: laserI - chance < 0 , exit
 - tir N6, arme: laserI - chance < 0 , exit
 - tir N7, arme: laserI - chance < 0 , exit
 - tir N8, arme: laserI - chance < 0 , exit
 - tir N9, arme: laserI - chance < 0 , exit
 - tir N10, arme: laserI - chance < 0 , exit
 - tir N11, arme: laserI - chance < 0 , exit
 - tir N12, arme: laserI - chance < 0 , exit
 - tir N13, arme: laserI - chance < 0 , exit
 - tir N14, arme: canon à plasmaI - chance < 0 , exit
 - tir N15, arme: canon à plasmaI - chance < 0 , exit
 - tir N16, arme: canon à plasmaI - chance < 0 , exit
 - tir N17, arme: canon à plasmaI - chance < 0 , exit
 - tir N18, arme: canon à plasmaI - chance < 0 , exit
 - tir N19, arme: canon à plasmaI - chance < 0 , exit
 - tir N20, arme: canon à plasmaI - chance < 0 , exit
 - tir N21, arme: canon à plasmaI - chance < 0 , exit
 - tir N22, arme: canon à plasmaI - chance < 0 , exit
 - tir N23, arme: canon à plasmaI - chance < 0 , exit
 - tir N24, arme: canon à plasmaI - chance < 0 , exit
 - tir N25, arme: canon à plasmaI - chance < 0 , exit
 - tir N26, arme: canon à plasmaI - chance < 0 , exit
 - tir N27, arme: lance-torpilleI - chance < 0 , exit
 - tir N28, arme: lance-torpilleI - chance < 0 , exit
 - tir N29, arme: lance-torpilleI - chance < 0 , exit
 - tir N30, arme: lance-torpilleI - chance < 0 , exit
 - tir N31, arme: lance-torpilleI - chance < 0 , exit
 - tir N32, arme: lance-torpilleI - chance < 0 , exit
 - tir N33, arme: lance-torpilleI - chance < 0 , exit
 - tir N34, arme: lance-torpilleI - chance < 0 , exit
 - tir N35, arme: lance-torpilleI - chance < 0 , exit
 - tir N36, arme: lance-torpilleI - chance < 0 , exit
 - tir N37, arme: lance-torpilleI - chance < 0 , exit
 - tir N38, arme: lance-torpilleI - chance < 0 , exit
 - tir N39, arme: lance-torpilleI - chance < 0 , exit
 - tir N40, arme: lance-torpilleI - chance < 0 , exit
[F0_3 VS F56_0]  C0 , tir vaisseau N°0/63 (Croiseur standard, race: 6) , attP: (x:2|y:1020|z:1) 
FIN DE TOUR: F1  192, F2 : 170
TOUR DE COMBAT 5
[F0_3 VS F56_0]  C3 , tir vaisseau N°0/3 (Chasseur standard, race: 3) , attP: (x:11|y:994|z:2) , cible: Croiseur standard, deffP: (x:11|y:22|z:2), distance: 972
 - tir N0, arme: laserI - chance < 0 , exit
 - tir N1, arme: laserI - chance < 0 , exit
 - tir N2, arme: laserI - chance < 0 , exit
 - tir N3, arme: laserI - chance < 0 , exit
[F0_3 VS F56_0]  C3 , tir vaisseau N°0/3 (Chasseur standard, race: 3) , attP: (x:5|y:23|z:1) , cible: Supercroiseur standard, deffP: (x:5|y:23|z:1), distance: 0
 - tir N0, arme: laserI => chance 24(9),  miss
 - tir N0, arme: laserI => chance 24(9),  miss
 - tir N0, arme: laserI => chance 24(9),  hit, degat (1)
 - tir N0, arme: laserI => chance 24(9),  miss
[F0_3 VS F56_0]  C3 , tir vaisseau N°0/3 (Chasseur standard, race: 3) , attP: (x:5|y:23|z:1) , cible: Supercroiseur standard, deffP: (x:5|y:23|z:1), distance: 0
 - tir N0, arme: laserI => chance 23(8),  miss
 - tir N0, arme: laserI => chance 23(8),  miss
 - tir N0, arme: laserI => chance 23(8),  miss
 - tir N0, arme: laserI => chance 23(8),  miss
[F0_3 VS F56_0]  C3 , tir vaisseau N°0/3 (Chasseur standard, race: 3) , attP: (x:5|y:23|z:1) , cible: Supercroiseur standard, deffP: (x:5|y:23|z:1), distance: 0
 - tir N0, arme: laserI => chance 24(9),  miss
 - tir N0, arme: laserI => chance 24(9),  miss
 - tir N0, arme: laserI => chance 24(9),  miss
 - tir N0, arme: laserI => chance 24(9),  hit, degat (1)
[F0_3 VS F56_0]  C3 , tir vaisseau N°0/0 (Intercepteur standard, race: 3) , attP: (x:11|y:995|z:2) , cible: Croiseur standard, deffP: (x:11|y:22|z:2), distance: 973
 - tir N0, arme: laserI - chance < 0 , exit
[F0_3 VS F56_0]  C3 , tir vaisseau N°0/0 (Intercepteur standard, race: 3) , attP: (x:5|y:23|z:1) , cible: Supercroiseur standard, deffP: (x:5|y:23|z:1), distance: 0
 - tir N0, arme: laserI => chance 23(8),  miss
[F0_3 VS F56_0]  C3 , tir vaisseau N°0/3 (Chasseur standard, race: 3) , attP: (x:5|y:23|z:1) , cible: Supercroiseur standard, deffP: (x:5|y:23|z:1), distance: 0
 - tir N0, arme: laserI => chance 23(8),  miss
 - tir N0, arme: laserI => chance 23(8),  hit, degat (1)
 - tir N0, arme: laserI => chance 23(8),  miss
 - tir N0, arme: laserI => chance 23(8),  miss
[F0_3 VS F56_0]  C3 , tir vaisseau N°0/0 (Intercepteur standard, race: 3) , attP: (x:11|y:995|z:2) , cible: Croiseur standard, deffP: (x:11|y:22|z:2), distance: 973
 - tir N0, arme: laserI - chance < 0 , exit
[F0_3 VS F56_0]  C3 , tir vaisseau N°0/0 (Intercepteur standard, race: 3) , attP: (x:16|y:22|z:2) pas de cible
[F0_3 VS F56_0]  C3 , tir vaisseau N°0/15 (Fregate standard, race: 3) , attP: (x:5|y:23|z:1) , cible: Supercroiseur standard, deffP: (x:5|y:23|z:1), distance: 0
 - tir N0, arme: canon à plasmaI => chance 53(8),  hit, degat (1)
 - tir N0, arme: canon à plasmaI => chance 53(8),  miss
 - tir N0, arme: canon à plasmaI => chance 53(8),  hit, degat (1)
 - tir N0, arme: canon à plasmaI => chance 53(8),  miss
 - tir N0, arme: canon à plasmaI => chance 53(8),  hit, degat (1)
 - tir N0, arme: canon à plasmaI => chance 53(8),  miss
 - tir N0, arme: canon à plasmaI => chance 53(8),  hit, degat (1)
 - tir N0, arme: canon à plasmaI => chance 53(8),  miss
 - tir N0, arme: canon à plasmaI => chance 53(8),  hit, degat (1)
 - tir N0, arme: canon à plasmaI => chance 53(8),  hit, degat (1)
[F0_3 VS F56_0]  C3 , tir vaisseau N°0/3 (Chasseur standard, race: 3) , attP: (x:5|y:23|z:1) , cible: Supercroiseur standard, deffP: (x:5|y:23|z:1), distance: 0
 - tir N0, arme: laserI => chance 23(8),  hit, degat (1)
 - tir N0, arme: laserI => chance 23(8),  miss
 - tir N0, arme: laserI => chance 23(8),  miss
 - tir N0, arme: laserI => chance 23(8),  miss
[F0_3 VS F56_0]  C3 , tir vaisseau N°0/25 (Destroyer standard, race: 3) , attP: (x:5|y:23|z:1) , cible: Supercroiseur standard, deffP: (x:5|y:23|z:1), distance: 0
 - tir N0, arme: laserI => chance 23(8),  hit, degat (1)
 - tir N0, arme: laserI => chance 23(8),  hit, degat (1)
 - tir N0, arme: laserI => chance 23(8),  hit, degat (1)
 - tir N0, arme: laserI => chance 23(8),  miss
 - tir N0, arme: laserI => chance 23(8),  miss
 - tir N0, arme: laserI => chance 23(8),  hit, degat (1)
 - tir N0, arme: laserI => chance 23(8),  miss
 - tir N0, arme: laserI => chance 23(8),  miss
 - tir N0, arme: laserI => chance 23(8),  miss
 - tir N0, arme: laserI => chance 23(8),  miss
 - tir N0, arme: canon à plasmaI => chance 53(8),  hit, degat (1)
 - tir N0, arme: canon à plasmaI => chance 53(8),  hit, degat (1)
 - tir N0, arme: canon à plasmaI => chance 53(8),  hit, degat (1)
 - tir N0, arme: canon à plasmaI => chance 53(8),  hit, degat (1)
 - tir N0, arme: canon à plasmaI => chance 53(8),  miss
 - tir N0, arme: canon à plasmaI => chance 53(8),  miss
 - tir N0, arme: canon à plasmaI => chance 53(8),  hit, degat (1)
 - tir N0, arme: canon à plasmaI => chance 53(8),  hit, degat (1)
 - tir N0, arme: canon à plasmaI => chance 54(9),  miss
 - tir N0, arme: canon à plasmaI => chance 54(9),  miss
[F0_3 VS F56_0]  C3 , tir vaisseau N°0/25 (Destroyer standard, race: 3) , attP: (x:11|y:991|z:2) , cible: Croiseur standard, deffP: (x:11|y:22|z:2), distance: 969
 - tir N0, arme: laserI - chance < 0 , exit
 - tir N1, arme: laserI - chance < 0 , exit
 - tir N2, arme: laserI - chance < 0 , exit
 - tir N3, arme: laserI - chance < 0 , exit
 - tir N4, arme: laserI - chance < 0 , exit
 - tir N5, arme: laserI - chance < 0 , exit
 - tir N6, arme: laserI - chance < 0 , exit
 - tir N7, arme: laserI - chance < 0 , exit
 - tir N8, arme: laserI - chance < 0 , exit
 - tir N9, arme: laserI - chance < 0 , exit
 - tir N10, arme: canon à plasmaI - chance < 0 , exit
 - tir N11, arme: canon à plasmaI - chance < 0 , exit
 - tir N12, arme: canon à plasmaI - chance < 0 , exit
 - tir N13, arme: canon à plasmaI - chance < 0 , exit
 - tir N14, arme: canon à plasmaI - chance < 0 , exit
 - tir N15, arme: canon à plasmaI - chance < 0 , exit
 - tir N16, arme: canon à plasmaI - chance < 0 , exit
 - tir N17, arme: canon à plasmaI - chance < 0 , exit
 - tir N18, arme: canon à plasmaI - chance < 0 , exit
 - tir N19, arme: canon à plasmaI - chance < 0 , exit
[F0_3 VS F56_0]  C3 , tir vaisseau N°0/25 (Destroyer standard, race: 3) , attP: (x:5|y:23|z:1) , cible: Supercroiseur standard, deffP: (x:5|y:23|z:1), distance: 0
 - tir N0, arme: laserI => chance 24(9),  miss
 - tir N0, arme: laserI => chance 24(9),  miss
 - tir N0, arme: laserI => chance 24(9),  hit, degat (1)
 - tir N0, arme: laserI => chance 24(9),  hit, degat (1)
 - tir N0, arme: laserI => chance 24(9),  miss
 - tir N0, arme: laserI => chance 24(9),  miss
 - tir N0, arme: laserI => chance 24(9),  miss
 - tir N0, arme: laserI => chance 24(9),  miss
 - tir N0, arme: laserI => chance 24(9),  miss
 - tir N0, arme: laserI => chance 24(9),  miss
 - tir N0, arme: canon à plasmaI => chance 54(9),  miss
 - tir N0, arme: canon à plasmaI => chance 54(9),  hit, degat (1)
 - tir N0, arme: canon à plasmaI => chance 54(9),  hit, degat (1)
 - tir N0, arme: canon à plasmaI => chance 54(9),  miss
 - tir N0, arme: canon à plasmaI => chance 54(9),  miss
 - tir N0, arme: canon à plasmaI => chance 54(9),  miss
 - tir N0, arme: canon à plasmaI => chance 54(9),  miss
 - tir N0, arme: canon à plasmaI => chance 54(9),  hit, degat (1)
 - tir N0, arme: canon à plasmaI => chance 54(9),  miss
 - tir N0, arme: canon à plasmaI => chance 54(9),  hit, degat (1)
[F0_3 VS F56_0]  C3 , tir vaisseau N°0/3 (Torpilleur standard, race: 3) , attP: (x:5|y:23|z:1) , cible: Supercroiseur standard, deffP: (x:5|y:23|z:1), distance: 0
 - tir N0, arme: lance-torpilleI => chance 28(8),  miss
 - tir N0, arme: lance-torpilleI => chance 28(8),  hit, degat (2)
 - tir N0, arme: lance-torpilleI => chance 28(8),  hit, degat (2)
 - tir N0, arme: lance-torpilleI => chance 28(8),  hit, degat (2)
[F0_3 VS F56_0]  C3 , tir vaisseau N°0/15 (Fregate standard, race: 3) , attP: (x:5|y:23|z:1) , cible: Supercroiseur standard, deffP: (x:5|y:23|z:1), distance: 0
 - tir N0, arme: canon à plasmaI => chance 53(8),  miss
 - tir N0, arme: canon à plasmaI => chance 53(8),  hit, degat (1)
 - tir N0, arme: canon à plasmaI => chance 53(8),  hit, degat (1)
 - tir N0, arme: canon à plasmaI => chance 53(8),  hit, degat (1)
 - tir N0, arme: canon à plasmaI => chance 53(8),  hit, degat (1)
 - tir N0, arme: canon à plasmaI => chance 53(8),  miss
 - tir N0, arme: canon à plasmaI => chance 53(8),  miss
 - tir N0, arme: canon à plasmaI => chance 53(8),  miss
[F0_3 VS F56_0]  C3 , tir vaisseau N°0/3 (Torpilleur standard, race: 3) , attP: (x:5|y:23|z:1) , cible: Supercroiseur standard, deffP: (x:5|y:23|z:1), distance: 0
 - tir N0, arme: lance-torpilleI => chance 28(8),  miss
 - tir N0, arme: lance-torpilleI => chance 28(8),  hit, degat (2)
 - tir N0, arme: lance-torpilleI => chance 28(8),  miss
 - tir N0, arme: lance-torpilleI => chance 28(8),  miss
[F0_3 VS F56_0]  C3 , tir vaisseau N°0/3 (Torpilleur standard, race: 3) , attP: (x:5|y:23|z:1) , cible: Supercroiseur standard, deffP: (x:5|y:23|z:1), distance: 0
 - tir N0, arme: lance-torpilleI => chance 29(9),  miss
 - tir N0, arme: lance-torpilleI => chance 29(9),  miss
 - tir N0, arme: lance-torpilleI => chance 29(9),  miss
 - tir N0, arme: lance-torpilleI => chance 29(9),  miss
[F0_3 VS F56_0]  C3 , tir vaisseau N°0/3 (Torpilleur standard, race: 3) , attP: (x:11|y:994|z:2) , cible: Croiseur standard, deffP: (x:11|y:22|z:2), distance: 972
 - tir N0, arme: lance-torpilleI - chance < 0 , exit
 - tir N1, arme: lance-torpilleI - chance < 0 , exit
 - tir N2, arme: lance-torpilleI - chance < 0 , exit
 - tir N3, arme: lance-torpilleI - chance < 0 , exit
[F0_3 VS F56_0]  C3 , tir vaisseau N°0/3 (Torpilleur standard, race: 3) , attP: (x:5|y:23|z:1) , cible: Supercroiseur standard, deffP: (x:5|y:23|z:1), distance: 0
 - tir N0, arme: lance-torpilleI => chance 29(9),  hit, degat (2)
 - tir N0, arme: lance-torpilleI => chance 29(9),  hit, degat (2)
 - tir N0, arme: lance-torpilleI => chance 29(9),  miss
 - tir N0, arme: lance-torpilleI => chance 29(9),  miss
[F0_3 VS F56_0]  C0 , tir vaisseau N°0/63 (Croiseur standard, race: 6) , attP: (x:11|y:22|z:2) , cible: Fregate standard, deffP: (x:5|y:23|z:1), distance: 6
 - tir N0, arme: canon à plasmaI => chance 121(97),  hit, shielded (1)
 - tir N0, arme: canon à plasmaI => chance 121(97),  hit, shielded (1)
 - tir N0, arme: canon à plasmaI => chance 121(97),  hit, shielded (1)
 - tir N0, arme: canon à plasmaI => chance 121(97),  hit, shielded (1)
 - tir N0, arme: canon à plasmaI => chance 121(97),  hit, shielded (1)
 - tir N0, arme: canon à plasmaI => chance 121(97),  hit, shielded (1)
 - tir N0, arme: canon à plasmaI => chance 121(97),  hit, shielded (1)
 - tir N0, arme: canon à plasmaI => chance 121(97),  hit, shielded (1)
 - tir N0, arme: canon à plasmaI => chance 121(97),  hit, shielded (1)
 - tir N0, arme: canon à plasmaI => chance 121(97),  hit, shielded (1)
 - tir N0, arme: missileI => chance 122(97),  hit, degat (1)
 - tir N0, arme: missileI => chance 122(97),  hit, degat (1)
 - tir N0, arme: missileI => chance 122(97),  hit, degat (1)
 - tir N0, arme: missileI => chance 122(97),  hit, degat (1)
 - tir N0, arme: missileI => chance 122(97),  hit, degat (1)
 - tir N0, arme: missileI => chance 121(96),  hit, degat (1)
 - tir N0, arme: missileI => chance 121(96),  hit, degat (1)
 - tir N0, arme: missileI => chance 121(96),  hit, degat (1)
 - tir N0, arme: missileI => chance 121(96),  hit, degat (1)
 - tir N0, arme: missileI => chance 121(96),  hit, degat (1)
 - tir N0, arme: lance-torpilleI => chance 103(96),  hit, degat (2)
 - tir N0, arme: lance-torpilleI => chance 103(96),  hit, degat (2)
 - tir N0, arme: lance-torpilleI => chance 103(96),  hit, degat (2)
 - tir N0, arme: lance-torpilleI => chance 103(96),  hit, degat (2)
 - tir N0, arme: lance-torpilleI => chance 103(96),  hit, degat (2)
 - tir N0, arme: lance-torpilleI => chance 103(96),  hit, degat (2)
 - tir N0, arme: lance-torpilleI => chance 103(96),  hit, degat (2)
 - tir N0, arme: lance-torpilleI => chance 103(96),  hit, degat (2)
 - tir N0, arme: lance-torpilleI => chance 103(96),  hit, degat (2)
 - tir N0, arme: lance-torpilleI => chance 103(96),  hit, degat (2)
[F0_3 VS F56_0]  C3 , tir vaisseau N°0/63 (Supercroiseur standard, race: 3) , attP: (x:7|y:23|z:1) , cible: Supercroiseur standard, deffP: (x:5|y:23|z:1), distance: 2
 - tir N0, arme: laserI => chance 19(8),  miss
 - tir N0, arme: laserI => chance 19(8),  miss
 - tir N0, arme: laserI => chance 19(8),  miss
 - tir N0, arme: laserI => chance 19(8),  hit, degat (1)
 - tir N0, arme: laserI => chance 19(8),  miss
 - tir N0, arme: laserI => chance 19(8),  miss
 - tir N0, arme: laserI => chance 19(8),  miss
 - tir N0, arme: laserI => chance 19(8),  hit, degat (1)
 - tir N0, arme: laserI => chance 19(8),  miss
 - tir N0, arme: laserI => chance 19(8),  miss
 - tir N0, arme: laserI => chance 19(8),  miss
 - tir N0, arme: laserI => chance 19(8),  miss
 - tir N0, arme: laserI => chance 19(8),  miss
 - tir N0, arme: laserI => chance 19(8),  miss
 - tir N0, arme: laserI => chance 19(8),  miss
 - tir N0, arme: laserI => chance 19(8),  miss
 - tir N0, arme: laserI => chance 19(8),  miss
 - tir N0, arme: laserI => chance 19(8),  hit, degat (1)
 - tir N0, arme: laserI => chance 19(8),  miss
 - tir N0, arme: laserI => chance 19(8),  miss
 - tir N0, arme: canon à plasmaI => chance 46(8),  hit, degat (1)
 - tir N0, arme: canon à plasmaI => chance 46(8),  miss
 - tir N0, arme: canon à plasmaI => chance 46(8),  miss
 - tir N0, arme: canon à plasmaI => chance 46(8),  hit, degat (1)
 - tir N0, arme: canon à plasmaI => chance 46(8),  miss
 - tir N0, arme: canon à plasmaI => chance 46(8),  hit, degat (1)
 - tir N0, arme: canon à plasmaI => chance 46(8),  hit, degat (1)
 - tir N0, arme: canon à plasmaI => chance 46(8),  miss
 - tir N0, arme: canon à plasmaI => chance 46(8),  miss
 - tir N0, arme: canon à plasmaI => chance 46(8),  hit, degat (1)
 - tir N0, arme: canon à plasmaI => chance 46(8),  hit, degat (1)
 - tir N0, arme: canon à plasmaI => chance 46(8),  hit, degat (1)
 - tir N0, arme: canon à plasmaI => chance 46(8),  hit, degat (1)
 - tir N0, arme: canon à plasmaI => chance 46(8),  miss
 - tir N0, arme: canon à plasmaI => chance 46(8),  hit, degat (1)
 - tir N0, arme: canon à plasmaI => chance 46(8),  miss
 - tir N0, arme: canon à plasmaI => chance 46(8),  hit, degat (1)
 - tir N0, arme: canon à plasmaI => chance 46(8),  hit, degat (1)
 - tir N0, arme: canon à plasmaI => chance 46(8),  miss
 - tir N0, arme: canon à plasmaI => chance 46(8),  hit, degat (1)
 - tir N0, arme: lance-torpilleI => chance 26(8),  miss
 - tir N0, arme: lance-torpilleI => chance 26(8),  miss
 - tir N0, arme: lance-torpilleI => chance 26(8),  miss
 - tir N0, arme: lance-torpilleI => chance 26(8),  hit, degat (2)
 - tir N0, arme: lance-torpilleI => chance 26(8),  miss
 - tir N0, arme: lance-torpilleI => chance 26(8),  miss
 - tir N0, arme: lance-torpilleI => chance 26(8),  miss
 - tir N0, arme: lance-torpilleI => chance 26(8),  hit, degat (2)
 - tir N0, arme: lance-torpilleI => chance 26(8),  miss
 - tir N0, arme: lance-torpilleI => chance 26(8),  miss
 - tir N0, arme: lance-torpilleI => chance 26(8),  miss
 - tir N0, arme: lance-torpilleI => chance 26(8),  hit, degat (2)
 - tir N0, arme: lance-torpilleI => chance 26(8),  miss
 - tir N0, arme: lance-torpilleI => chance 26(8),  hit, degat (2)
 - tir N0, arme: lance-torpilleI => chance 26(8),  miss
 - tir N0, arme: lance-torpilleI => chance 26(8),  miss
 - tir N0, arme: lance-torpilleI => chance 26(8),  miss
 - tir N0, arme: lance-torpilleI => chance 26(8),  miss
 - tir N0, arme: lance-torpilleI => chance 26(8),  hit, degat (2)
 - tir N0, arme: lance-torpilleI => chance 26(8),  hit, degat (2)
[F0_3 VS F56_0]  C3 , tir vaisseau N°0/3 (Torpilleur standard, race: 3) , attP: (x:2|y:994|z:1) , cible: Croiseur standard, deffP: (x:11|y:22|z:2), distance: 972
 - tir N0, arme: lance-torpilleI - chance < 0 , exit
 - tir N1, arme: lance-torpilleI - chance < 0 , exit
 - tir N2, arme: lance-torpilleI - chance < 0 , exit
 - tir N3, arme: lance-torpilleI - chance < 0 , exit
[F0_3 VS F56_0]  C3 , tir vaisseau N°0/63 (Croiseur standard, race: 3) , attP: (x:2|y:989|z:1) , cible: Croiseur standard, deffP: (x:11|y:22|z:2), distance: 967
 - tir N0, arme: canon à plasmaI - chance < 0 , exit
 - tir N1, arme: canon à plasmaI - chance < 0 , exit
 - tir N2, arme: canon à plasmaI - chance < 0 , exit
 - tir N3, arme: missileI - chance < 0 , exit
 - tir N4, arme: missileI - chance < 0 , exit
 - tir N5, arme: lance-torpilleI - chance < 0 , exit
[F0_3 VS F56_0]  C0 , tir vaisseau N°0/63 (Supercroiseur standard, race: 6) , attP: (x:5|y:23|z:1) , cible: Supercroiseur standard, deffP: (x:7|y:23|z:1), distance: 2
 - tir N0, arme: laserI => chance 108(97),  hit, shielded (2)
 - tir N0, arme: canon à plasmaI => chance 135(97),  hit, shielded (1)
 - tir N0, arme: canon à plasmaI => chance 135(97),  hit, shielded (1)
[F0_3 VS F56_0]  C3 , tir vaisseau N°0/25 (Destroyer standard, race: 3) , attP: (x:16|y:22|z:2) , cible: Supercroiseur standard, deffP: (x:5|y:23|z:1), distance: 11
 - tir N0, arme: laserI - chance < 0 , exit
 - tir N1, arme: canon à plasmaI => chance 17(9),  miss
 - tir N1, arme: canon à plasmaI => chance 17(9),  miss
FIN DE TOUR: F1  222, F2 : 239
TOUR DE COMBAT 6
[F0_3 VS F56_0]  C3 , tir vaisseau N°0/3 (Chasseur standard, race: 3) , attP: (x:5|y:1020|z:1) , cible: Supercroiseur standard, deffP: (x:5|y:1020|z:1), distance: 0
 - tir N0, arme: laserI => chance 24(9),  miss
 - tir N0, arme: laserI => chance 24(9),  miss
 - tir N0, arme: laserI => chance 24(9),  miss
 - tir N0, arme: laserI => chance 24(9),  miss
[F0_3 VS F56_0]  C3 , tir vaisseau N°0/3 (Chasseur standard, race: 3) , attP: (x:5|y:1020|z:1) , cible: Supercroiseur standard, deffP: (x:5|y:1020|z:1), distance: 0
 - tir N0, arme: laserI => chance 23(8),  miss
 - tir N0, arme: laserI => chance 23(8),  miss
 - tir N0, arme: laserI => chance 23(8),  hit, degat (1)
 - tir N0, arme: laserI => chance 24(9),  miss
[F0_3 VS F56_0]  C3 , tir vaisseau N°0/3 (Chasseur standard, race: 3) , attP: (x:5|y:1020|z:1) , cible: Supercroiseur standard, deffP: (x:5|y:1020|z:1), distance: 0
 - tir N0, arme: laserI => chance 24(9),  miss
 - tir N0, arme: laserI => chance 24(9),  miss
 - tir N0, arme: laserI => chance 24(9),  hit, degat (1)
 - tir N0, arme: laserI => chance 24(9),  miss
[F0_3 VS F56_0]  C3 , tir vaisseau N°0/3 (Chasseur standard, race: 3) , attP: (x:5|y:1020|z:1) , cible: Supercroiseur standard, deffP: (x:5|y:1020|z:1), distance: 0
 - tir N0, arme: laserI => chance 24(9),  hit, degat (1)
 - tir N0, arme: laserI => chance 24(9),  hit, degat (1)
 - tir N0, arme: laserI => chance 24(9),  miss
 - tir N0, arme: laserI => chance 24(9),  miss
[F0_3 VS F56_0]  C3 , tir vaisseau N°0/0 (Intercepteur standard, race: 3) , attP: (x:5|y:1020|z:1) , cible: Supercroiseur standard, deffP: (x:5|y:1020|z:1), distance: 0
 - tir N0, arme: laserI => chance 23(8),  hit, degat (1)
[F0_3 VS F56_0]  C3 , tir vaisseau N°0/3 (Chasseur standard, race: 3) , attP: (x:5|y:1020|z:1) , cible: Supercroiseur standard, deffP: (x:5|y:1020|z:1), distance: 0
 - tir N0, arme: laserI => chance 23(8),  miss
 - tir N0, arme: laserI => chance 23(8),  hit, degat (1)
 - tir N0, arme: laserI => chance 23(8),  hit, degat (1)
 - tir N0, arme: laserI => chance 24(9),  miss
[F0_3 VS F56_0]  C3 , tir vaisseau N°0/25 (Destroyer standard, race: 3) , attP: (x:5|y:1020|z:1) , cible: Supercroiseur standard, deffP: (x:5|y:1020|z:1), distance: 0
 - tir N0, arme: laserI => chance 24(9),  miss
 - tir N0, arme: laserI => chance 24(9),  miss
 - tir N0, arme: laserI => chance 24(9),  hit, degat (1)
 - tir N0, arme: laserI => chance 24(9),  hit, degat (1)
 - tir N0, arme: laserI => chance 24(9),  hit, degat (1)
 - tir N0, arme: laserI => chance 24(9),  hit, degat (1), cible detruire
[F0_3 VS F56_0]  C3 , tir vaisseau N°0/3 (Chasseur standard, race: 3) , attP: (x:5|y:1020|z:1) 
[F0_3 VS F56_0]  C3 , tir vaisseau N°0/0 (Intercepteur standard, race: 3) , attP: (x:5|y:1020|z:1) 
[F0_3 VS F56_0]  C3 , tir vaisseau N°0/25 (Destroyer standard, race: 3) , attP: (x:5|y:1020|z:1) 
[F0_3 VS F56_0]  C3 , tir vaisseau N°0/25 (Destroyer standard, race: 3) , attP: (x:5|y:1020|z:1) 
[F0_3 VS F56_0]  C3 , tir vaisseau N°0/3 (Torpilleur standard, race: 3) , attP: (x:5|y:1020|z:1) 
[F0_3 VS F56_0]  C3 , tir vaisseau N°0/0 (Intercepteur standard, race: 3) , attP: (x:5|y:1020|z:1) 
[F0_3 VS F56_0]  C3 , tir vaisseau N°0/15 (Fregate standard, race: 3) , attP: (x:5|y:1020|z:1) 
[F0_3 VS F56_0]  C3 , tir vaisseau N°0/3 (Torpilleur standard, race: 3) , attP: (x:5|y:1020|z:1) 
[F0_3 VS F56_0]  C3 , tir vaisseau N°0/3 (Torpilleur standard, race: 3) , attP: (x:5|y:1020|z:1) 
[F0_3 VS F56_0]  C3 , tir vaisseau N°0/0 (Intercepteur standard, race: 3) , attP: (x:-33|y:1020|z:58) , cible: Croiseur standard, deffP: (x:-33|y:1020|z:58), distance: 0
 - tir N0, arme: laserI => chance 23(8),  miss
[F0_3 VS F56_0]  C3 , tir vaisseau N°0/63 (Croiseur standard, race: 3) , attP: (x:5|y:1020|z:1) 
[F0_3 VS F56_0]  C3 , tir vaisseau N°0/3 (Torpilleur standard, race: 3) , attP: (x:5|y:1020|z:1) 
[F0_3 VS F56_0]  C3 , tir vaisseau N°0/63 (Supercroiseur standard, race: 3) , attP: (x:5|y:1020|z:1) 
[F0_3 VS F56_0]  C3 , tir vaisseau N°0/3 (Torpilleur standard, race: 3) , attP: (x:5|y:1020|z:1) 
[F0_3 VS F56_0]  C3 , tir vaisseau N°0/3 (Torpilleur standard, race: 3) , attP: (x:5|y:1020|z:1) 
[F0_3 VS F56_0]  C0 , tir vaisseau N°0/63 (Croiseur standard, race: 6) , attP: (x:-33|y:1020|z:58) , cible: Torpilleur standard, deffP: (x:5|y:1020|z:1), distance: 57
 - tir N0, arme: canon à plasmaI - chance < 0 , exit
 - tir N1, arme: canon à plasmaI - chance < 0 , exit
 - tir N2, arme: canon à plasmaI - chance < 0 , exit
 - tir N3, arme: canon à plasmaI - chance < 0 , exit
 - tir N4, arme: canon à plasmaI - chance < 0 , exit
 - tir N5, arme: canon à plasmaI - chance < 0 , exit
 - tir N6, arme: canon à plasmaI - chance < 0 , exit
 - tir N7, arme: canon à plasmaI - chance < 0 , exit
 - tir N8, arme: canon à plasmaI - chance < 0 , exit
 - tir N9, arme: canon à plasmaI - chance < 0 , exit
 - tir N10, arme: missileI - chance < 0 , exit
 - tir N11, arme: missileI - chance < 0 , exit
 - tir N12, arme: missileI - chance < 0 , exit
 - tir N13, arme: missileI - chance < 0 , exit
 - tir N14, arme: missileI - chance < 0 , exit
 - tir N15, arme: missileI - chance < 0 , exit
 - tir N16, arme: missileI - chance < 0 , exit
 - tir N17, arme: missileI - chance < 0 , exit
 - tir N18, arme: missileI - chance < 0 , exit
 - tir N19, arme: missileI - chance < 0 , exit
 - tir N20, arme: lance-torpilleI - chance < 0 , exit
 - tir N21, arme: lance-torpilleI - chance < 0 , exit
 - tir N22, arme: lance-torpilleI - chance < 0 , exit
 - tir N23, arme: lance-torpilleI - chance < 0 , exit
 - tir N24, arme: lance-torpilleI - chance < 0 , exit
 - tir N25, arme: lance-torpilleI - chance < 0 , exit
 - tir N26, arme: lance-torpilleI - chance < 0 , exit
 - tir N27, arme: lance-torpilleI - chance < 0 , exit
 - tir N28, arme: lance-torpilleI - chance < 0 , exit
 - tir N29, arme: lance-torpilleI - chance < 0 , exit
[F0_3 VS F56_0]  C3 , tir vaisseau N°0/25 (Destroyer standard, race: 3) , attP: (x:16|y:22|z:2) , cible: Croiseur standard, deffP: (x:-33|y:1020|z:58), distance: 998
 - tir N0, arme: laserI - chance < 0 , exit
 - tir N1, arme: canon à plasmaI - chance < 0 , exit
 - tir N2, arme: canon à plasmaI - chance < 0 , exit
[F0_3 VS F56_0]  C0 , tir vaisseau N°0/63 (Supercroiseur standard, race: 6) , attP: (x:5|y:1020|z:1) 
[F0_3 VS F56_0]  C3 , tir vaisseau N°0/15 (Fregate standard, race: 3) , attP: (x:5|y:23|z:1) 
FIN DE TOUR: F1  222, F2 : 250
TOUR DE COMBAT 7
[F0_3 VS F56_0]  C3 , tir vaisseau N°0/3 (Chasseur standard, race: 3) , attP: (x:0|y:1020|z:27) , cible: Croiseur standard, deffP: (x:0|y:1020|z:25), distance: 2
 - tir N0, arme: laserI => chance 20(9),  miss
 - tir N0, arme: laserI => chance 20(9),  hit, shielded (2)
 - tir N0, arme: laserI => chance 20(9),  hit, shielded (2)
 - tir N0, arme: laserI => chance 20(9),  miss
[F0_3 VS F56_0]  C3 , tir vaisseau N°0/3 (Chasseur standard, race: 3) , attP: (x:0|y:1020|z:27) , cible: Croiseur standard, deffP: (x:0|y:1020|z:25), distance: 2
 - tir N0, arme: laserI => chance 20(9),  hit, shielded (2)
 - tir N0, arme: laserI => chance 20(9),  miss
 - tir N0, arme: laserI => chance 20(9),  miss
 - tir N0, arme: laserI => chance 20(9),  miss
[F0_3 VS F56_0]  C3 , tir vaisseau N°0/3 (Chasseur standard, race: 3) , attP: (x:0|y:1020|z:27) , cible: Croiseur standard, deffP: (x:0|y:1020|z:25), distance: 2
 - tir N0, arme: laserI => chance 19(8),  miss
 - tir N0, arme: laserI => chance 19(8),  miss
 - tir N0, arme: laserI => chance 19(8),  miss
 - tir N0, arme: laserI => chance 19(8),  miss
[F0_3 VS F56_0]  C3 , tir vaisseau N°0/0 (Intercepteur standard, race: 3) , attP: (x:0|y:1020|z:25) , cible: Croiseur standard, deffP: (x:0|y:1020|z:25), distance: 0
 - tir N0, arme: laserI => chance 23(8),  miss
[F0_3 VS F56_0]  C3 , tir vaisseau N°0/3 (Chasseur standard, race: 3) , attP: (x:0|y:1020|z:27) , cible: Croiseur standard, deffP: (x:0|y:1020|z:25), distance: 2
 - tir N0, arme: laserI => chance 20(9),  miss
 - tir N0, arme: laserI => chance 20(9),  miss
 - tir N0, arme: laserI => chance 20(9),  miss
 - tir N0, arme: laserI => chance 20(9),  miss
[F0_3 VS F56_0]  C3 , tir vaisseau N°0/3 (Chasseur standard, race: 3) , attP: (x:0|y:1020|z:27) , cible: Croiseur standard, deffP: (x:0|y:1020|z:25), distance: 2
 - tir N0, arme: laserI => chance 20(9),  hit, shielded (2)
 - tir N0, arme: laserI => chance 20(9),  miss
 - tir N0, arme: laserI => chance 20(9),  miss
 - tir N0, arme: laserI => chance 20(9),  miss
[F0_3 VS F56_0]  C3 , tir vaisseau N°0/0 (Intercepteur standard, race: 3) , attP: (x:0|y:1020|z:26) , cible: Croiseur standard, deffP: (x:0|y:1020|z:25), distance: 1
 - tir N0, arme: laserI => chance 21(8),  miss
[F0_3 VS F56_0]  C3 , tir vaisseau N°0/3 (Chasseur standard, race: 3) , attP: (x:0|y:1020|z:27) , cible: Croiseur standard, deffP: (x:0|y:1020|z:25), distance: 2
 - tir N0, arme: laserI => chance 20(9),  miss
 - tir N0, arme: laserI => chance 20(9),  hit, shielded (2)
 - tir N0, arme: laserI => chance 20(9),  miss
 - tir N0, arme: laserI => chance 20(9),  miss
[F0_3 VS F56_0]  C3 , tir vaisseau N°0/0 (Intercepteur standard, race: 3) , attP: (x:0|y:1020|z:26) , cible: Croiseur standard, deffP: (x:0|y:1020|z:25), distance: 1
 - tir N0, arme: laserI => chance 21(8),  miss
[F0_3 VS F56_0]  C3 , tir vaisseau N°0/3 (Torpilleur standard, race: 3) , attP: (x:0|y:1020|z:27) , cible: Croiseur standard, deffP: (x:0|y:1020|z:25), distance: 2
 - tir N0, arme: lance-torpilleI => chance 27(9),  miss
 - tir N0, arme: lance-torpilleI => chance 27(9),  miss
 - tir N0, arme: lance-torpilleI => chance 27(9),  hit, shielded (1)
 - tir N0, arme: lance-torpilleI => chance 27(9),  miss
[F0_3 VS F56_0]  C3 , tir vaisseau N°0/25 (Destroyer standard, race: 3) , attP: (x:0|y:1020|z:30) , cible: Croiseur standard, deffP: (x:0|y:1020|z:25), distance: 5
 - tir N0, arme: laserI => chance 15(9),  miss
 - tir N0, arme: laserI => chance 15(9),  miss
 - tir N0, arme: laserI => chance 15(9),  miss
 - tir N0, arme: laserI => chance 15(9),  miss
 - tir N0, arme: laserI => chance 15(9),  miss
 - tir N0, arme: laserI => chance 15(9),  miss
 - tir N0, arme: laserI => chance 15(9),  miss
 - tir N0, arme: laserI => chance 15(9),  miss
 - tir N0, arme: laserI => chance 15(9),  miss
 - tir N0, arme: laserI => chance 15(9),  miss
 - tir N0, arme: canon à plasmaI => chance 37(9),  hit, shielded (1)
 - tir N0, arme: canon à plasmaI => chance 37(9),  miss
 - tir N0, arme: canon à plasmaI => chance 37(9),  miss
 - tir N0, arme: canon à plasmaI => chance 37(9),  miss
 - tir N0, arme: canon à plasmaI => chance 37(9),  hit, shielded (1)
 - tir N0, arme: canon à plasmaI => chance 37(9),  hit, shielded (1)
 - tir N0, arme: canon à plasmaI => chance 37(9),  hit, shielded (1)
 - tir N0, arme: canon à plasmaI => chance 37(9),  hit, shielded (1)
 - tir N0, arme: canon à plasmaI => chance 37(9),  hit, shielded (1)
 - tir N0, arme: canon à plasmaI => chance 37(9),  miss
[F0_3 VS F56_0]  C3 , tir vaisseau N°0/15 (Fregate standard, race: 3) , attP: (x:0|y:1020|z:29) , cible: Croiseur standard, deffP: (x:0|y:1020|z:25), distance: 4
 - tir N0, arme: canon à plasmaI => chance 39(8),  miss
 - tir N0, arme: canon à plasmaI => chance 39(8),  miss
 - tir N0, arme: canon à plasmaI => chance 39(8),  miss
 - tir N0, arme: canon à plasmaI => chance 39(8),  miss
 - tir N0, arme: canon à plasmaI => chance 39(8),  miss
 - tir N0, arme: canon à plasmaI => chance 39(8),  miss
 - tir N0, arme: canon à plasmaI => chance 39(8),  miss
 - tir N0, arme: canon à plasmaI => chance 39(8),  miss
[F0_3 VS F56_0]  C3 , tir vaisseau N°0/25 (Destroyer standard, race: 3) , attP: (x:0|y:1020|z:30) , cible: Croiseur standard, deffP: (x:0|y:1020|z:25), distance: 5
 - tir N0, arme: laserI => chance 14(8),  miss
 - tir N0, arme: laserI => chance 14(8),  miss
 - tir N0, arme: laserI => chance 14(8),  hit, shielded (2)
 - tir N0, arme: laserI => chance 14(8),  miss
 - tir N0, arme: laserI => chance 14(8),  miss
 - tir N0, arme: laserI => chance 14(8),  miss
 - tir N0, arme: laserI => chance 14(8),  hit, shielded (2)
 - tir N0, arme: laserI => chance 14(8),  miss
 - tir N0, arme: laserI => chance 14(8),  miss
 - tir N0, arme: laserI => chance 14(8),  hit, degat (1)
 - tir N0, arme: canon à plasmaI => chance 36(8),  miss
 - tir N0, arme: canon à plasmaI => chance 36(8),  hit, degat (1)
 - tir N0, arme: canon à plasmaI => chance 36(8),  miss
 - tir N0, arme: canon à plasmaI => chance 36(8),  hit, degat (1)
 - tir N0, arme: canon à plasmaI => chance 36(8),  miss
 - tir N0, arme: canon à plasmaI => chance 36(8),  miss
 - tir N0, arme: canon à plasmaI => chance 36(8),  hit, degat (1)
 - tir N0, arme: canon à plasmaI => chance 36(8),  miss
 - tir N0, arme: canon à plasmaI => chance 36(8),  hit, degat (1)
 - tir N0, arme: canon à plasmaI => chance 36(8),  miss
[F0_3 VS F56_0]  C3 , tir vaisseau N°0/25 (Destroyer standard, race: 3) , attP: (x:0|y:1020|z:30) , cible: Croiseur standard, deffP: (x:0|y:1020|z:25), distance: 5
 - tir N0, arme: laserI => chance 15(9),  miss
 - tir N0, arme: laserI => chance 15(9),  miss
 - tir N0, arme: laserI => chance 15(9),  miss
 - tir N0, arme: laserI => chance 15(9),  miss
 - tir N0, arme: laserI => chance 15(9),  miss
 - tir N0, arme: laserI => chance 15(9),  miss
 - tir N0, arme: laserI => chance 15(9),  miss
 - tir N0, arme: laserI => chance 15(9),  miss
 - tir N0, arme: laserI => chance 15(9),  hit, degat (1)
 - tir N0, arme: laserI => chance 15(9),  miss
 - tir N0, arme: canon à plasmaI => chance 37(9),  miss
 - tir N0, arme: canon à plasmaI => chance 37(9),  hit, degat (1)
 - tir N0, arme: canon à plasmaI => chance 37(9),  miss
 - tir N0, arme: canon à plasmaI => chance 37(9),  hit, degat (1)
 - tir N0, arme: canon à plasmaI => chance 37(9),  miss
 - tir N0, arme: canon à plasmaI => chance 37(9),  miss
 - tir N0, arme: canon à plasmaI => chance 37(9),  miss
 - tir N0, arme: canon à plasmaI => chance 37(9),  miss
 - tir N0, arme: canon à plasmaI => chance 37(9),  miss
 - tir N0, arme: canon à plasmaI => chance 37(9),  miss
[F0_3 VS F56_0]  C3 , tir vaisseau N°0/3 (Torpilleur standard, race: 3) , attP: (x:0|y:1020|z:27) , cible: Croiseur standard, deffP: (x:0|y:1020|z:25), distance: 2
 - tir N0, arme: lance-torpilleI => chance 26(8),  miss
 - tir N0, arme: lance-torpilleI => chance 26(8),  miss
 - tir N0, arme: lance-torpilleI => chance 26(8),  hit, degat (2)
 - tir N0, arme: lance-torpilleI => chance 26(8),  miss
[F0_3 VS F56_0]  C3 , tir vaisseau N°0/0 (Intercepteur standard, race: 3) , attP: (x:0|y:1020|z:26) , cible: Croiseur standard, deffP: (x:0|y:1020|z:25), distance: 1
 - tir N0, arme: laserI => chance 21(8),  hit, degat (1)
[F0_3 VS F56_0]  C3 , tir vaisseau N°0/3 (Torpilleur standard, race: 3) , attP: (x:0|y:1020|z:27) , cible: Croiseur standard, deffP: (x:0|y:1020|z:25), distance: 2
 - tir N0, arme: lance-torpilleI => chance 27(9),  miss
 - tir N0, arme: lance-torpilleI => chance 27(9),  miss
 - tir N0, arme: lance-torpilleI => chance 27(9),  hit, degat (2)
 - tir N0, arme: lance-torpilleI => chance 27(9),  miss
[F0_3 VS F56_0]  C3 , tir vaisseau N°0/3 (Torpilleur standard, race: 3) , attP: (x:0|y:1020|z:27) , cible: Croiseur standard, deffP: (x:0|y:1020|z:25), distance: 2
 - tir N0, arme: lance-torpilleI => chance 26(8),  miss
 - tir N0, arme: lance-torpilleI => chance 26(8),  miss
 - tir N0, arme: lance-torpilleI => chance 26(8),  hit, degat (2)
 - tir N0, arme: lance-torpilleI => chance 26(8),  miss
[F0_3 VS F56_0]  C3 , tir vaisseau N°0/63 (Supercroiseur standard, race: 3) , attP: (x:0|y:1020|z:32) , cible: Croiseur standard, deffP: (x:0|y:1020|z:25), distance: 7
 - tir N0, arme: laserI => chance 11(8),  miss
 - tir N0, arme: laserI => chance 11(8),  miss
 - tir N0, arme: laserI => chance 11(8),  miss
 - tir N0, arme: laserI => chance 11(8),  miss
 - tir N0, arme: laserI => chance 11(8),  miss
 - tir N0, arme: laserI => chance 11(8),  miss
 - tir N0, arme: laserI => chance 11(8),  miss
 - tir N0, arme: laserI => chance 11(8),  miss
 - tir N0, arme: laserI => chance 11(8),  hit, degat (1)
 - tir N0, arme: laserI => chance 11(8),  miss
 - tir N0, arme: laserI => chance 11(8),  miss
 - tir N0, arme: laserI => chance 11(8),  hit, degat (1)
 - tir N0, arme: laserI => chance 11(8),  miss
 - tir N0, arme: laserI => chance 11(8),  miss
 - tir N0, arme: laserI => chance 11(8),  miss
 - tir N0, arme: laserI => chance 11(8),  miss
 - tir N0, arme: laserI => chance 11(8),  miss
 - tir N0, arme: laserI => chance 11(8),  miss
 - tir N0, arme: laserI => chance 11(8),  miss
 - tir N0, arme: laserI => chance 11(8),  miss
 - tir N0, arme: canon à plasmaI => chance 29(8),  hit, degat (1)
 - tir N0, arme: canon à plasmaI => chance 29(8),  miss
 - tir N0, arme: canon à plasmaI => chance 29(8),  miss
 - tir N0, arme: canon à plasmaI => chance 29(8),  hit, degat (1)
 - tir N0, arme: canon à plasmaI => chance 29(8),  miss
 - tir N0, arme: canon à plasmaI => chance 29(8),  hit, degat (1)
 - tir N0, arme: canon à plasmaI => chance 29(8),  miss
 - tir N0, arme: canon à plasmaI => chance 29(8),  hit, degat (1)
 - tir N0, arme: canon à plasmaI => chance 29(8),  hit, degat (1)
 - tir N0, arme: canon à plasmaI => chance 29(8),  miss
 - tir N0, arme: canon à plasmaI => chance 29(8),  hit, degat (1)
 - tir N0, arme: canon à plasmaI => chance 29(8),  miss
 - tir N0, arme: canon à plasmaI => chance 29(8),  miss
 - tir N0, arme: canon à plasmaI => chance 29(8),  hit, degat (1)
 - tir N0, arme: canon à plasmaI => chance 29(8),  miss
 - tir N0, arme: canon à plasmaI => chance 29(8),  miss
 - tir N0, arme: canon à plasmaI => chance 29(8),  miss
 - tir N0, arme: canon à plasmaI => chance 29(8),  miss
 - tir N0, arme: canon à plasmaI => chance 29(8),  hit, degat (1)
 - tir N0, arme: canon à plasmaI => chance 29(8),  hit, degat (1)
 - tir N0, arme: lance-torpilleI => chance 21(8),  hit, degat (2)
 - tir N0, arme: lance-torpilleI => chance 21(8),  miss
 - tir N0, arme: lance-torpilleI => chance 21(8),  miss
 - tir N0, arme: lance-torpilleI => chance 21(8),  hit, degat (2)
 - tir N0, arme: lance-torpilleI => chance 21(8),  miss
 - tir N0, arme: lance-torpilleI => chance 21(8),  hit, degat (2)
 - tir N0, arme: lance-torpilleI => chance 21(8),  miss
 - tir N0, arme: lance-torpilleI => chance 21(8),  miss
 - tir N0, arme: lance-torpilleI => chance 21(8),  hit, degat (2)
 - tir N0, arme: lance-torpilleI => chance 21(8),  miss
 - tir N0, arme: lance-torpilleI => chance 21(8),  hit, degat (2)
 - tir N0, arme: lance-torpilleI => chance 21(8),  miss
 - tir N0, arme: lance-torpilleI => chance 21(8),  hit, degat (2)
 - tir N0, arme: lance-torpilleI => chance 21(8),  hit, degat (2)
 - tir N0, arme: lance-torpilleI => chance 21(8),  miss
 - tir N0, arme: lance-torpilleI => chance 21(8),  miss
 - tir N0, arme: lance-torpilleI => chance 21(8),  miss
 - tir N0, arme: lance-torpilleI => chance 21(8),  miss
 - tir N0, arme: lance-torpilleI => chance 21(8),  miss
 - tir N0, arme: lance-torpilleI => chance 21(8),  hit, degat (2)
[F0_3 VS F56_0]  C3 , tir vaisseau N°0/3 (Torpilleur standard, race: 3) , attP: (x:0|y:1020|z:27) , cible: Croiseur standard, deffP: (x:0|y:1020|z:25), distance: 2
 - tir N0, arme: lance-torpilleI => chance 26(8),  miss
 - tir N0, arme: lance-torpilleI => chance 26(8),  miss
 - tir N0, arme: lance-torpilleI => chance 26(8),  hit, degat (2)
 - tir N0, arme: lance-torpilleI => chance 26(8),  hit, degat (2)
[F0_3 VS F56_0]  C3 , tir vaisseau N°0/3 (Torpilleur standard, race: 3) , attP: (x:0|y:1020|z:27) , cible: Croiseur standard, deffP: (x:0|y:1020|z:25), distance: 2
 - tir N0, arme: lance-torpilleI => chance 26(8),  miss
 - tir N0, arme: lance-torpilleI => chance 26(8),  miss
 - tir N0, arme: lance-torpilleI => chance 26(8),  miss
 - tir N0, arme: lance-torpilleI => chance 26(8),  hit, degat (2)
[F0_3 VS F56_0]  C3 , tir vaisseau N°0/63 (Croiseur standard, race: 3) , attP: (x:0|y:1020|z:32) , cible: Croiseur standard, deffP: (x:0|y:1020|z:25), distance: 7
 - tir N0, arme: canon à plasmaI => chance 30(9),  miss
 - tir N0, arme: canon à plasmaI => chance 30(9),  miss
 - tir N0, arme: canon à plasmaI => chance 30(9),  miss
 - tir N0, arme: missileI => chance 32(9),  miss
 - tir N0, arme: missileI => chance 32(9),  miss
 - tir N0, arme: lance-torpilleI => chance 22(9),  miss
[F0_3 VS F56_0]  C0 , tir vaisseau N°0/63 (Croiseur standard, race: 6) , attP: (x:0|y:1020|z:25) , cible: Destroyer standard, deffP: (x:0|y:1020|z:30), distance: 5
 - tir N0, arme: canon à plasmaI => chance 127(96),  hit, shielded (1)
 - tir N0, arme: missileI => chance 124(96),  hit, shielded (0)
 - tir N0, arme: missileI => chance 124(96),  hit, shielded (0)
 - tir N0, arme: lance-torpilleI => chance 107(96),  hit, shielded (1)
[F0_3 VS F56_0]  C3 , tir vaisseau N°0/25 (Destroyer standard, race: 3) , attP: (x:16|y:1020|z:58) , cible: Croiseur standard, deffP: (x:0|y:1020|z:25), distance: 33
 - tir N0, arme: laserI - chance < 0 , exit
 - tir N1, arme: canon à plasmaI - chance < 0 , exit
 - tir N2, arme: canon à plasmaI - chance < 0 , exit
[F0_3 VS F56_0]  C3 , tir vaisseau N°0/15 (Fregate standard, race: 3) , attP: (x:5|y:23|z:88) , cible: Croiseur standard, deffP: (x:0|y:1020|z:25), distance: 997
 - pas darmes valides
FIN DE TOUR: F1  222, F2 : 298
TOUR DE COMBAT 8
[F0_3 VS F56_0]  C3 , tir vaisseau N°0/3 (Chasseur standard, race: 3) , attP: (x:40|y:1020|z:99) , cible: Croiseur standard, deffP: (x:40|y:1020|z:99), distance: 0
 - tir N0, arme: laserI => chance 24(9),  miss
 - tir N0, arme: laserI => chance 24(9),  miss
 - tir N0, arme: laserI => chance 24(9),  miss
 - tir N0, arme: laserI => chance 24(9),  miss
[F0_3 VS F56_0]  C3 , tir vaisseau N°0/3 (Chasseur standard, race: 3) , attP: (x:40|y:1020|z:99) , cible: Croiseur standard, deffP: (x:40|y:1020|z:99), distance: 0
 - tir N0, arme: laserI => chance 24(9),  miss
 - tir N0, arme: laserI => chance 24(9),  miss
 - tir N0, arme: laserI => chance 24(9),  miss
 - tir N0, arme: laserI => chance 24(9),  hit, degat (1)
[F0_3 VS F56_0]  C3 , tir vaisseau N°0/3 (Chasseur standard, race: 3) , attP: (x:40|y:1020|z:99) , cible: Croiseur standard, deffP: (x:40|y:1020|z:99), distance: 0
 - tir N0, arme: laserI => chance 24(9),  hit, degat (1)
 - tir N0, arme: laserI => chance 24(9),  hit, degat (1)
 - tir N0, arme: laserI => chance 24(9),  miss
 - tir N0, arme: laserI => chance 24(9),  miss
[F0_3 VS F56_0]  C3 , tir vaisseau N°0/3 (Chasseur standard, race: 3) , attP: (x:40|y:1020|z:99) , cible: Croiseur standard, deffP: (x:40|y:1020|z:99), distance: 0
 - tir N0, arme: laserI => chance 24(9),  miss
 - tir N0, arme: laserI => chance 24(9),  miss
 - tir N0, arme: laserI => chance 24(9),  miss
 - tir N0, arme: laserI => chance 24(9),  miss
[F0_3 VS F56_0]  C3 , tir vaisseau N°0/25 (Destroyer standard, race: 3) , attP: (x:40|y:1020|z:99) , cible: Croiseur standard, deffP: (x:40|y:1020|z:99), distance: 0
 - tir N0, arme: laserI => chance 24(9),  miss
 - tir N0, arme: laserI => chance 24(9),  miss
 - tir N0, arme: laserI => chance 24(9),  miss
 - tir N0, arme: laserI => chance 24(9),  hit, degat (1)
 - tir N0, arme: laserI => chance 24(9),  miss
 - tir N0, arme: laserI => chance 24(9),  miss
 - tir N0, arme: laserI => chance 24(9),  miss
 - tir N0, arme: laserI => chance 24(9),  miss
 - tir N0, arme: laserI => chance 24(9),  miss
 - tir N0, arme: laserI => chance 24(9),  miss
 - tir N0, arme: canon à plasmaI => chance 54(9),  miss
 - tir N0, arme: canon à plasmaI => chance 54(9),  hit, degat (1)
 - tir N0, arme: canon à plasmaI => chance 54(9),  hit, degat (1)
 - tir N0, arme: canon à plasmaI => chance 54(9),  hit, degat (1)
 - tir N0, arme: canon à plasmaI => chance 54(9),  miss
 - tir N0, arme: canon à plasmaI => chance 54(9),  miss
 - tir N0, arme: canon à plasmaI => chance 54(9),  hit, degat (1)
 - tir N0, arme: canon à plasmaI => chance 54(9),  hit, degat (1)
 - tir N0, arme: canon à plasmaI => chance 54(9),  miss
 - tir N0, arme: canon à plasmaI => chance 54(9),  miss
[F0_3 VS F56_0]  C3 , tir vaisseau N°0/0 (Intercepteur standard, race: 3) , attP: (x:40|y:1020|z:99) , cible: Croiseur standard, deffP: (x:40|y:1020|z:99), distance: 0
 - tir N0, arme: laserI => chance 23(8),  miss
[F0_3 VS F56_0]  C3 , tir vaisseau N°0/3 (Chasseur standard, race: 3) , attP: (x:40|y:1020|z:99) , cible: Croiseur standard, deffP: (x:40|y:1020|z:99), distance: 0
 - tir N0, arme: laserI => chance 23(8),  hit, degat (1)
 - tir N0, arme: laserI => chance 23(8),  hit, degat (1)
 - tir N0, arme: laserI => chance 24(9),  miss
 - tir N0, arme: laserI => chance 24(9),  miss
[F0_3 VS F56_0]  C3 , tir vaisseau N°0/25 (Destroyer standard, race: 3) , attP: (x:40|y:1020|z:99) , cible: Croiseur standard, deffP: (x:40|y:1020|z:99), distance: 0
 - tir N0, arme: laserI => chance 23(8),  miss
 - tir N0, arme: laserI => chance 23(8),  miss
 - tir N0, arme: laserI => chance 23(8),  miss
 - tir N0, arme: laserI => chance 23(8),  miss
 - tir N0, arme: laserI => chance 23(8),  miss
 - tir N0, arme: laserI => chance 23(8),  miss
 - tir N0, arme: laserI => chance 23(8),  miss
 - tir N0, arme: laserI => chance 23(8),  miss
 - tir N0, arme: laserI => chance 23(8),  miss
 - tir N0, arme: laserI => chance 23(8),  miss
 - tir N0, arme: canon à plasmaI => chance 53(8),  hit, degat (1)
 - tir N0, arme: canon à plasmaI => chance 53(8),  miss
 - tir N0, arme: canon à plasmaI => chance 53(8),  hit, degat (1)
 - tir N0, arme: canon à plasmaI => chance 53(8),  hit, degat (1)
 - tir N0, arme: canon à plasmaI => chance 53(8),  hit, degat (1)
 - tir N0, arme: canon à plasmaI => chance 53(8),  miss
 - tir N0, arme: canon à plasmaI => chance 53(8),  miss
 - tir N0, arme: canon à plasmaI => chance 53(8),  hit, degat (1)
 - tir N0, arme: canon à plasmaI => chance 54(9),  miss
 - tir N0, arme: canon à plasmaI => chance 54(9),  hit, degat (1)
[F0_3 VS F56_0]  C3 , tir vaisseau N°0/3 (Chasseur standard, race: 3) , attP: (x:40|y:1020|z:99) , cible: Croiseur standard, deffP: (x:40|y:1020|z:99), distance: 0
 - tir N0, arme: laserI => chance 24(9),  miss
 - tir N0, arme: laserI => chance 24(9),  miss
 - tir N0, arme: laserI => chance 24(9),  hit, degat (1)
 - tir N0, arme: laserI => chance 24(9),  miss
[F0_3 VS F56_0]  C3 , tir vaisseau N°0/3 (Torpilleur standard, race: 3) , attP: (x:40|y:1020|z:99) , cible: Croiseur standard, deffP: (x:40|y:1020|z:99), distance: 0
 - tir N0, arme: lance-torpilleI => chance 28(8),  hit, degat (2)
 - tir N0, arme: lance-torpilleI => chance 28(8),  miss
 - tir N0, arme: lance-torpilleI => chance 28(8),  miss
 - tir N0, arme: lance-torpilleI => chance 28(8),  miss
[F0_3 VS F56_0]  C3 , tir vaisseau N°0/25 (Destroyer standard, race: 3) , attP: (x:40|y:1020|z:99) , cible: Croiseur standard, deffP: (x:40|y:1020|z:99), distance: 0
 - tir N0, arme: laserI => chance 24(9),  miss
 - tir N0, arme: laserI => chance 24(9),  hit, degat (1)
 - tir N0, arme: laserI => chance 24(9),  hit, degat (1)
 - tir N0, arme: laserI => chance 24(9),  hit, degat (1), cible detruire
[F0_3 VS F56_0]  C3 , tir vaisseau N°0/0 (Intercepteur standard, race: 3) , attP: (x:40|y:1020|z:99) 
[F0_3 VS F56_0]  C3 , tir vaisseau N°0/15 (Fregate standard, race: 3) , attP: (x:40|y:1020|z:99) 
[F0_3 VS F56_0]  C3 , tir vaisseau N°0/0 (Intercepteur standard, race: 3) , attP: (x:40|y:1020|z:99) 
[F0_3 VS F56_0]  C3 , tir vaisseau N°0/3 (Torpilleur standard, race: 3) , attP: (x:40|y:1020|z:99) 
[F0_3 VS F56_0]  C3 , tir vaisseau N°0/3 (Torpilleur standard, race: 3) , attP: (x:40|y:1020|z:99) 
[F0_3 VS F56_0]  C3 , tir vaisseau N°0/0 (Intercepteur standard, race: 3) , attP: (x:40|y:1020|z:99) 
[F0_3 VS F56_0]  C3 , tir vaisseau N°0/3 (Torpilleur standard, race: 3) , attP: (x:40|y:1020|z:99) 
[F0_3 VS F56_0]  C3 , tir vaisseau N°0/3 (Torpilleur standard, race: 3) , attP: (x:40|y:1020|z:99) 
[F0_3 VS F56_0]  C3 , tir vaisseau N°0/63 (Supercroiseur standard, race: 3) , attP: (x:40|y:1020|z:99) 
[F0_3 VS F56_0]  C3 , tir vaisseau N°0/3 (Torpilleur standard, race: 3) , attP: (x:40|y:1020|z:99) 
[F0_3 VS F56_0]  C3 , tir vaisseau N°0/63 (Croiseur standard, race: 3) , attP: (x:40|y:1020|z:99) 
[F0_3 VS F56_0]  C3 , tir vaisseau N°0/25 (Destroyer standard, race: 3) , attP: (x:16|y:1020|z:99) 
[F0_3 VS F56_0]  C0 , tir vaisseau N°0/63 (Croiseur standard, race: 6) , attP: (x:40|y:1020|z:99) 
[F0_3 VS F56_0]  C3 , tir vaisseau N°0/15 (Fregate standard, race: 3) , attP: (x:5|y:23|z:48) 
FIN DE TOUR: F1  222, F2 : 321
RESOLUTION COMBAT [F4_3 VS F12_0] 
TOUR DE COMBAT 1
[F4_3 VS F12_0]  C3 , tir vaisseau N°0/3 (Chasseur standard, race: 3) , attP: (x:52|y:1020|z:18) , cible: Destroyer standard, deffP: (x:52|y:1020|z:18), distance: 0
 - tir N0, arme: laserI => chance 25(5),  miss
 - tir N0, arme: laserI => chance 25(5),  miss
 - tir N0, arme: laserI => chance 25(5),  miss
 - tir N0, arme: laserI => chance 25(5),  miss
[F4_3 VS F12_0]  C3 , tir vaisseau N°0/3 (Chasseur standard, race: 3) , attP: (x:58|y:1020|z:9) , cible: Destroyer standard, deffP: (x:58|y:1020|z:9), distance: 0
 - tir N0, arme: laserI => chance 25(5),  miss
 - tir N0, arme: laserI => chance 25(5),  miss
 - tir N0, arme: laserI => chance 25(5),  hit, shielded (2)
 - tir N0, arme: laserI => chance 25(5),  hit, shielded (2)
[F4_3 VS F12_0]  C3 , tir vaisseau N°0/3 (Chasseur standard, race: 3) , attP: (x:52|y:1020|z:21) , cible: Destroyer standard, deffP: (x:52|y:1020|z:18), distance: 3
 - tir N0, arme: laserI => chance 18(5),  miss
 - tir N0, arme: laserI => chance 18(5),  miss
 - tir N0, arme: laserI => chance 18(5),  miss
 - tir N0, arme: laserI => chance 18(5),  hit, shielded (2)
[F4_3 VS F12_0]  C3 , tir vaisseau N°0/3 (Chasseur standard, race: 3) , attP: (x:52|y:1020|z:22) , cible: Destroyer standard, deffP: (x:52|y:1020|z:18), distance: 4
 - tir N0, arme: laserI => chance 16(5),  miss
 - tir N0, arme: laserI => chance 16(5),  miss
 - tir N0, arme: laserI => chance 16(5),  miss
 - tir N0, arme: laserI => chance 16(5),  miss
[F4_3 VS F12_0]  C3 , tir vaisseau N°0/3 (Chasseur standard, race: 3) , attP: (x:52|y:1020|z:16) , cible: Destroyer standard, deffP: (x:52|y:1020|z:18), distance: 2
 - tir N0, arme: laserI => chance 20(5),  miss
 - tir N0, arme: laserI => chance 20(5),  miss
 - tir N0, arme: laserI => chance 20(5),  miss
 - tir N0, arme: laserI => chance 20(5),  miss
[F4_3 VS F12_0]  C3 , tir vaisseau N°0/3 (Chasseur standard, race: 3) , attP: (x:58|y:1020|z:7) , cible: Destroyer standard, deffP: (x:58|y:1020|z:9), distance: 2
 - tir N0, arme: laserI => chance 20(5),  miss
 - tir N0, arme: laserI => chance 20(5),  miss
 - tir N0, arme: laserI => chance 20(5),  miss
 - tir N0, arme: laserI => chance 20(5),  miss
[F4_3 VS F12_0]  C3 , tir vaisseau N°0/0 (Intercepteur standard, race: 3) , attP: (x:54|y:1020|z:4) , cible: Colonisateur, deffP: (x:54|y:1020|z:4), distance: 0
 - tir N0, arme: laserI => chance 40(5),  miss
[F4_3 VS F12_0]  C3 , tir vaisseau N°0/3 (Chasseur standard, race: 3) , attP: (x:54|y:1020|z:4) , cible: Colonisateur, deffP: (x:54|y:1020|z:4), distance: 0
 - tir N0, arme: laserI => chance 40(5),  miss
 - tir N0, arme: laserI => chance 40(5),  miss
 - tir N0, arme: laserI => chance 40(5),  hit, degat (1)
 - tir N0, arme: laserI => chance 41(6),  miss
[F4_3 VS F12_0]  C0 , tir vaisseau N°0/0 (Intercepteur standard, race: 0) , attP: (x:-43|y:1020|z:-15) , cible: Chasseur standard, deffP: (x:52|y:1020|z:18), distance: 95
 - tir N0, arme: laserI - chance < 0 , exit
[F4_3 VS F12_0]  C3 , tir vaisseau N°0/15 (Fregate standard, race: 3) , attP: (x:54|y:1020|z:4) , cible: Colonisateur, deffP: (x:54|y:1020|z:4), distance: 0
 - tir N0, arme: canon à plasmaI => chance 45(5),  miss
 - tir N0, arme: canon à plasmaI => chance 45(5),  hit, degat (1)
 - tir N0, arme: canon à plasmaI => chance 45(5),  hit, degat (1)
 - tir N0, arme: canon à plasmaI => chance 45(5),  miss
 - tir N0, arme: canon à plasmaI => chance 45(5),  miss
 - tir N0, arme: canon à plasmaI => chance 45(5),  miss
 - tir N0, arme: canon à plasmaI => chance 45(5),  hit, degat (1)
 - tir N0, arme: canon à plasmaI => chance 45(5),  miss
 - tir N0, arme: canon à plasmaI => chance 45(5),  miss
 - tir N0, arme: canon à plasmaI => chance 45(5),  hit, degat (1)
[F4_3 VS F12_0]  C3 , tir vaisseau N°0/25 (Destroyer standard, race: 3) , attP: (x:54|y:1020|z:4) , cible: Colonisateur, deffP: (x:54|y:1020|z:4), distance: 0
 - tir N0, arme: laserI => chance 40(5),  miss
 - tir N0, arme: laserI => chance 40(5),  miss
 - tir N0, arme: laserI => chance 40(5),  hit, degat (1)
 - tir N0, arme: laserI => chance 40(5),  miss
 - tir N0, arme: laserI => chance 40(5),  hit, degat (1)
 - tir N0, arme: laserI => chance 40(5),  hit, degat (1)
 - tir N0, arme: laserI => chance 40(5),  hit, degat (1)
 - tir N0, arme: laserI => chance 40(5),  miss
 - tir N0, arme: laserI => chance 40(5),  hit, degat (1)
 - tir N0, arme: laserI => chance 39(4),  miss
 - tir N0, arme: canon à plasmaI => chance 44(4),  miss
 - tir N0, arme: canon à plasmaI => chance 44(4),  miss
 - tir N0, arme: canon à plasmaI => chance 44(4),  hit, degat (1)
 - tir N0, arme: canon à plasmaI => chance 44(4),  hit, degat (1)
 - tir N0, arme: canon à plasmaI => chance 44(4),  hit, degat (1), cible detruire
[F4_3 VS F12_0]  C3 , tir vaisseau N°0/0 (Intercepteur standard, race: 3) , attP: (x:58|y:1020|z:9) , cible: Destroyer standard, deffP: (x:58|y:1020|z:9), distance: 0
 - tir N0, arme: laserI => chance 25(5),  miss
[F4_3 VS F12_0]  C3 , tir vaisseau N°0/15 (Fregate standard, race: 3) , attP: (x:52|y:1020|z:20) , cible: Destroyer standard, deffP: (x:52|y:1020|z:18), distance: 2
 - tir N0, arme: canon à plasmaI => chance 47(5),  miss
 - tir N0, arme: canon à plasmaI => chance 47(5),  hit, shielded (1)
 - tir N0, arme: canon à plasmaI => chance 47(5),  miss
 - tir N0, arme: canon à plasmaI => chance 47(5),  miss
 - tir N0, arme: canon à plasmaI => chance 47(5),  hit, shielded (1)
 - tir N0, arme: canon à plasmaI => chance 47(5),  hit, shielded (1)
 - tir N0, arme: canon à plasmaI => chance 47(5),  miss
 - tir N0, arme: canon à plasmaI => chance 47(5),  hit, shielded (1)
 - tir N0, arme: canon à plasmaI => chance 47(5),  miss
 - tir N0, arme: canon à plasmaI => chance 47(5),  hit, shielded (1)
[F4_3 VS F12_0]  C0 , tir vaisseau N°0/25 (Destroyer standard, race: 0) , attP: (x:58|y:1020|z:9) , cible: Croiseur standard, deffP: (x:23|y:12|z:0), distance: 1 008
 - tir N0, arme: laserI - chance < 0 , exit
 - tir N1, arme: laserI - chance < 0 , exit
 - tir N2, arme: laserI - chance < 0 , exit
 - tir N3, arme: laserI - chance < 0 , exit
 - tir N4, arme: laserI - chance < 0 , exit
 - tir N5, arme: laserI - chance < 0 , exit
 - tir N6, arme: laserI - chance < 0 , exit
 - tir N7, arme: laserI - chance < 0 , exit
 - tir N8, arme: laserI - chance < 0 , exit
 - tir N9, arme: laserI - chance < 0 , exit
 - tir N10, arme: canon à plasmaI - chance < 0 , exit
 - tir N11, arme: canon à plasmaI - chance < 0 , exit
 - tir N12, arme: canon à plasmaI - chance < 0 , exit
 - tir N13, arme: canon à plasmaI - chance < 0 , exit
 - tir N14, arme: canon à plasmaI - chance < 0 , exit
 - tir N15, arme: canon à plasmaI - chance < 0 , exit
 - tir N16, arme: canon à plasmaI - chance < 0 , exit
 - tir N17, arme: canon à plasmaI - chance < 0 , exit
 - tir N18, arme: canon à plasmaI - chance < 0 , exit
 - tir N19, arme: canon à plasmaI - chance < 0 , exit
[F4_3 VS F12_0]  C0 , tir vaisseau N°0/25 (Destroyer standard, race: 0) , attP: (x:52|y:1020|z:18) , cible: Destroyer standard, deffP: (x:54|y:1020|z:4), distance: 14
 - tir N0, arme: laserI - chance < 0 , exit
 - tir N1, arme: laserI - chance < 0 , exit
 - tir N2, arme: laserI - chance < 0 , exit
 - tir N3, arme: laserI - chance < 0 , exit
 - tir N4, arme: laserI - chance < 0 , exit
 - tir N5, arme: laserI - chance < 0 , exit
 - tir N6, arme: laserI - chance < 0 , exit
 - tir N7, arme: laserI - chance < 0 , exit
 - tir N8, arme: laserI - chance < 0 , exit
 - tir N9, arme: laserI - chance < 0 , exit
 - tir N10, arme: canon à plasmaI - chance < 0 , exit
 - tir N11, arme: canon à plasmaI - chance < 0 , exit
 - tir N12, arme: canon à plasmaI - chance < 0 , exit
 - tir N13, arme: canon à plasmaI - chance < 0 , exit
 - tir N14, arme: canon à plasmaI - chance < 0 , exit
 - tir N15, arme: canon à plasmaI - chance < 0 , exit
 - tir N16, arme: canon à plasmaI - chance < 0 , exit
 - tir N17, arme: canon à plasmaI - chance < 0 , exit
 - tir N18, arme: canon à plasmaI - chance < 0 , exit
 - tir N19, arme: canon à plasmaI - chance < 0 , exit
[F4_3 VS F12_0]  C3 , tir vaisseau N°0/0 (Intercepteur standard, race: 3) , attP: (x:23|y:20|z:0) , cible: Destroyer standard, deffP: (x:58|y:1020|z:9), distance: 1 000
 - tir N0, arme: laserI - chance < 0 , exit
[F4_3 VS F12_0]  C3 , tir vaisseau N°0/25 (Destroyer standard, race: 3) , attP: (x:23|y:17|z:0) , cible: Destroyer standard, deffP: (x:58|y:1020|z:9), distance: 1 003
 - tir N0, arme: laserI - chance < 0 , exit
 - tir N1, arme: laserI - chance < 0 , exit
 - tir N2, arme: laserI - chance < 0 , exit
 - tir N3, arme: laserI - chance < 0 , exit
 - tir N4, arme: laserI - chance < 0 , exit
 - tir N5, arme: laserI - chance < 0 , exit
 - tir N6, arme: laserI - chance < 0 , exit
 - tir N7, arme: laserI - chance < 0 , exit
 - tir N8, arme: laserI - chance < 0 , exit
 - tir N9, arme: laserI - chance < 0 , exit
 - tir N10, arme: canon à plasmaI - chance < 0 , exit
 - tir N11, arme: canon à plasmaI - chance < 0 , exit
 - tir N12, arme: canon à plasmaI - chance < 0 , exit
 - tir N13, arme: canon à plasmaI - chance < 0 , exit
 - tir N14, arme: canon à plasmaI - chance < 0 , exit
 - tir N15, arme: canon à plasmaI - chance < 0 , exit
 - tir N16, arme: canon à plasmaI - chance < 0 , exit
 - tir N17, arme: canon à plasmaI - chance < 0 , exit
 - tir N18, arme: canon à plasmaI - chance < 0 , exit
 - tir N19, arme: canon à plasmaI - chance < 0 , exit
[F4_3 VS F12_0]  C3 , tir vaisseau N°0/25 (Destroyer standard, race: 3) , attP: (x:20|y:15|z:0) , cible: Destroyer standard, deffP: (x:58|y:1020|z:9), distance: 1 005
 - tir N0, arme: laserI - chance < 0 , exit
 - tir N1, arme: laserI - chance < 0 , exit
 - tir N2, arme: laserI - chance < 0 , exit
 - tir N3, arme: laserI - chance < 0 , exit
 - tir N4, arme: laserI - chance < 0 , exit
 - tir N5, arme: laserI - chance < 0 , exit
 - tir N6, arme: laserI - chance < 0 , exit
 - tir N7, arme: laserI - chance < 0 , exit
 - tir N8, arme: laserI - chance < 0 , exit
 - tir N9, arme: laserI - chance < 0 , exit
 - tir N10, arme: canon à plasmaI - chance < 0 , exit
 - tir N11, arme: canon à plasmaI - chance < 0 , exit
 - tir N12, arme: canon à plasmaI - chance < 0 , exit
 - tir N13, arme: canon à plasmaI - chance < 0 , exit
 - tir N14, arme: canon à plasmaI - chance < 0 , exit
 - tir N15, arme: canon à plasmaI - chance < 0 , exit
 - tir N16, arme: canon à plasmaI - chance < 0 , exit
 - tir N17, arme: canon à plasmaI - chance < 0 , exit
 - tir N18, arme: canon à plasmaI - chance < 0 , exit
 - tir N19, arme: canon à plasmaI - chance < 0 , exit
[F4_3 VS F12_0]  C0 , tir vaisseau N°0/0 (Intercepteur standard, race: 0) , attP: (x:17|y:1020|z:79) , cible: Croiseur standard, deffP: (x:23|y:12|z:0), distance: 1 008
 - tir N0, arme: laserI - chance < 0 , exit
[F4_3 VS F12_0]  C3 , tir vaisseau N°0/3 (Torpilleur standard, race: 3) , attP: (x:23|y:16|z:0) , cible: Destroyer standard, deffP: (x:58|y:1020|z:9), distance: 1 004
 - tir N0, arme: lance-torpilleI - chance < 0 , exit
 - tir N1, arme: lance-torpilleI - chance < 0 , exit
 - tir N2, arme: lance-torpilleI - chance < 0 , exit
 - tir N3, arme: lance-torpilleI - chance < 0 , exit
[F4_3 VS F12_0]  C3 , tir vaisseau N°0/3 (Torpilleur standard, race: 3) , attP: (x:23|y:18|z:0) , cible: Destroyer standard, deffP: (x:58|y:1020|z:9), distance: 1 002
 - tir N0, arme: lance-torpilleI - chance < 0 , exit
 - tir N1, arme: lance-torpilleI - chance < 0 , exit
 - tir N2, arme: lance-torpilleI - chance < 0 , exit
 - tir N3, arme: lance-torpilleI - chance < 0 , exit
[F4_3 VS F12_0]  C3 , tir vaisseau N°0/63 (Croiseur standard, race: 3) , attP: (x:23|y:12|z:0) , cible: Destroyer standard, deffP: (x:58|y:1020|z:9), distance: 1 008
 - tir N0, arme: canon à plasmaI - chance < 0 , exit
 - tir N1, arme: canon à plasmaI - chance < 0 , exit
 - tir N2, arme: canon à plasmaI - chance < 0 , exit
 - tir N3, arme: canon à plasmaI - chance < 0 , exit
 - tir N4, arme: canon à plasmaI - chance < 0 , exit
 - tir N5, arme: canon à plasmaI - chance < 0 , exit
 - tir N6, arme: canon à plasmaI - chance < 0 , exit
 - tir N7, arme: canon à plasmaI - chance < 0 , exit
 - tir N8, arme: canon à plasmaI - chance < 0 , exit
 - tir N9, arme: canon à plasmaI - chance < 0 , exit
 - tir N10, arme: missileI - chance < 0 , exit
 - tir N11, arme: missileI - chance < 0 , exit
 - tir N12, arme: missileI - chance < 0 , exit
 - tir N13, arme: missileI - chance < 0 , exit
 - tir N14, arme: missileI - chance < 0 , exit
 - tir N15, arme: missileI - chance < 0 , exit
 - tir N16, arme: missileI - chance < 0 , exit
 - tir N17, arme: missileI - chance < 0 , exit
 - tir N18, arme: missileI - chance < 0 , exit
 - tir N19, arme: missileI - chance < 0 , exit
 - tir N20, arme: lance-torpilleI - chance < 0 , exit
 - tir N21, arme: lance-torpilleI - chance < 0 , exit
 - tir N22, arme: lance-torpilleI - chance < 0 , exit
 - tir N23, arme: lance-torpilleI - chance < 0 , exit
 - tir N24, arme: lance-torpilleI - chance < 0 , exit
 - tir N25, arme: lance-torpilleI - chance < 0 , exit
 - tir N26, arme: lance-torpilleI - chance < 0 , exit
 - tir N27, arme: lance-torpilleI - chance < 0 , exit
 - tir N28, arme: lance-torpilleI - chance < 0 , exit
 - tir N29, arme: lance-torpilleI - chance < 0 , exit
[F4_3 VS F12_0]  C3 , tir vaisseau N°0/3 (Torpilleur standard, race: 3) , attP: (x:23|y:20|z:0) , cible: Destroyer standard, deffP: (x:58|y:1020|z:9), distance: 1 000
 - tir N0, arme: lance-torpilleI - chance < 0 , exit
 - tir N1, arme: lance-torpilleI - chance < 0 , exit
 - tir N2, arme: lance-torpilleI - chance < 0 , exit
 - tir N3, arme: lance-torpilleI - chance < 0 , exit
[F4_3 VS F12_0]  C3 , tir vaisseau N°0/3 (Torpilleur standard, race: 3) , attP: (x:23|y:19|z:0) , cible: Destroyer standard, deffP: (x:58|y:1020|z:9), distance: 1 001
 - tir N0, arme: lance-torpilleI - chance < 0 , exit
 - tir N1, arme: lance-torpilleI - chance < 0 , exit
 - tir N2, arme: lance-torpilleI - chance < 0 , exit
 - tir N3, arme: lance-torpilleI - chance < 0 , exit
[F4_3 VS F12_0]  C3 , tir vaisseau N°0/3 (Torpilleur standard, race: 3) , attP: (x:10|y:21|z:-2) , cible: Intercepteur standard, deffP: (x:-43|y:1020|z:-15), distance: 999
 - tir N0, arme: lance-torpilleI - chance < 0 , exit
 - tir N1, arme: lance-torpilleI - chance < 0 , exit
 - tir N2, arme: lance-torpilleI - chance < 0 , exit
 - tir N3, arme: lance-torpilleI - chance < 0 , exit
[F4_3 VS F12_0]  C3 , tir vaisseau N°0/3 (Torpilleur standard, race: 3) , attP: (x:23|y:20|z:0) , cible: Destroyer standard, deffP: (x:58|y:1020|z:9), distance: 1 000
 - tir N0, arme: lance-torpilleI - chance < 0 , exit
 - tir N1, arme: lance-torpilleI - chance < 0 , exit
 - tir N2, arme: lance-torpilleI - chance < 0 , exit
 - tir N3, arme: lance-torpilleI - chance < 0 , exit
[F4_3 VS F12_0]  C3 , tir vaisseau N°0/3 (Torpilleur standard, race: 3) , attP: (x:23|y:20|z:0) , cible: Destroyer standard, deffP: (x:58|y:1020|z:9), distance: 1 000
 - tir N0, arme: lance-torpilleI - chance < 0 , exit
 - tir N1, arme: lance-torpilleI - chance < 0 , exit
 - tir N2, arme: lance-torpilleI - chance < 0 , exit
 - tir N3, arme: lance-torpilleI - chance < 0 , exit
[F4_3 VS F12_0]  C3 , tir vaisseau N°0/63 (Croiseur standard, race: 3) , attP: (x:10|y:33|z:-2) , cible: Intercepteur standard, deffP: (x:-43|y:1020|z:-15), distance: 987
 - tir N0, arme: canon à plasmaI - chance < 0 , exit
 - tir N1, arme: canon à plasmaI - chance < 0 , exit
 - tir N2, arme: canon à plasmaI - chance < 0 , exit
 - tir N3, arme: canon à plasmaI - chance < 0 , exit
 - tir N4, arme: canon à plasmaI - chance < 0 , exit
 - tir N5, arme: canon à plasmaI - chance < 0 , exit
 - tir N6, arme: canon à plasmaI - chance < 0 , exit
 - tir N7, arme: canon à plasmaI - chance < 0 , exit
 - tir N8, arme: canon à plasmaI - chance < 0 , exit
 - tir N9, arme: canon à plasmaI - chance < 0 , exit
 - tir N10, arme: missileI - chance < 0 , exit
 - tir N11, arme: missileI - chance < 0 , exit
 - tir N12, arme: missileI - chance < 0 , exit
 - tir N13, arme: missileI - chance < 0 , exit
 - tir N14, arme: missileI - chance < 0 , exit
 - tir N15, arme: missileI - chance < 0 , exit
 - tir N16, arme: missileI - chance < 0 , exit
 - tir N17, arme: missileI - chance < 0 , exit
 - tir N18, arme: missileI - chance < 0 , exit
 - tir N19, arme: missileI - chance < 0 , exit
 - tir N20, arme: lance-torpilleI - chance < 0 , exit
 - tir N21, arme: lance-torpilleI - chance < 0 , exit
 - tir N22, arme: lance-torpilleI - chance < 0 , exit
 - tir N23, arme: lance-torpilleI - chance < 0 , exit
 - tir N24, arme: lance-torpilleI - chance < 0 , exit
 - tir N25, arme: lance-torpilleI - chance < 0 , exit
 - tir N26, arme: lance-torpilleI - chance < 0 , exit
 - tir N27, arme: lance-torpilleI - chance < 0 , exit
 - tir N28, arme: lance-torpilleI - chance < 0 , exit
 - tir N29, arme: lance-torpilleI - chance < 0 , exit
[F4_3 VS F12_0]  C0 , tir vaisseau N°0/7 (Colonisateur, race: 0) , attP: (x:54|y:1020|z:4) 
FIN DE TOUR: F1  0, F2 : 13
TOUR DE COMBAT 2
[F4_3 VS F12_0]  C3 , tir vaisseau N°0/3 (Chasseur standard, race: 3) , attP: (x:27|y:1020|z:40) , cible: Destroyer standard, deffP: (x:27|y:1020|z:40), distance: 0
 - tir N0, arme: laserI => chance 25(5),  hit, shielded (2)
 - tir N0, arme: laserI => chance 25(5),  miss
 - tir N0, arme: laserI => chance 25(5),  miss
 - tir N0, arme: laserI => chance 25(5),  miss
[F4_3 VS F12_0]  C3 , tir vaisseau N°0/3 (Chasseur standard, race: 3) , attP: (x:21|y:1020|z:27) , cible: Destroyer standard, deffP: (x:21|y:1020|z:27), distance: 0
 - tir N0, arme: laserI => chance 25(5),  miss
 - tir N0, arme: laserI => chance 25(5),  miss
 - tir N0, arme: laserI => chance 25(5),  hit, shielded (2)
 - tir N0, arme: laserI => chance 25(5),  miss
[F4_3 VS F12_0]  C3 , tir vaisseau N°0/3 (Chasseur standard, race: 3) , attP: (x:49|y:1020|z:52) , cible: Intercepteur standard, deffP: (x:49|y:1020|z:52), distance: 0
 - tir N0, arme: laserI => chance 56(6),  miss
 - tir N0, arme: laserI => chance 56(6),  miss
 - tir N0, arme: laserI => chance 56(6),  hit, degat (1)
 - tir N0, arme: laserI => chance 56(6),  hit, degat (1), cible detruire
[F4_3 VS F12_0]  C3 , tir vaisseau N°0/3 (Chasseur standard, race: 3) , attP: (x:27|y:1020|z:40) , cible: Destroyer standard, deffP: (x:27|y:1020|z:40), distance: 0
 - tir N0, arme: laserI => chance 25(5),  miss
 - tir N0, arme: laserI => chance 25(5),  hit, shielded (2)
 - tir N0, arme: laserI => chance 25(5),  miss
 - tir N0, arme: laserI => chance 25(5),  hit, shielded (2)
[F4_3 VS F12_0]  C3 , tir vaisseau N°0/3 (Chasseur standard, race: 3) , attP: (x:21|y:1020|z:27) , cible: Destroyer standard, deffP: (x:21|y:1020|z:27), distance: 0
 - tir N0, arme: laserI => chance 25(5),  miss
 - tir N0, arme: laserI => chance 25(5),  miss
 - tir N0, arme: laserI => chance 25(5),  miss
 - tir N0, arme: laserI => chance 25(5),  miss
[F4_3 VS F12_0]  C3 , tir vaisseau N°0/0 (Intercepteur standard, race: 3) , attP: (x:49|y:1020|z:52) 
[F4_3 VS F12_0]  C3 , tir vaisseau N°0/3 (Chasseur standard, race: 3) , attP: (x:49|y:1020|z:52) 
[F4_3 VS F12_0]  C3 , tir vaisseau N°0/3 (Chasseur standard, race: 3) , attP: (x:21|y:1020|z:27) , cible: Destroyer standard, deffP: (x:21|y:1020|z:27), distance: 0
 - tir N0, arme: laserI => chance 25(5),  miss
 - tir N0, arme: laserI => chance 25(5),  hit, shielded (2)
 - tir N0, arme: laserI => chance 25(5),  miss
 - tir N0, arme: laserI => chance 25(5),  miss
[F4_3 VS F12_0]  C0 , tir vaisseau N°0/25 (Destroyer standard, race: 0) , attP: (x:21|y:1020|z:27) , cible: Croiseur standard, deffP: (x:52|y:1020|z:29), distance: 31
 - tir N0, arme: laserI - chance < 0 , exit
 - tir N1, arme: laserI - chance < 0 , exit
 - tir N2, arme: laserI - chance < 0 , exit
 - tir N3, arme: laserI - chance < 0 , exit
 - tir N4, arme: laserI - chance < 0 , exit
 - tir N5, arme: laserI - chance < 0 , exit
 - tir N6, arme: laserI - chance < 0 , exit
 - tir N7, arme: laserI - chance < 0 , exit
 - tir N8, arme: laserI - chance < 0 , exit
 - tir N9, arme: laserI - chance < 0 , exit
 - tir N10, arme: canon à plasmaI - chance < 0 , exit
 - tir N11, arme: canon à plasmaI - chance < 0 , exit
 - tir N12, arme: canon à plasmaI - chance < 0 , exit
 - tir N13, arme: canon à plasmaI - chance < 0 , exit
 - tir N14, arme: canon à plasmaI - chance < 0 , exit
 - tir N15, arme: canon à plasmaI - chance < 0 , exit
 - tir N16, arme: canon à plasmaI - chance < 0 , exit
 - tir N17, arme: canon à plasmaI - chance < 0 , exit
 - tir N18, arme: canon à plasmaI - chance < 0 , exit
 - tir N19, arme: canon à plasmaI - chance < 0 , exit
[F4_3 VS F12_0]  C3 , tir vaisseau N°0/25 (Destroyer standard, race: 3) , attP: (x:25|y:1020|z:40) , cible: Destroyer standard, deffP: (x:27|y:1020|z:40), distance: 2
 - tir N0, arme: laserI => chance 20(5),  miss
 - tir N0, arme: laserI => chance 20(5),  miss
 - tir N0, arme: laserI => chance 20(5),  miss
 - tir N0, arme: laserI => chance 20(5),  miss
 - tir N0, arme: laserI => chance 20(5),  miss
 - tir N0, arme: laserI => chance 20(5),  miss
 - tir N0, arme: laserI => chance 20(5),  miss
 - tir N0, arme: laserI => chance 20(5),  miss
 - tir N0, arme: laserI => chance 20(5),  miss
 - tir N0, arme: laserI => chance 20(5),  miss
 - tir N0, arme: canon à plasmaI => chance 47(5),  miss
 - tir N0, arme: canon à plasmaI => chance 47(5),  miss
 - tir N0, arme: canon à plasmaI => chance 47(5),  hit, degat (1)
 - tir N0, arme: canon à plasmaI => chance 47(5),  miss
 - tir N0, arme: canon à plasmaI => chance 47(5),  hit, degat (1)
 - tir N0, arme: canon à plasmaI => chance 47(5),  hit, degat (1)
 - tir N0, arme: canon à plasmaI => chance 47(5),  hit, degat (1)
 - tir N0, arme: canon à plasmaI => chance 47(5),  hit, degat (1)
 - tir N0, arme: canon à plasmaI => chance 47(5),  miss
 - tir N0, arme: canon à plasmaI => chance 47(5),  hit, degat (1)
[F4_3 VS F12_0]  C0 , tir vaisseau N°0/0 (Intercepteur standard, race: 0) , attP: (x:49|y:1020|z:52) 
[F4_3 VS F12_0]  C3 , tir vaisseau N°0/0 (Intercepteur standard, race: 3) , attP: (x:53|y:1020|z:-2) , cible: Intercepteur standard, deffP: (x:53|y:1020|z:-2), distance: 0
 - tir N0, arme: laserI => chance 55(5),  miss
[F4_3 VS F12_0]  C3 , tir vaisseau N°0/25 (Destroyer standard, race: 3) , attP: (x:52|y:1020|z:11) , cible: Destroyer standard, deffP: (x:21|y:1020|z:27), distance: 31
 - tir N0, arme: laserI - chance < 0 , exit
 - tir N1, arme: laserI - chance < 0 , exit
 - tir N2, arme: laserI - chance < 0 , exit
 - tir N3, arme: laserI - chance < 0 , exit
 - tir N4, arme: laserI - chance < 0 , exit
 - tir N5, arme: laserI - chance < 0 , exit
 - tir N6, arme: laserI - chance < 0 , exit
 - tir N7, arme: laserI - chance < 0 , exit
 - tir N8, arme: laserI - chance < 0 , exit
 - tir N9, arme: laserI - chance < 0 , exit
 - tir N10, arme: canon à plasmaI - chance < 0 , exit
 - tir N11, arme: canon à plasmaI - chance < 0 , exit
 - tir N12, arme: canon à plasmaI - chance < 0 , exit
 - tir N13, arme: canon à plasmaI - chance < 0 , exit
 - tir N14, arme: canon à plasmaI - chance < 0 , exit
 - tir N15, arme: canon à plasmaI - chance < 0 , exit
 - tir N16, arme: canon à plasmaI - chance < 0 , exit
 - tir N17, arme: canon à plasmaI - chance < 0 , exit
 - tir N18, arme: canon à plasmaI - chance < 0 , exit
 - tir N19, arme: canon à plasmaI - chance < 0 , exit
[F4_3 VS F12_0]  C3 , tir vaisseau N°0/15 (Fregate standard, race: 3) , attP: (x:17|y:1020|z:79) 
[F4_3 VS F12_0]  C0 , tir vaisseau N°0/25 (Destroyer standard, race: 0) , attP: (x:27|y:1020|z:40) , cible: Fregate standard, deffP: (x:17|y:1020|z:79), distance: 39
 - tir N0, arme: laserI - chance < 0 , exit
 - tir N1, arme: laserI - chance < 0 , exit
 - tir N2, arme: laserI - chance < 0 , exit
 - tir N3, arme: laserI - chance < 0 , exit
 - tir N4, arme: laserI - chance < 0 , exit
 - tir N5, arme: laserI - chance < 0 , exit
 - tir N6, arme: laserI - chance < 0 , exit
 - tir N7, arme: laserI - chance < 0 , exit
 - tir N8, arme: laserI - chance < 0 , exit
 - tir N9, arme: canon à plasmaI - chance < 0 , exit
 - tir N10, arme: canon à plasmaI - chance < 0 , exit
 - tir N11, arme: canon à plasmaI - chance < 0 , exit
 - tir N12, arme: canon à plasmaI - chance < 0 , exit
 - tir N13, arme: canon à plasmaI - chance < 0 , exit
 - tir N14, arme: canon à plasmaI - chance < 0 , exit
[F4_3 VS F12_0]  C3 , tir vaisseau N°0/15 (Fregate standard, race: 3) , attP: (x:52|y:1020|z:18) , cible: Destroyer standard, deffP: (x:21|y:1020|z:27), distance: 31
 - tir N0, arme: canon à plasmaI - chance < 0 , exit
 - tir N1, arme: canon à plasmaI - chance < 0 , exit
 - tir N2, arme: canon à plasmaI - chance < 0 , exit
 - tir N3, arme: canon à plasmaI - chance < 0 , exit
 - tir N4, arme: canon à plasmaI - chance < 0 , exit
 - tir N5, arme: canon à plasmaI - chance < 0 , exit
 - tir N6, arme: canon à plasmaI - chance < 0 , exit
 - tir N7, arme: canon à plasmaI - chance < 0 , exit
 - tir N8, arme: canon à plasmaI - chance < 0 , exit
 - tir N9, arme: canon à plasmaI - chance < 0 , exit
[F4_3 VS F12_0]  C3 , tir vaisseau N°0/0 (Intercepteur standard, race: 3) , attP: (x:58|y:1020|z:9) , cible: Destroyer standard, deffP: (x:27|y:1020|z:40), distance: 31
 - tir N0, arme: laserI - chance < 0 , exit
[F4_3 VS F12_0]  C0 , tir vaisseau N°0/0 (Intercepteur standard, race: 0) , attP: (x:53|y:1020|z:-2) , cible: Croiseur standard, deffP: (x:52|y:1020|z:29), distance: 31
 - tir N0, arme: laserI - chance < 0 , exit
[F4_3 VS F12_0]  C3 , tir vaisseau N°0/3 (Torpilleur standard, race: 3) , attP: (x:52|y:1020|z:14) , cible: Destroyer standard, deffP: (x:21|y:1020|z:27), distance: 31
 - tir N0, arme: lance-torpilleI - chance < 0 , exit
 - tir N1, arme: lance-torpilleI - chance < 0 , exit
 - tir N2, arme: lance-torpilleI - chance < 0 , exit
 - tir N3, arme: lance-torpilleI - chance < 0 , exit
[F4_3 VS F12_0]  C3 , tir vaisseau N°0/3 (Torpilleur standard, race: 3) , attP: (x:37|y:1020|z:-14) , cible: Intercepteur standard, deffP: (x:53|y:1020|z:-2), distance: 16
 - tir N0, arme: lance-torpilleI - chance < 0 , exit
 - tir N1, arme: lance-torpilleI - chance < 0 , exit
 - tir N2, arme: lance-torpilleI - chance < 0 , exit
 - tir N3, arme: lance-torpilleI - chance < 0 , exit
[F4_3 VS F12_0]  C3 , tir vaisseau N°0/3 (Torpilleur standard, race: 3) , attP: (x:52|y:1020|z:24) , cible: Destroyer standard, deffP: (x:21|y:1020|z:27), distance: 31
 - tir N0, arme: lance-torpilleI - chance < 0 , exit
 - tir N1, arme: lance-torpilleI - chance < 0 , exit
 - tir N2, arme: lance-torpilleI - chance < 0 , exit
 - tir N3, arme: lance-torpilleI - chance < 0 , exit
[F4_3 VS F12_0]  C3 , tir vaisseau N°0/25 (Destroyer standard, race: 3) , attP: (x:52|y:1020|z:11) , cible: Destroyer standard, deffP: (x:21|y:1020|z:27), distance: 31
 - tir N0, arme: laserI - chance < 0 , exit
 - tir N1, arme: laserI - chance < 0 , exit
 - tir N2, arme: laserI - chance < 0 , exit
 - tir N3, arme: laserI - chance < 0 , exit
 - tir N4, arme: laserI - chance < 0 , exit
 - tir N5, arme: laserI - chance < 0 , exit
 - tir N6, arme: laserI - chance < 0 , exit
 - tir N7, arme: laserI - chance < 0 , exit
 - tir N8, arme: laserI - chance < 0 , exit
 - tir N9, arme: laserI - chance < 0 , exit
 - tir N10, arme: canon à plasmaI - chance < 0 , exit
 - tir N11, arme: canon à plasmaI - chance < 0 , exit
 - tir N12, arme: canon à plasmaI - chance < 0 , exit
 - tir N13, arme: canon à plasmaI - chance < 0 , exit
 - tir N14, arme: canon à plasmaI - chance < 0 , exit
 - tir N15, arme: canon à plasmaI - chance < 0 , exit
 - tir N16, arme: canon à plasmaI - chance < 0 , exit
 - tir N17, arme: canon à plasmaI - chance < 0 , exit
 - tir N18, arme: canon à plasmaI - chance < 0 , exit
 - tir N19, arme: canon à plasmaI - chance < 0 , exit
[F4_3 VS F12_0]  C3 , tir vaisseau N°0/3 (Torpilleur standard, race: 3) , attP: (x:37|y:1020|z:-14) , cible: Intercepteur standard, deffP: (x:53|y:1020|z:-2), distance: 16
 - tir N0, arme: lance-torpilleI - chance < 0 , exit
 - tir N1, arme: lance-torpilleI - chance < 0 , exit
 - tir N2, arme: lance-torpilleI - chance < 0 , exit
 - tir N3, arme: lance-torpilleI - chance < 0 , exit
[F4_3 VS F12_0]  C3 , tir vaisseau N°0/3 (Torpilleur standard, race: 3) , attP: (x:37|y:1020|z:-14) , cible: Intercepteur standard, deffP: (x:53|y:1020|z:-2), distance: 16
 - tir N0, arme: lance-torpilleI - chance < 0 , exit
 - tir N1, arme: lance-torpilleI - chance < 0 , exit
 - tir N2, arme: lance-torpilleI - chance < 0 , exit
 - tir N3, arme: lance-torpilleI - chance < 0 , exit
[F4_3 VS F12_0]  C3 , tir vaisseau N°0/3 (Torpilleur standard, race: 3) , attP: (x:52|y:1020|z:14) , cible: Destroyer standard, deffP: (x:21|y:1020|z:27), distance: 31
 - tir N0, arme: lance-torpilleI - chance < 0 , exit
 - tir N1, arme: lance-torpilleI - chance < 0 , exit
 - tir N2, arme: lance-torpilleI - chance < 0 , exit
 - tir N3, arme: lance-torpilleI - chance < 0 , exit
[F4_3 VS F12_0]  C3 , tir vaisseau N°0/3 (Torpilleur standard, race: 3) , attP: (x:52|y:1020|z:14) , cible: Destroyer standard, deffP: (x:21|y:1020|z:27), distance: 31
 - tir N0, arme: lance-torpilleI - chance < 0 , exit
 - tir N1, arme: lance-torpilleI - chance < 0 , exit
 - tir N2, arme: lance-torpilleI - chance < 0 , exit
 - tir N3, arme: lance-torpilleI - chance < 0 , exit
[F4_3 VS F12_0]  C3 , tir vaisseau N°0/63 (Croiseur standard, race: 3) , attP: (x:14|y:1020|z:9) , cible: Destroyer standard, deffP: (x:21|y:1020|z:27), distance: 18
 - tir N0, arme: canon à plasmaI - chance < 0 , exit
 - tir N1, arme: canon à plasmaI - chance < 0 , exit
 - tir N2, arme: canon à plasmaI - chance < 0 , exit
 - tir N3, arme: canon à plasmaI - chance < 0 , exit
 - tir N4, arme: canon à plasmaI - chance < 0 , exit
 - tir N5, arme: canon à plasmaI - chance < 0 , exit
 - tir N6, arme: canon à plasmaI - chance < 0 , exit
 - tir N7, arme: canon à plasmaI - chance < 0 , exit
 - tir N8, arme: canon à plasmaI - chance < 0 , exit
 - tir N9, arme: canon à plasmaI - chance < 0 , exit
 - tir N10, arme: missileI - chance < 0 , exit
 - tir N11, arme: missileI - chance < 0 , exit
 - tir N12, arme: missileI - chance < 0 , exit
 - tir N13, arme: missileI - chance < 0 , exit
 - tir N14, arme: missileI - chance < 0 , exit
 - tir N15, arme: missileI - chance < 0 , exit
 - tir N16, arme: missileI - chance < 0 , exit
 - tir N17, arme: missileI - chance < 0 , exit
 - tir N18, arme: missileI - chance < 0 , exit
 - tir N19, arme: missileI - chance < 0 , exit
 - tir N20, arme: lance-torpilleI => chance 7(5),  miss
 - tir N20, arme: lance-torpilleI => chance 7(5),  miss
 - tir N20, arme: lance-torpilleI => chance 7(5),  miss
 - tir N20, arme: lance-torpilleI => chance 7(5),  miss
 - tir N20, arme: lance-torpilleI => chance 7(5),  miss
 - tir N20, arme: lance-torpilleI => chance 7(5),  miss
 - tir N20, arme: lance-torpilleI => chance 7(5),  miss
 - tir N20, arme: lance-torpilleI => chance 7(5),  miss
 - tir N20, arme: lance-torpilleI => chance 7(5),  miss
 - tir N20, arme: lance-torpilleI => chance 7(5),  miss
[F4_3 VS F12_0]  C3 , tir vaisseau N°0/63 (Croiseur standard, race: 3) , attP: (x:52|y:1020|z:29) , cible: Destroyer standard, deffP: (x:21|y:1020|z:27), distance: 31
 - tir N0, arme: canon à plasmaI - chance < 0 , exit
 - tir N1, arme: canon à plasmaI - chance < 0 , exit
 - tir N2, arme: canon à plasmaI - chance < 0 , exit
 - tir N3, arme: canon à plasmaI - chance < 0 , exit
 - tir N4, arme: canon à plasmaI - chance < 0 , exit
 - tir N5, arme: canon à plasmaI - chance < 0 , exit
 - tir N6, arme: canon à plasmaI - chance < 0 , exit
 - tir N7, arme: canon à plasmaI - chance < 0 , exit
 - tir N8, arme: canon à plasmaI - chance < 0 , exit
 - tir N9, arme: canon à plasmaI - chance < 0 , exit
 - tir N10, arme: missileI - chance < 0 , exit
 - tir N11, arme: missileI - chance < 0 , exit
 - tir N12, arme: missileI - chance < 0 , exit
 - tir N13, arme: missileI - chance < 0 , exit
 - tir N14, arme: missileI - chance < 0 , exit
 - tir N15, arme: missileI - chance < 0 , exit
 - tir N16, arme: missileI - chance < 0 , exit
 - tir N17, arme: missileI - chance < 0 , exit
 - tir N18, arme: missileI - chance < 0 , exit
 - tir N19, arme: missileI - chance < 0 , exit
 - tir N20, arme: lance-torpilleI - chance < 0 , exit
 - tir N21, arme: lance-torpilleI - chance < 0 , exit
 - tir N22, arme: lance-torpilleI - chance < 0 , exit
 - tir N23, arme: lance-torpilleI - chance < 0 , exit
 - tir N24, arme: lance-torpilleI - chance < 0 , exit
 - tir N25, arme: lance-torpilleI - chance < 0 , exit
 - tir N26, arme: lance-torpilleI - chance < 0 , exit
 - tir N27, arme: lance-torpilleI - chance < 0 , exit
 - tir N28, arme: lance-torpilleI - chance < 0 , exit
 - tir N29, arme: lance-torpilleI - chance < 0 , exit
FIN DE TOUR: F1  0, F2 : 21
TOUR DE COMBAT 3
[F4_3 VS F12_0]  C3 , tir vaisseau N°0/3 (Chasseur standard, race: 3) , attP: (x:36|y:1020|z:46) , cible: Destroyer standard, deffP: (x:36|y:1020|z:46), distance: 0
 - tir N0, arme: laserI => chance 25(5),  miss
 - tir N0, arme: laserI => chance 25(5),  miss
 - tir N0, arme: laserI => chance 25(5),  miss
 - tir N0, arme: laserI => chance 25(5),  miss
[F4_3 VS F12_0]  C3 , tir vaisseau N°0/3 (Chasseur standard, race: 3) , attP: (x:36|y:1020|z:46) , cible: Destroyer standard, deffP: (x:36|y:1020|z:46), distance: 0
 - tir N0, arme: laserI => chance 26(6),  miss
 - tir N0, arme: laserI => chance 26(6),  hit, degat (1)
 - tir N0, arme: laserI => chance 26(6),  miss
 - tir N0, arme: laserI => chance 26(6),  hit, degat (1)
[F4_3 VS F12_0]  C3 , tir vaisseau N°0/3 (Chasseur standard, race: 3) , attP: (x:36|y:1020|z:46) , cible: Destroyer standard, deffP: (x:36|y:1020|z:46), distance: 0
 - tir N0, arme: laserI => chance 25(5),  hit, degat (1)
 - tir N0, arme: laserI => chance 25(5),  miss
 - tir N0, arme: laserI => chance 25(5),  hit, degat (1)
 - tir N0, arme: laserI => chance 25(5),  hit, degat (1)
[F4_3 VS F12_0]  C0 , tir vaisseau N°0/0 (Intercepteur standard, race: 0) , attP: (x:86|y:1020|z:11) , cible: Croiseur standard, deffP: (x:53|y:1020|z:-2), distance: 33
 - tir N0, arme: laserI - chance < 0 , exit
[F4_3 VS F12_0]  C3 , tir vaisseau N°0/3 (Chasseur standard, race: 3) , attP: (x:88|y:1020|z:36) , cible: Destroyer standard, deffP: (x:88|y:1020|z:36), distance: 0
 - tir N0, arme: laserI => chance 25(5),  miss
 - tir N0, arme: laserI => chance 25(5),  hit, degat (1)
 - tir N0, arme: laserI => chance 25(5),  miss
 - tir N0, arme: laserI => chance 25(5),  hit, degat (1)
[F4_3 VS F12_0]  C3 , tir vaisseau N°0/0 (Intercepteur standard, race: 3) , attP: (x:53|y:1020|z:-2) , cible: Intercepteur standard, deffP: (x:86|y:1020|z:11), distance: 33
 - tir N0, arme: laserI - chance < 0 , exit
[F4_3 VS F12_0]  C3 , tir vaisseau N°0/3 (Chasseur standard, race: 3) , attP: (x:53|y:1020|z:-2) , cible: Intercepteur standard, deffP: (x:86|y:1020|z:11), distance: 33
 - tir N0, arme: laserI - chance < 0 , exit
 - tir N1, arme: laserI - chance < 0 , exit
 - tir N2, arme: laserI - chance < 0 , exit
 - tir N3, arme: laserI - chance < 0 , exit
[F4_3 VS F12_0]  C3 , tir vaisseau N°0/25 (Destroyer standard, race: 3) , attP: (x:36|y:1020|z:46) , cible: Destroyer standard, deffP: (x:36|y:1020|z:46), distance: 0
 - tir N0, arme: laserI => chance 25(5),  hit, degat (1)
 - tir N0, arme: laserI => chance 25(5),  hit, degat (1)
 - tir N0, arme: laserI => chance 25(5),  miss
 - tir N0, arme: laserI => chance 25(5),  miss
 - tir N0, arme: laserI => chance 25(5),  miss
 - tir N0, arme: laserI => chance 25(5),  miss
 - tir N0, arme: laserI => chance 25(5),  miss
 - tir N0, arme: laserI => chance 25(5),  hit, degat (1)
 - tir N0, arme: laserI => chance 25(5),  miss
 - tir N0, arme: laserI => chance 25(5),  miss
 - tir N0, arme: canon à plasmaI => chance 55(5),  hit, degat (1)
 - tir N0, arme: canon à plasmaI => chance 55(5),  hit, degat (1)
 - tir N0, arme: canon à plasmaI => chance 55(5),  hit, degat (1)
 - tir N0, arme: canon à plasmaI => chance 55(5),  hit, degat (1)
 - tir N0, arme: canon à plasmaI => chance 55(5),  hit, degat (1)
 - tir N0, arme: canon à plasmaI => chance 55(5),  hit, degat (1)
 - tir N0, arme: canon à plasmaI => chance 55(5),  miss
 - tir N0, arme: canon à plasmaI => chance 55(5),  hit, degat (1)
 - tir N0, arme: canon à plasmaI => chance 55(5),  hit, degat (1)
 - tir N0, arme: canon à plasmaI => chance 55(5),  hit, degat (1)
[F4_3 VS F12_0]  C3 , tir vaisseau N°0/3 (Chasseur standard, race: 3) , attP: (x:88|y:1020|z:36) , cible: Destroyer standard, deffP: (x:88|y:1020|z:36), distance: 0
 - tir N0, arme: laserI => chance 25(5),  miss
 - tir N0, arme: laserI => chance 25(5),  miss
 - tir N0, arme: laserI => chance 25(5),  miss
 - tir N0, arme: laserI => chance 25(5),  miss
[F4_3 VS F12_0]  C3 , tir vaisseau N°0/0 (Intercepteur standard, race: 3) , attP: (x:36|y:1020|z:46) , cible: Destroyer standard, deffP: (x:36|y:1020|z:46), distance: 0
 - tir N0, arme: laserI => chance 25(5),  miss
[F4_3 VS F12_0]  C3 , tir vaisseau N°0/0 (Intercepteur standard, race: 3) , attP: (x:53|y:1020|z:-2) , cible: Intercepteur standard, deffP: (x:86|y:1020|z:11), distance: 33
 - tir N0, arme: laserI - chance < 0 , exit
[F4_3 VS F12_0]  C3 , tir vaisseau N°0/3 (Chasseur standard, race: 3) , attP: (x:36|y:1020|z:46) , cible: Destroyer standard, deffP: (x:36|y:1020|z:46), distance: 0
 - tir N0, arme: laserI => chance 25(5),  hit, degat (1)
 - tir N0, arme: laserI => chance 25(5),  miss
 - tir N0, arme: laserI => chance 25(5),  miss
 - tir N0, arme: laserI => chance 25(5),  miss
[F4_3 VS F12_0]  C0 , tir vaisseau N°0/25 (Destroyer standard, race: 0) , attP: (x:36|y:1020|z:46) , cible: Fregate standard, deffP: (x:24|y:1020|z:6), distance: 40
 - tir N0, arme: canon à plasmaI - chance < 0 , exit
 - tir N1, arme: canon à plasmaI - chance < 0 , exit
[F4_3 VS F12_0]  C3 , tir vaisseau N°0/15 (Fregate standard, race: 3) , attP: (x:24|y:1020|z:6) , cible: Destroyer standard, deffP: (x:36|y:1020|z:46), distance: 40
 - tir N0, arme: canon à plasmaI - chance < 0 , exit
 - tir N1, arme: canon à plasmaI - chance < 0 , exit
 - tir N2, arme: canon à plasmaI - chance < 0 , exit
 - tir N3, arme: canon à plasmaI - chance < 0 , exit
 - tir N4, arme: canon à plasmaI - chance < 0 , exit
 - tir N5, arme: canon à plasmaI - chance < 0 , exit
 - tir N6, arme: canon à plasmaI - chance < 0 , exit
 - tir N7, arme: canon à plasmaI - chance < 0 , exit
 - tir N8, arme: canon à plasmaI - chance < 0 , exit
 - tir N9, arme: canon à plasmaI - chance < 0 , exit
[F4_3 VS F12_0]  C0 , tir vaisseau N°0/25 (Destroyer standard, race: 0) , attP: (x:88|y:1020|z:36) , cible: Croiseur standard, deffP: (x:21|y:1020|z:18), distance: 67
 - tir N0, arme: laserI - chance < 0 , exit
 - tir N1, arme: laserI - chance < 0 , exit
 - tir N2, arme: laserI - chance < 0 , exit
 - tir N3, arme: laserI - chance < 0 , exit
 - tir N4, arme: laserI - chance < 0 , exit
 - tir N5, arme: laserI - chance < 0 , exit
 - tir N6, arme: laserI - chance < 0 , exit
 - tir N7, arme: laserI - chance < 0 , exit
 - tir N8, arme: laserI - chance < 0 , exit
 - tir N9, arme: canon à plasmaI - chance < 0 , exit
 - tir N10, arme: canon à plasmaI - chance < 0 , exit
 - tir N11, arme: canon à plasmaI - chance < 0 , exit
 - tir N12, arme: canon à plasmaI - chance < 0 , exit
 - tir N13, arme: canon à plasmaI - chance < 0 , exit
 - tir N14, arme: canon à plasmaI - chance < 0 , exit
 - tir N15, arme: canon à plasmaI - chance < 0 , exit
 - tir N16, arme: canon à plasmaI - chance < 0 , exit
 - tir N17, arme: canon à plasmaI - chance < 0 , exit
[F4_3 VS F12_0]  C3 , tir vaisseau N°0/3 (Torpilleur standard, race: 3) , attP: (x:26|y:1020|z:40) , cible: Destroyer standard, deffP: (x:36|y:1020|z:46), distance: 10
 - tir N0, arme: lance-torpilleI => chance 13(5),  miss
 - tir N0, arme: lance-torpilleI => chance 13(5),  miss
 - tir N0, arme: lance-torpilleI => chance 13(5),  miss
 - tir N0, arme: lance-torpilleI => chance 13(5),  miss
[F4_3 VS F12_0]  C3 , tir vaisseau N°0/25 (Destroyer standard, race: 3) , attP: (x:53|y:1020|z:0) , cible: Intercepteur standard, deffP: (x:86|y:1020|z:11), distance: 33
 - tir N0, arme: laserI - chance < 0 , exit
 - tir N1, arme: laserI - chance < 0 , exit
 - tir N2, arme: laserI - chance < 0 , exit
 - tir N3, arme: laserI - chance < 0 , exit
 - tir N4, arme: laserI - chance < 0 , exit
 - tir N5, arme: laserI - chance < 0 , exit
 - tir N6, arme: laserI - chance < 0 , exit
 - tir N7, arme: laserI - chance < 0 , exit
 - tir N8, arme: laserI - chance < 0 , exit
 - tir N9, arme: laserI - chance < 0 , exit
 - tir N10, arme: canon à plasmaI - chance < 0 , exit
 - tir N11, arme: canon à plasmaI - chance < 0 , exit
 - tir N12, arme: canon à plasmaI - chance < 0 , exit
 - tir N13, arme: canon à plasmaI - chance < 0 , exit
 - tir N14, arme: canon à plasmaI - chance < 0 , exit
 - tir N15, arme: canon à plasmaI - chance < 0 , exit
 - tir N16, arme: canon à plasmaI - chance < 0 , exit
 - tir N17, arme: canon à plasmaI - chance < 0 , exit
 - tir N18, arme: canon à plasmaI - chance < 0 , exit
 - tir N19, arme: canon à plasmaI - chance < 0 , exit
[F4_3 VS F12_0]  C3 , tir vaisseau N°0/3 (Torpilleur standard, race: 3) , attP: (x:26|y:1020|z:40) , cible: Destroyer standard, deffP: (x:36|y:1020|z:46), distance: 10
 - tir N0, arme: lance-torpilleI => chance 13(5),  miss
 - tir N0, arme: lance-torpilleI => chance 13(5),  miss
 - tir N0, arme: lance-torpilleI => chance 13(5),  miss
 - tir N0, arme: lance-torpilleI => chance 13(5),  miss
[F4_3 VS F12_0]  C3 , tir vaisseau N°0/3 (Torpilleur standard, race: 3) , attP: (x:23|y:1020|z:27) , cible: Destroyer standard, deffP: (x:88|y:1020|z:36), distance: 65
 - tir N0, arme: lance-torpilleI - chance < 0 , exit
 - tir N1, arme: lance-torpilleI - chance < 0 , exit
 - tir N2, arme: lance-torpilleI - chance < 0 , exit
 - tir N3, arme: lance-torpilleI - chance < 0 , exit
[F4_3 VS F12_0]  C3 , tir vaisseau N°0/3 (Torpilleur standard, race: 3) , attP: (x:26|y:1020|z:40) , cible: Destroyer standard, deffP: (x:36|y:1020|z:46), distance: 10
 - tir N0, arme: lance-torpilleI => chance 13(5),  miss
 - tir N0, arme: lance-torpilleI => chance 13(5),  miss
 - tir N0, arme: lance-torpilleI => chance 13(5),  miss
 - tir N0, arme: lance-torpilleI => chance 13(5),  miss
[F4_3 VS F12_0]  C3 , tir vaisseau N°0/3 (Torpilleur standard, race: 3) , attP: (x:23|y:1020|z:27) , cible: Destroyer standard, deffP: (x:88|y:1020|z:36), distance: 65
 - tir N0, arme: lance-torpilleI - chance < 0 , exit
 - tir N1, arme: lance-torpilleI - chance < 0 , exit
 - tir N2, arme: lance-torpilleI - chance < 0 , exit
 - tir N3, arme: lance-torpilleI - chance < 0 , exit
[F4_3 VS F12_0]  C3 , tir vaisseau N°0/25 (Destroyer standard, race: 3) , attP: (x:53|y:1020|z:0) , cible: Intercepteur standard, deffP: (x:86|y:1020|z:11), distance: 33
 - tir N0, arme: laserI - chance < 0 , exit
 - tir N1, arme: laserI - chance < 0 , exit
 - tir N2, arme: laserI - chance < 0 , exit
 - tir N3, arme: laserI - chance < 0 , exit
 - tir N4, arme: laserI - chance < 0 , exit
 - tir N5, arme: laserI - chance < 0 , exit
 - tir N6, arme: laserI - chance < 0 , exit
 - tir N7, arme: laserI - chance < 0 , exit
 - tir N8, arme: laserI - chance < 0 , exit
 - tir N9, arme: laserI - chance < 0 , exit
 - tir N10, arme: canon à plasmaI - chance < 0 , exit
 - tir N11, arme: canon à plasmaI - chance < 0 , exit
 - tir N12, arme: canon à plasmaI - chance < 0 , exit
 - tir N13, arme: canon à plasmaI - chance < 0 , exit
 - tir N14, arme: canon à plasmaI - chance < 0 , exit
 - tir N15, arme: canon à plasmaI - chance < 0 , exit
 - tir N16, arme: canon à plasmaI - chance < 0 , exit
 - tir N17, arme: canon à plasmaI - chance < 0 , exit
 - tir N18, arme: canon à plasmaI - chance < 0 , exit
 - tir N19, arme: canon à plasmaI - chance < 0 , exit
[F4_3 VS F12_0]  C3 , tir vaisseau N°0/15 (Fregate standard, race: 3) , attP: (x:53|y:1020|z:51) , cible: Intercepteur standard, deffP: (x:86|y:1020|z:11), distance: 40
 - tir N0, arme: canon à plasmaI - chance < 0 , exit
 - tir N1, arme: canon à plasmaI - chance < 0 , exit
 - tir N2, arme: canon à plasmaI - chance < 0 , exit
 - tir N3, arme: canon à plasmaI - chance < 0 , exit
 - tir N4, arme: canon à plasmaI - chance < 0 , exit
 - tir N5, arme: canon à plasmaI - chance < 0 , exit
 - tir N6, arme: canon à plasmaI - chance < 0 , exit
 - tir N7, arme: canon à plasmaI - chance < 0 , exit
 - tir N8, arme: canon à plasmaI - chance < 0 , exit
 - tir N9, arme: canon à plasmaI - chance < 0 , exit
[F4_3 VS F12_0]  C3 , tir vaisseau N°0/3 (Torpilleur standard, race: 3) , attP: (x:26|y:1020|z:38) , cible: Destroyer standard, deffP: (x:36|y:1020|z:46), distance: 10
 - tir N0, arme: lance-torpilleI => chance 13(5),  miss
 - tir N0, arme: lance-torpilleI => chance 13(5),  miss
 - tir N0, arme: lance-torpilleI => chance 13(5),  miss
 - tir N0, arme: lance-torpilleI => chance 13(5),  miss
[F4_3 VS F12_0]  C3 , tir vaisseau N°0/3 (Torpilleur standard, race: 3) , attP: (x:51|y:1020|z:-2) , cible: Intercepteur standard, deffP: (x:86|y:1020|z:11), distance: 35
 - tir N0, arme: lance-torpilleI - chance < 0 , exit
 - tir N1, arme: lance-torpilleI - chance < 0 , exit
 - tir N2, arme: lance-torpilleI - chance < 0 , exit
 - tir N3, arme: lance-torpilleI - chance < 0 , exit
[F4_3 VS F12_0]  C3 , tir vaisseau N°0/63 (Croiseur standard, race: 3) , attP: (x:21|y:1020|z:18) , cible: Destroyer standard, deffP: (x:88|y:1020|z:36), distance: 67
 - tir N0, arme: canon à plasmaI - chance < 0 , exit
 - tir N1, arme: canon à plasmaI - chance < 0 , exit
 - tir N2, arme: canon à plasmaI - chance < 0 , exit
 - tir N3, arme: canon à plasmaI - chance < 0 , exit
 - tir N4, arme: canon à plasmaI - chance < 0 , exit
 - tir N5, arme: canon à plasmaI - chance < 0 , exit
 - tir N6, arme: canon à plasmaI - chance < 0 , exit
 - tir N7, arme: canon à plasmaI - chance < 0 , exit
 - tir N8, arme: canon à plasmaI - chance < 0 , exit
 - tir N9, arme: canon à plasmaI - chance < 0 , exit
 - tir N10, arme: missileI - chance < 0 , exit
 - tir N11, arme: missileI - chance < 0 , exit
 - tir N12, arme: missileI - chance < 0 , exit
 - tir N13, arme: missileI - chance < 0 , exit
 - tir N14, arme: missileI - chance < 0 , exit
 - tir N15, arme: missileI - chance < 0 , exit
 - tir N16, arme: missileI - chance < 0 , exit
 - tir N17, arme: missileI - chance < 0 , exit
 - tir N18, arme: missileI - chance < 0 , exit
 - tir N19, arme: missileI - chance < 0 , exit
 - tir N20, arme: lance-torpilleI - chance < 0 , exit
 - tir N21, arme: lance-torpilleI - chance < 0 , exit
 - tir N22, arme: lance-torpilleI - chance < 0 , exit
 - tir N23, arme: lance-torpilleI - chance < 0 , exit
 - tir N24, arme: lance-torpilleI - chance < 0 , exit
 - tir N25, arme: lance-torpilleI - chance < 0 , exit
 - tir N26, arme: lance-torpilleI - chance < 0 , exit
 - tir N27, arme: lance-torpilleI - chance < 0 , exit
 - tir N28, arme: lance-torpilleI - chance < 0 , exit
 - tir N29, arme: lance-torpilleI - chance < 0 , exit
[F4_3 VS F12_0]  C3 , tir vaisseau N°0/63 (Croiseur standard, race: 3) , attP: (x:53|y:1020|z:-2) , cible: Intercepteur standard, deffP: (x:86|y:1020|z:11), distance: 33
 - tir N0, arme: canon à plasmaI - chance < 0 , exit
 - tir N1, arme: canon à plasmaI - chance < 0 , exit
 - tir N2, arme: canon à plasmaI - chance < 0 , exit
 - tir N3, arme: canon à plasmaI - chance < 0 , exit
 - tir N4, arme: canon à plasmaI - chance < 0 , exit
 - tir N5, arme: canon à plasmaI - chance < 0 , exit
 - tir N6, arme: canon à plasmaI - chance < 0 , exit
 - tir N7, arme: canon à plasmaI - chance < 0 , exit
 - tir N8, arme: canon à plasmaI - chance < 0 , exit
 - tir N9, arme: canon à plasmaI - chance < 0 , exit
 - tir N10, arme: missileI - chance < 0 , exit
 - tir N11, arme: missileI - chance < 0 , exit
 - tir N12, arme: missileI - chance < 0 , exit
 - tir N13, arme: missileI - chance < 0 , exit
 - tir N14, arme: missileI - chance < 0 , exit
 - tir N15, arme: missileI - chance < 0 , exit
 - tir N16, arme: missileI - chance < 0 , exit
 - tir N17, arme: missileI - chance < 0 , exit
 - tir N18, arme: missileI - chance < 0 , exit
 - tir N19, arme: missileI - chance < 0 , exit
 - tir N20, arme: lance-torpilleI - chance < 0 , exit
 - tir N21, arme: lance-torpilleI - chance < 0 , exit
 - tir N22, arme: lance-torpilleI - chance < 0 , exit
 - tir N23, arme: lance-torpilleI - chance < 0 , exit
 - tir N24, arme: lance-torpilleI - chance < 0 , exit
 - tir N25, arme: lance-torpilleI - chance < 0 , exit
 - tir N26, arme: lance-torpilleI - chance < 0 , exit
 - tir N27, arme: lance-torpilleI - chance < 0 , exit
 - tir N28, arme: lance-torpilleI - chance < 0 , exit
 - tir N29, arme: lance-torpilleI - chance < 0 , exit
FIN DE TOUR: F1  0, F2 : 41
TOUR DE COMBAT 4
[F4_3 VS F12_0]  C3 , tir vaisseau N°0/3 (Chasseur standard, race: 3) , attP: (x:5|y:1020|z:15) , cible: Destroyer standard, deffP: (x:5|y:1020|z:15), distance: 0
 - tir N0, arme: laserI => chance 25(5),  miss
 - tir N0, arme: laserI => chance 25(5),  miss
 - tir N0, arme: laserI => chance 25(5),  hit, degat (1)
 - tir N0, arme: laserI => chance 25(5),  miss
[F4_3 VS F12_0]  C3 , tir vaisseau N°0/25 (Destroyer standard, race: 3) , attP: (x:59|y:1020|z:-42) , cible: Intercepteur standard, deffP: (x:59|y:1020|z:-42), distance: 0
 - tir N0, arme: laserI => chance 55(5),  miss
 - tir N0, arme: laserI => chance 55(5),  miss
 - tir N0, arme: laserI => chance 55(5),  miss
 - tir N0, arme: laserI => chance 55(5),  hit, degat (1)
 - tir N0, arme: laserI => chance 55(5),  hit, degat (1), cible detruire
[F4_3 VS F12_0]  C3 , tir vaisseau N°0/15 (Fregate standard, race: 3) , attP: (x:12|y:1020|z:15) , cible: Destroyer standard, deffP: (x:5|y:1020|z:15), distance: 7
 - tir N0, arme: canon à plasmaI => chance 29(5),  miss
 - tir N0, arme: canon à plasmaI => chance 29(5),  miss
 - tir N0, arme: canon à plasmaI => chance 29(5),  miss
 - tir N0, arme: canon à plasmaI => chance 29(5),  miss
 - tir N0, arme: canon à plasmaI => chance 29(5),  miss
 - tir N0, arme: canon à plasmaI => chance 29(5),  miss
 - tir N0, arme: canon à plasmaI => chance 29(5),  miss
 - tir N0, arme: canon à plasmaI => chance 29(5),  hit, degat (1)
 - tir N0, arme: canon à plasmaI => chance 29(5),  miss
 - tir N0, arme: canon à plasmaI => chance 29(5),  miss
[F4_3 VS F12_0]  C3 , tir vaisseau N°0/3 (Chasseur standard, race: 3) , attP: (x:90|y:1020|z:5) , cible: Destroyer standard, deffP: (x:90|y:1020|z:5), distance: 0
 - tir N0, arme: laserI => chance 25(5),  hit, degat (1)
 - tir N0, arme: laserI => chance 25(5),  miss
 - tir N0, arme: laserI => chance 25(5),  miss
 - tir N0, arme: laserI => chance 25(5),  miss
[F4_3 VS F12_0]  C3 , tir vaisseau N°0/3 (Chasseur standard, race: 3) , attP: (x:5|y:1020|z:15) , cible: Destroyer standard, deffP: (x:5|y:1020|z:15), distance: 0
 - tir N0, arme: laserI => chance 25(5),  miss
 - tir N0, arme: laserI => chance 25(5),  hit, degat (1)
 - tir N0, arme: laserI => chance 25(5),  miss
 - tir N0, arme: laserI => chance 25(5),  miss
[F4_3 VS F12_0]  C3 , tir vaisseau N°0/0 (Intercepteur standard, race: 3) , attP: (x:90|y:1020|z:5) , cible: Destroyer standard, deffP: (x:90|y:1020|z:5), distance: 0
 - tir N0, arme: laserI => chance 25(5),  miss
[F4_3 VS F12_0]  C3 , tir vaisseau N°0/3 (Chasseur standard, race: 3) , attP: (x:90|y:1020|z:5) , cible: Destroyer standard, deffP: (x:90|y:1020|z:5), distance: 0
 - tir N0, arme: laserI => chance 25(5),  miss
 - tir N0, arme: laserI => chance 25(5),  miss
 - tir N0, arme: laserI => chance 25(5),  miss
 - tir N0, arme: laserI => chance 25(5),  hit, degat (1)
[F4_3 VS F12_0]  C3 , tir vaisseau N°0/3 (Chasseur standard, race: 3) , attP: (x:5|y:1020|z:15) , cible: Destroyer standard, deffP: (x:5|y:1020|z:15), distance: 0
 - tir N0, arme: laserI => chance 26(6),  miss
 - tir N0, arme: laserI => chance 26(6),  hit, degat (1)
 - tir N0, arme: laserI => chance 26(6),  hit, degat (1)
 - tir N0, arme: laserI => chance 26(6),  hit, degat (1)
[F4_3 VS F12_0]  C0 , tir vaisseau N°0/0 (Intercepteur standard, race: 0) , attP: (x:59|y:1020|z:-42) 
[F4_3 VS F12_0]  C3 , tir vaisseau N°0/3 (Chasseur standard, race: 3) , attP: (x:5|y:1020|z:15) , cible: Destroyer standard, deffP: (x:5|y:1020|z:15), distance: 0
 - tir N0, arme: laserI => chance 25(5),  hit, degat (1)
 - tir N0, arme: laserI => chance 25(5),  miss
 - tir N0, arme: laserI => chance 25(5),  hit, degat (1)
 - tir N0, arme: laserI => chance 25(5),  hit, degat (1)
[F4_3 VS F12_0]  C3 , tir vaisseau N°0/3 (Chasseur standard, race: 3) , attP: (x:90|y:1020|z:5) , cible: Destroyer standard, deffP: (x:90|y:1020|z:5), distance: 0
 - tir N0, arme: laserI => chance 25(5),  miss
 - tir N0, arme: laserI => chance 25(5),  miss
 - tir N0, arme: laserI => chance 25(5),  hit, degat (1)
 - tir N0, arme: laserI => chance 25(5),  miss
[F4_3 VS F12_0]  C3 , tir vaisseau N°0/0 (Intercepteur standard, race: 3) , attP: (x:86|y:1020|z:11) 
[F4_3 VS F12_0]  C0 , tir vaisseau N°0/25 (Destroyer standard, race: 0) , attP: (x:90|y:1020|z:5) , cible: Croiseur standard, deffP: (x:86|y:1020|z:7), distance: 4
 - tir N0, arme: laserI => chance 8(0),  miss
 - tir N0, arme: laserI => chance 8(0),  miss
 - tir N0, arme: laserI => chance 8(0),  miss
 - tir N0, arme: laserI => chance 8(0),  miss
 - tir N0, arme: laserI => chance 8(0),  miss
 - tir N0, arme: laserI => chance 8(0),  miss
 - tir N0, arme: laserI => chance 8(0),  miss
 - tir N0, arme: laserI => chance 8(0),  hit, shielded (2)
 - tir N0, arme: canon à plasmaI => chance 31(0),  hit, shielded (1)
 - tir N0, arme: canon à plasmaI => chance 31(0),  miss
 - tir N0, arme: canon à plasmaI => chance 31(0),  miss
 - tir N0, arme: canon à plasmaI => chance 31(0),  hit, shielded (1)
 - tir N0, arme: canon à plasmaI => chance 31(0),  miss
 - tir N0, arme: canon à plasmaI => chance 31(0),  miss
 - tir N0, arme: canon à plasmaI => chance 31(0),  miss
 - tir N0, arme: canon à plasmaI => chance 31(0),  miss
 - tir N0, arme: canon à plasmaI => chance 31(0),  hit, shielded (1)
[F4_3 VS F12_0]  C3 , tir vaisseau N°0/15 (Fregate standard, race: 3) , attP: (x:5|y:1020|z:15) , cible: Destroyer standard, deffP: (x:5|y:1020|z:15), distance: 0
 - tir N0, arme: canon à plasmaI => chance 55(5),  hit, degat (1)
 - tir N0, arme: canon à plasmaI => chance 55(5),  hit, degat (1)
 - tir N0, arme: canon à plasmaI => chance 55(5),  miss
 - tir N0, arme: canon à plasmaI => chance 55(5),  hit, degat (1)
 - tir N0, arme: canon à plasmaI => chance 55(5),  hit, degat (1)
 - tir N0, arme: canon à plasmaI => chance 55(5),  hit, degat (1)
 - tir N0, arme: canon à plasmaI => chance 55(5),  miss
 - tir N0, arme: canon à plasmaI => chance 55(5),  hit, degat (1)
 - tir N0, arme: canon à plasmaI => chance 55(5),  hit, degat (1)
 - tir N0, arme: canon à plasmaI => chance 55(5),  miss
[F4_3 VS F12_0]  C3 , tir vaisseau N°0/3 (Torpilleur standard, race: 3) , attP: (x:40|y:1020|z:14) , cible: Destroyer standard, deffP: (x:5|y:1020|z:15), distance: 35
 - tir N0, arme: lance-torpilleI - chance < 0 , exit
 - tir N1, arme: lance-torpilleI - chance < 0 , exit
 - tir N2, arme: lance-torpilleI - chance < 0 , exit
 - tir N3, arme: lance-torpilleI - chance < 0 , exit
[F4_3 VS F12_0]  C3 , tir vaisseau N°0/0 (Intercepteur standard, race: 3) , attP: (x:88|y:1020|z:36) , cible: Destroyer standard, deffP: (x:90|y:1020|z:5), distance: 31
 - tir N0, arme: laserI - chance < 0 , exit
[F4_3 VS F12_0]  C3 , tir vaisseau N°0/3 (Torpilleur standard, race: 3) , attP: (x:40|y:1020|z:14) , cible: Destroyer standard, deffP: (x:5|y:1020|z:15), distance: 35
 - tir N0, arme: lance-torpilleI - chance < 0 , exit
 - tir N1, arme: lance-torpilleI - chance < 0 , exit
 - tir N2, arme: lance-torpilleI - chance < 0 , exit
 - tir N3, arme: lance-torpilleI - chance < 0 , exit
[F4_3 VS F12_0]  C3 , tir vaisseau N°0/25 (Destroyer standard, race: 3) , attP: (x:88|y:1020|z:36) , cible: Destroyer standard, deffP: (x:90|y:1020|z:5), distance: 31
 - tir N0, arme: laserI - chance < 0 , exit
 - tir N1, arme: laserI - chance < 0 , exit
 - tir N2, arme: laserI - chance < 0 , exit
 - tir N3, arme: laserI - chance < 0 , exit
 - tir N4, arme: laserI - chance < 0 , exit
 - tir N5, arme: laserI - chance < 0 , exit
 - tir N6, arme: laserI - chance < 0 , exit
 - tir N7, arme: laserI - chance < 0 , exit
 - tir N8, arme: laserI - chance < 0 , exit
 - tir N9, arme: laserI - chance < 0 , exit
 - tir N10, arme: canon à plasmaI - chance < 0 , exit
 - tir N11, arme: canon à plasmaI - chance < 0 , exit
 - tir N12, arme: canon à plasmaI - chance < 0 , exit
 - tir N13, arme: canon à plasmaI - chance < 0 , exit
 - tir N14, arme: canon à plasmaI - chance < 0 , exit
 - tir N15, arme: canon à plasmaI - chance < 0 , exit
 - tir N16, arme: canon à plasmaI - chance < 0 , exit
 - tir N17, arme: canon à plasmaI - chance < 0 , exit
 - tir N18, arme: canon à plasmaI - chance < 0 , exit
 - tir N19, arme: canon à plasmaI - chance < 0 , exit
[F4_3 VS F12_0]  C3 , tir vaisseau N°0/25 (Destroyer standard, race: 3) , attP: (x:5|y:1020|z:15) , cible: Destroyer standard, deffP: (x:5|y:1020|z:15), distance: 0
 - tir N0, arme: laserI => chance 25(5),  miss
 - tir N0, arme: laserI => chance 25(5),  hit, degat (1), cible detruire
[F4_3 VS F12_0]  C3 , tir vaisseau N°0/3 (Torpilleur standard, race: 3) , attP: (x:9|y:1020|z:15) 
[F4_3 VS F12_0]  C0 , tir vaisseau N°0/25 (Destroyer standard, race: 0) , attP: (x:5|y:1020|z:15) 
[F4_3 VS F12_0]  C3 , tir vaisseau N°0/3 (Torpilleur standard, race: 3) , attP: (x:36|y:1020|z:46) 
[F4_3 VS F12_0]  C3 , tir vaisseau N°0/3 (Torpilleur standard, race: 3) , attP: (x:36|y:1020|z:46) 
[F4_3 VS F12_0]  C3 , tir vaisseau N°0/3 (Torpilleur standard, race: 3) , attP: (x:88|y:1020|z:36) , cible: Destroyer standard, deffP: (x:90|y:1020|z:5), distance: 31
 - tir N0, arme: lance-torpilleI - chance < 0 , exit
 - tir N1, arme: lance-torpilleI - chance < 0 , exit
 - tir N2, arme: lance-torpilleI - chance < 0 , exit
 - tir N3, arme: lance-torpilleI - chance < 0 , exit
[F4_3 VS F12_0]  C3 , tir vaisseau N°0/3 (Torpilleur standard, race: 3) , attP: (x:86|y:1020|z:13) 
[F4_3 VS F12_0]  C3 , tir vaisseau N°0/63 (Croiseur standard, race: 3) , attP: (x:86|y:1020|z:7) 
[F4_3 VS F12_0]  C3 , tir vaisseau N°0/63 (Croiseur standard, race: 3) , attP: (x:30|y:1020|z:9) 
FIN DE TOUR: F1  0, F2 : 63
TOUR DE COMBAT 5
[F4_3 VS F12_0]  C3 , tir vaisseau N°0/3 (Chasseur standard, race: 3) , attP: (x:59|y:1020|z:1) , cible: Destroyer standard, deffP: (x:59|y:1020|z:0), distance: 1
 - tir N0, arme: laserI => chance 23(6),  miss
 - tir N0, arme: laserI => chance 23(6),  miss
 - tir N0, arme: laserI => chance 23(6),  hit, degat (1)
 - tir N0, arme: laserI => chance 23(6),  miss
[F4_3 VS F12_0]  C3 , tir vaisseau N°0/3 (Chasseur standard, race: 3) , attP: (x:59|y:1020|z:1) , cible: Destroyer standard, deffP: (x:59|y:1020|z:0), distance: 1
 - tir N0, arme: laserI => chance 22(5),  hit, degat (1)
 - tir N0, arme: laserI => chance 22(5),  hit, degat (1)
 - tir N0, arme: laserI => chance 23(6),  miss
 - tir N0, arme: laserI => chance 23(6),  miss
[F4_3 VS F12_0]  C3 , tir vaisseau N°0/3 (Chasseur standard, race: 3) , attP: (x:59|y:1020|z:0) , cible: Destroyer standard, deffP: (x:59|y:1020|z:0), distance: 0
 - tir N0, arme: laserI => chance 25(5),  miss
 - tir N0, arme: laserI => chance 25(5),  hit, degat (1)
 - tir N0, arme: laserI => chance 25(5),  miss
 - tir N0, arme: laserI => chance 25(5),  miss
[F4_3 VS F12_0]  C3 , tir vaisseau N°0/3 (Chasseur standard, race: 3) , attP: (x:59|y:1020|z:1) , cible: Destroyer standard, deffP: (x:59|y:1020|z:0), distance: 1
 - tir N0, arme: laserI => chance 22(5),  miss
 - tir N0, arme: laserI => chance 22(5),  miss
 - tir N0, arme: laserI => chance 22(5),  miss
 - tir N0, arme: laserI => chance 22(5),  miss
[F4_3 VS F12_0]  C0 , tir vaisseau N°0/25 (Destroyer standard, race: 0) , attP: (x:59|y:1020|z:0) , cible: Croiseur standard, deffP: (x:90|y:1020|z:5), distance: 31
 - tir N0, arme: laserI - chance < 0 , exit
 - tir N1, arme: laserI - chance < 0 , exit
 - tir N2, arme: laserI - chance < 0 , exit
 - tir N3, arme: laserI - chance < 0 , exit
 - tir N4, arme: laserI - chance < 0 , exit
 - tir N5, arme: laserI - chance < 0 , exit
 - tir N6, arme: laserI - chance < 0 , exit
 - tir N7, arme: laserI - chance < 0 , exit
 - tir N8, arme: canon à plasmaI - chance < 0 , exit
 - tir N9, arme: canon à plasmaI - chance < 0 , exit
 - tir N10, arme: canon à plasmaI - chance < 0 , exit
 - tir N11, arme: canon à plasmaI - chance < 0 , exit
 - tir N12, arme: canon à plasmaI - chance < 0 , exit
 - tir N13, arme: canon à plasmaI - chance < 0 , exit
 - tir N14, arme: canon à plasmaI - chance < 0 , exit
[F4_3 VS F12_0]  C3 , tir vaisseau N°0/25 (Destroyer standard, race: 3) , attP: (x:5|y:1020|z:15) pas de cible
[F4_3 VS F12_0]  C3 , tir vaisseau N°0/0 (Intercepteur standard, race: 3) , attP: (x:90|y:1020|z:5) , cible: Destroyer standard, deffP: (x:59|y:1020|z:0), distance: 31
 - tir N0, arme: laserI - chance < 0 , exit
[F4_3 VS F12_0]  C3 , tir vaisseau N°0/15 (Fregate standard, race: 3) , attP: (x:90|y:1020|z:5) , cible: Destroyer standard, deffP: (x:59|y:1020|z:0), distance: 31
 - tir N0, arme: canon à plasmaI - chance < 0 , exit
 - tir N1, arme: canon à plasmaI - chance < 0 , exit
 - tir N2, arme: canon à plasmaI - chance < 0 , exit
 - tir N3, arme: canon à plasmaI - chance < 0 , exit
 - tir N4, arme: canon à plasmaI - chance < 0 , exit
 - tir N5, arme: canon à plasmaI - chance < 0 , exit
 - tir N6, arme: canon à plasmaI - chance < 0 , exit
 - tir N7, arme: canon à plasmaI - chance < 0 , exit
 - tir N8, arme: canon à plasmaI - chance < 0 , exit
 - tir N9, arme: canon à plasmaI - chance < 0 , exit
[F4_3 VS F12_0]  C3 , tir vaisseau N°0/3 (Chasseur standard, race: 3) , attP: (x:90|y:1020|z:5) , cible: Destroyer standard, deffP: (x:59|y:1020|z:0), distance: 31
 - tir N0, arme: laserI - chance < 0 , exit
 - tir N1, arme: laserI - chance < 0 , exit
 - tir N2, arme: laserI - chance < 0 , exit
 - tir N3, arme: laserI - chance < 0 , exit
[F4_3 VS F12_0]  C3 , tir vaisseau N°0/3 (Chasseur standard, race: 3) , attP: (x:90|y:1020|z:5) , cible: Destroyer standard, deffP: (x:59|y:1020|z:0), distance: 31
 - tir N0, arme: laserI - chance < 0 , exit
 - tir N1, arme: laserI - chance < 0 , exit
 - tir N2, arme: laserI - chance < 0 , exit
 - tir N3, arme: laserI - chance < 0 , exit
[F4_3 VS F12_0]  C3 , tir vaisseau N°0/0 (Intercepteur standard, race: 3) , attP: (x:90|y:1020|z:5) , cible: Destroyer standard, deffP: (x:59|y:1020|z:0), distance: 31
 - tir N0, arme: laserI - chance < 0 , exit
[F4_3 VS F12_0]  C3 , tir vaisseau N°0/25 (Destroyer standard, race: 3) , attP: (x:90|y:1020|z:5) , cible: Destroyer standard, deffP: (x:59|y:1020|z:0), distance: 31
 - tir N0, arme: laserI - chance < 0 , exit
 - tir N1, arme: laserI - chance < 0 , exit
 - tir N2, arme: laserI - chance < 0 , exit
 - tir N3, arme: laserI - chance < 0 , exit
 - tir N4, arme: laserI - chance < 0 , exit
 - tir N5, arme: laserI - chance < 0 , exit
 - tir N6, arme: laserI - chance < 0 , exit
 - tir N7, arme: laserI - chance < 0 , exit
 - tir N8, arme: laserI - chance < 0 , exit
 - tir N9, arme: laserI - chance < 0 , exit
 - tir N10, arme: canon à plasmaI - chance < 0 , exit
 - tir N11, arme: canon à plasmaI - chance < 0 , exit
 - tir N12, arme: canon à plasmaI - chance < 0 , exit
 - tir N13, arme: canon à plasmaI - chance < 0 , exit
 - tir N14, arme: canon à plasmaI - chance < 0 , exit
 - tir N15, arme: canon à plasmaI - chance < 0 , exit
 - tir N16, arme: canon à plasmaI - chance < 0 , exit
 - tir N17, arme: canon à plasmaI - chance < 0 , exit
 - tir N18, arme: canon à plasmaI - chance < 0 , exit
 - tir N19, arme: canon à plasmaI - chance < 0 , exit
[F4_3 VS F12_0]  C3 , tir vaisseau N°0/3 (Chasseur standard, race: 3) , attP: (x:90|y:1020|z:5) , cible: Destroyer standard, deffP: (x:59|y:1020|z:0), distance: 31
 - tir N0, arme: laserI - chance < 0 , exit
 - tir N1, arme: laserI - chance < 0 , exit
 - tir N2, arme: laserI - chance < 0 , exit
 - tir N3, arme: laserI - chance < 0 , exit
[F4_3 VS F12_0]  C3 , tir vaisseau N°0/25 (Destroyer standard, race: 3) , attP: (x:90|y:1020|z:5) , cible: Destroyer standard, deffP: (x:59|y:1020|z:0), distance: 31
 - tir N0, arme: laserI - chance < 0 , exit
 - tir N1, arme: laserI - chance < 0 , exit
 - tir N2, arme: laserI - chance < 0 , exit
 - tir N3, arme: laserI - chance < 0 , exit
 - tir N4, arme: laserI - chance < 0 , exit
 - tir N5, arme: laserI - chance < 0 , exit
 - tir N6, arme: laserI - chance < 0 , exit
 - tir N7, arme: laserI - chance < 0 , exit
 - tir N8, arme: laserI - chance < 0 , exit
 - tir N9, arme: laserI - chance < 0 , exit
 - tir N10, arme: canon à plasmaI - chance < 0 , exit
 - tir N11, arme: canon à plasmaI - chance < 0 , exit
 - tir N12, arme: canon à plasmaI - chance < 0 , exit
 - tir N13, arme: canon à plasmaI - chance < 0 , exit
 - tir N14, arme: canon à plasmaI - chance < 0 , exit
 - tir N15, arme: canon à plasmaI - chance < 0 , exit
 - tir N16, arme: canon à plasmaI - chance < 0 , exit
 - tir N17, arme: canon à plasmaI - chance < 0 , exit
 - tir N18, arme: canon à plasmaI - chance < 0 , exit
 - tir N19, arme: canon à plasmaI - chance < 0 , exit
[F4_3 VS F12_0]  C3 , tir vaisseau N°0/15 (Fregate standard, race: 3) , attP: (x:90|y:1020|z:5) , cible: Destroyer standard, deffP: (x:59|y:1020|z:0), distance: 31
 - tir N0, arme: canon à plasmaI - chance < 0 , exit
 - tir N1, arme: canon à plasmaI - chance < 0 , exit
 - tir N2, arme: canon à plasmaI - chance < 0 , exit
 - tir N3, arme: canon à plasmaI - chance < 0 , exit
 - tir N4, arme: canon à plasmaI - chance < 0 , exit
 - tir N5, arme: canon à plasmaI - chance < 0 , exit
 - tir N6, arme: canon à plasmaI - chance < 0 , exit
 - tir N7, arme: canon à plasmaI - chance < 0 , exit
 - tir N8, arme: canon à plasmaI - chance < 0 , exit
 - tir N9, arme: canon à plasmaI - chance < 0 , exit
[F4_3 VS F12_0]  C3 , tir vaisseau N°0/3 (Torpilleur standard, race: 3) , attP: (x:90|y:1020|z:5) , cible: Destroyer standard, deffP: (x:59|y:1020|z:0), distance: 31
 - tir N0, arme: lance-torpilleI - chance < 0 , exit
 - tir N1, arme: lance-torpilleI - chance < 0 , exit
 - tir N2, arme: lance-torpilleI - chance < 0 , exit
 - tir N3, arme: lance-torpilleI - chance < 0 , exit
[F4_3 VS F12_0]  C3 , tir vaisseau N°0/0 (Intercepteur standard, race: 3) , attP: (x:90|y:1020|z:5) , cible: Destroyer standard, deffP: (x:59|y:1020|z:0), distance: 31
 - tir N0, arme: laserI - chance < 0 , exit
[F4_3 VS F12_0]  C3 , tir vaisseau N°0/3 (Torpilleur standard, race: 3) , attP: (x:90|y:1020|z:5) , cible: Destroyer standard, deffP: (x:59|y:1020|z:0), distance: 31
 - tir N0, arme: lance-torpilleI - chance < 0 , exit
 - tir N1, arme: lance-torpilleI - chance < 0 , exit
 - tir N2, arme: lance-torpilleI - chance < 0 , exit
 - tir N3, arme: lance-torpilleI - chance < 0 , exit
[F4_3 VS F12_0]  C3 , tir vaisseau N°0/3 (Torpilleur standard, race: 3) , attP: (x:90|y:1020|z:5) , cible: Destroyer standard, deffP: (x:59|y:1020|z:0), distance: 31
 - tir N0, arme: lance-torpilleI - chance < 0 , exit
 - tir N1, arme: lance-torpilleI - chance < 0 , exit
 - tir N2, arme: lance-torpilleI - chance < 0 , exit
 - tir N3, arme: lance-torpilleI - chance < 0 , exit
[F4_3 VS F12_0]  C3 , tir vaisseau N°0/3 (Torpilleur standard, race: 3) , attP: (x:90|y:1020|z:5) , cible: Destroyer standard, deffP: (x:59|y:1020|z:0), distance: 31
 - tir N0, arme: lance-torpilleI - chance < 0 , exit
 - tir N1, arme: lance-torpilleI - chance < 0 , exit
 - tir N2, arme: lance-torpilleI - chance < 0 , exit
 - tir N3, arme: lance-torpilleI - chance < 0 , exit
[F4_3 VS F12_0]  C3 , tir vaisseau N°0/3 (Torpilleur standard, race: 3) , attP: (x:90|y:1020|z:5) , cible: Destroyer standard, deffP: (x:59|y:1020|z:0), distance: 31
 - tir N0, arme: lance-torpilleI - chance < 0 , exit
 - tir N1, arme: lance-torpilleI - chance < 0 , exit
 - tir N2, arme: lance-torpilleI - chance < 0 , exit
 - tir N3, arme: lance-torpilleI - chance < 0 , exit
[F4_3 VS F12_0]  C3 , tir vaisseau N°0/63 (Croiseur standard, race: 3) , attP: (x:90|y:1020|z:5) , cible: Destroyer standard, deffP: (x:59|y:1020|z:0), distance: 31
 - tir N0, arme: canon à plasmaI - chance < 0 , exit
 - tir N1, arme: canon à plasmaI - chance < 0 , exit
 - tir N2, arme: canon à plasmaI - chance < 0 , exit
 - tir N3, arme: canon à plasmaI - chance < 0 , exit
 - tir N4, arme: canon à plasmaI - chance < 0 , exit
 - tir N5, arme: canon à plasmaI - chance < 0 , exit
 - tir N6, arme: canon à plasmaI - chance < 0 , exit
 - tir N7, arme: canon à plasmaI - chance < 0 , exit
 - tir N8, arme: canon à plasmaI - chance < 0 , exit
 - tir N9, arme: canon à plasmaI - chance < 0 , exit
 - tir N10, arme: missileI - chance < 0 , exit
 - tir N11, arme: missileI - chance < 0 , exit
 - tir N12, arme: missileI - chance < 0 , exit
 - tir N13, arme: missileI - chance < 0 , exit
 - tir N14, arme: missileI - chance < 0 , exit
 - tir N15, arme: missileI - chance < 0 , exit
 - tir N16, arme: missileI - chance < 0 , exit
 - tir N17, arme: missileI - chance < 0 , exit
 - tir N18, arme: missileI - chance < 0 , exit
 - tir N19, arme: missileI - chance < 0 , exit
 - tir N20, arme: lance-torpilleI - chance < 0 , exit
 - tir N21, arme: lance-torpilleI - chance < 0 , exit
 - tir N22, arme: lance-torpilleI - chance < 0 , exit
 - tir N23, arme: lance-torpilleI - chance < 0 , exit
 - tir N24, arme: lance-torpilleI - chance < 0 , exit
 - tir N25, arme: lance-torpilleI - chance < 0 , exit
 - tir N26, arme: lance-torpilleI - chance < 0 , exit
 - tir N27, arme: lance-torpilleI - chance < 0 , exit
 - tir N28, arme: lance-torpilleI - chance < 0 , exit
 - tir N29, arme: lance-torpilleI - chance < 0 , exit
[F4_3 VS F12_0]  C3 , tir vaisseau N°0/3 (Torpilleur standard, race: 3) , attP: (x:90|y:1020|z:5) , cible: Destroyer standard, deffP: (x:59|y:1020|z:0), distance: 31
 - tir N0, arme: lance-torpilleI - chance < 0 , exit
 - tir N1, arme: lance-torpilleI - chance < 0 , exit
 - tir N2, arme: lance-torpilleI - chance < 0 , exit
 - tir N3, arme: lance-torpilleI - chance < 0 , exit
[F4_3 VS F12_0]  C3 , tir vaisseau N°0/3 (Torpilleur standard, race: 3) , attP: (x:90|y:1020|z:5) , cible: Destroyer standard, deffP: (x:59|y:1020|z:0), distance: 31
 - tir N0, arme: lance-torpilleI - chance < 0 , exit
 - tir N1, arme: lance-torpilleI - chance < 0 , exit
 - tir N2, arme: lance-torpilleI - chance < 0 , exit
 - tir N3, arme: lance-torpilleI - chance < 0 , exit
[F4_3 VS F12_0]  C3 , tir vaisseau N°0/63 (Croiseur standard, race: 3) , attP: (x:90|y:1020|z:5) , cible: Destroyer standard, deffP: (x:59|y:1020|z:0), distance: 31
 - tir N0, arme: canon à plasmaI - chance < 0 , exit
 - tir N1, arme: canon à plasmaI - chance < 0 , exit
 - tir N2, arme: canon à plasmaI - chance < 0 , exit
 - tir N3, arme: canon à plasmaI - chance < 0 , exit
 - tir N4, arme: canon à plasmaI - chance < 0 , exit
 - tir N5, arme: canon à plasmaI - chance < 0 , exit
 - tir N6, arme: canon à plasmaI - chance < 0 , exit
 - tir N7, arme: canon à plasmaI - chance < 0 , exit
 - tir N8, arme: canon à plasmaI - chance < 0 , exit
 - tir N9, arme: canon à plasmaI - chance < 0 , exit
 - tir N10, arme: missileI - chance < 0 , exit
 - tir N11, arme: missileI - chance < 0 , exit
 - tir N12, arme: missileI - chance < 0 , exit
 - tir N13, arme: missileI - chance < 0 , exit
 - tir N14, arme: missileI - chance < 0 , exit
 - tir N15, arme: missileI - chance < 0 , exit
 - tir N16, arme: missileI - chance < 0 , exit
 - tir N17, arme: missileI - chance < 0 , exit
 - tir N18, arme: missileI - chance < 0 , exit
 - tir N19, arme: missileI - chance < 0 , exit
 - tir N20, arme: lance-torpilleI - chance < 0 , exit
 - tir N21, arme: lance-torpilleI - chance < 0 , exit
 - tir N22, arme: lance-torpilleI - chance < 0 , exit
 - tir N23, arme: lance-torpilleI - chance < 0 , exit
 - tir N24, arme: lance-torpilleI - chance < 0 , exit
 - tir N25, arme: lance-torpilleI - chance < 0 , exit
 - tir N26, arme: lance-torpilleI - chance < 0 , exit
 - tir N27, arme: lance-torpilleI - chance < 0 , exit
 - tir N28, arme: lance-torpilleI - chance < 0 , exit
 - tir N29, arme: lance-torpilleI - chance < 0 , exit
FIN DE TOUR: F1  0, F2 : 67
TOUR DE COMBAT 6
[F4_3 VS F12_0]  C3 , tir vaisseau N°0/3 (Chasseur standard, race: 3) , attP: (x:28|y:1020|z:9) , cible: Destroyer standard, deffP: (x:28|y:1020|z:9), distance: 0
 - tir N0, arme: laserI => chance 25(5),  hit, degat (1)
 - tir N0, arme: laserI => chance 25(5),  miss
 - tir N0, arme: laserI => chance 25(5),  miss
 - tir N0, arme: laserI => chance 25(5),  miss
[F4_3 VS F12_0]  C3 , tir vaisseau N°0/3 (Chasseur standard, race: 3) , attP: (x:64|y:1020|z:9) , cible: Destroyer standard, deffP: (x:28|y:1020|z:9), distance: 36
 - tir N0, arme: laserI - chance < 0 , exit
 - tir N1, arme: laserI - chance < 0 , exit
 - tir N2, arme: laserI - chance < 0 , exit
 - tir N3, arme: laserI - chance < 0 , exit
[F4_3 VS F12_0]  C3 , tir vaisseau N°0/3 (Chasseur standard, race: 3) , attP: (x:28|y:1020|z:9) , cible: Destroyer standard, deffP: (x:28|y:1020|z:9), distance: 0
 - tir N0, arme: laserI => chance 26(6),  miss
 - tir N0, arme: laserI => chance 26(6),  miss
 - tir N0, arme: laserI => chance 26(6),  miss
 - tir N0, arme: laserI => chance 26(6),  miss
[F4_3 VS F12_0]  C3 , tir vaisseau N°0/0 (Intercepteur standard, race: 3) , attP: (x:65|y:1020|z:9) , cible: Destroyer standard, deffP: (x:28|y:1020|z:9), distance: 37
 - tir N0, arme: laserI - chance < 0 , exit
[F4_3 VS F12_0]  C3 , tir vaisseau N°0/3 (Chasseur standard, race: 3) , attP: (x:28|y:1020|z:9) , cible: Destroyer standard, deffP: (x:28|y:1020|z:9), distance: 0
 - tir N0, arme: laserI => chance 25(5),  miss
 - tir N0, arme: laserI => chance 25(5),  miss
 - tir N0, arme: laserI => chance 25(5),  miss
 - tir N0, arme: laserI => chance 25(5),  hit, degat (1)
[F4_3 VS F12_0]  C0 , tir vaisseau N°0/25 (Destroyer standard, race: 0) , attP: (x:28|y:1020|z:9) , cible: Croiseur standard, deffP: (x:59|y:1020|z:0), distance: 31
 - tir N0, arme: laserI - chance < 0 , exit
 - tir N1, arme: laserI - chance < 0 , exit
 - tir N2, arme: laserI - chance < 0 , exit
 - tir N3, arme: laserI - chance < 0 , exit
 - tir N4, arme: laserI - chance < 0 , exit
 - tir N5, arme: laserI - chance < 0 , exit
 - tir N6, arme: laserI - chance < 0 , exit
 - tir N7, arme: laserI - chance < 0 , exit
 - tir N8, arme: canon à plasmaI - chance < 0 , exit
 - tir N9, arme: canon à plasmaI - chance < 0 , exit
 - tir N10, arme: canon à plasmaI - chance < 0 , exit
 - tir N11, arme: canon à plasmaI - chance < 0 , exit
 - tir N12, arme: canon à plasmaI - chance < 0 , exit
 - tir N13, arme: canon à plasmaI - chance < 0 , exit
 - tir N14, arme: canon à plasmaI - chance < 0 , exit
[F4_3 VS F12_0]  C3 , tir vaisseau N°0/3 (Chasseur standard, race: 3) , attP: (x:59|y:1020|z:0) , cible: Destroyer standard, deffP: (x:28|y:1020|z:9), distance: 31
 - tir N0, arme: laserI - chance < 0 , exit
 - tir N1, arme: laserI - chance < 0 , exit
 - tir N2, arme: laserI - chance < 0 , exit
 - tir N3, arme: laserI - chance < 0 , exit
[F4_3 VS F12_0]  C3 , tir vaisseau N°0/25 (Destroyer standard, race: 3) , attP: (x:59|y:1020|z:4) , cible: Destroyer standard, deffP: (x:28|y:1020|z:9), distance: 31
 - tir N0, arme: laserI - chance < 0 , exit
 - tir N1, arme: laserI - chance < 0 , exit
 - tir N2, arme: laserI - chance < 0 , exit
 - tir N3, arme: laserI - chance < 0 , exit
 - tir N4, arme: laserI - chance < 0 , exit
 - tir N5, arme: laserI - chance < 0 , exit
 - tir N6, arme: laserI - chance < 0 , exit
 - tir N7, arme: laserI - chance < 0 , exit
 - tir N8, arme: laserI - chance < 0 , exit
 - tir N9, arme: laserI - chance < 0 , exit
 - tir N10, arme: canon à plasmaI - chance < 0 , exit
 - tir N11, arme: canon à plasmaI - chance < 0 , exit
 - tir N12, arme: canon à plasmaI - chance < 0 , exit
 - tir N13, arme: canon à plasmaI - chance < 0 , exit
 - tir N14, arme: canon à plasmaI - chance < 0 , exit
 - tir N15, arme: canon à plasmaI - chance < 0 , exit
 - tir N16, arme: canon à plasmaI - chance < 0 , exit
 - tir N17, arme: canon à plasmaI - chance < 0 , exit
 - tir N18, arme: canon à plasmaI - chance < 0 , exit
 - tir N19, arme: canon à plasmaI - chance < 0 , exit
[F4_3 VS F12_0]  C3 , tir vaisseau N°0/3 (Chasseur standard, race: 3) , attP: (x:59|y:1020|z:0) , cible: Destroyer standard, deffP: (x:28|y:1020|z:9), distance: 31
 - tir N0, arme: laserI - chance < 0 , exit
 - tir N1, arme: laserI - chance < 0 , exit
 - tir N2, arme: laserI - chance < 0 , exit
 - tir N3, arme: laserI - chance < 0 , exit
[F4_3 VS F12_0]  C3 , tir vaisseau N°0/15 (Fregate standard, race: 3) , attP: (x:59|y:1020|z:0) , cible: Destroyer standard, deffP: (x:28|y:1020|z:9), distance: 31
 - tir N0, arme: canon à plasmaI - chance < 0 , exit
 - tir N1, arme: canon à plasmaI - chance < 0 , exit
 - tir N2, arme: canon à plasmaI - chance < 0 , exit
 - tir N3, arme: canon à plasmaI - chance < 0 , exit
 - tir N4, arme: canon à plasmaI - chance < 0 , exit
 - tir N5, arme: canon à plasmaI - chance < 0 , exit
 - tir N6, arme: canon à plasmaI - chance < 0 , exit
 - tir N7, arme: canon à plasmaI - chance < 0 , exit
 - tir N8, arme: canon à plasmaI - chance < 0 , exit
 - tir N9, arme: canon à plasmaI - chance < 0 , exit
[F4_3 VS F12_0]  C3 , tir vaisseau N°0/25 (Destroyer standard, race: 3) , attP: (x:59|y:1020|z:0) , cible: Destroyer standard, deffP: (x:28|y:1020|z:9), distance: 31
 - tir N0, arme: laserI - chance < 0 , exit
 - tir N1, arme: laserI - chance < 0 , exit
 - tir N2, arme: laserI - chance < 0 , exit
 - tir N3, arme: laserI - chance < 0 , exit
 - tir N4, arme: laserI - chance < 0 , exit
 - tir N5, arme: laserI - chance < 0 , exit
 - tir N6, arme: laserI - chance < 0 , exit
 - tir N7, arme: laserI - chance < 0 , exit
 - tir N8, arme: laserI - chance < 0 , exit
 - tir N9, arme: laserI - chance < 0 , exit
 - tir N10, arme: canon à plasmaI - chance < 0 , exit
 - tir N11, arme: canon à plasmaI - chance < 0 , exit
 - tir N12, arme: canon à plasmaI - chance < 0 , exit
 - tir N13, arme: canon à plasmaI - chance < 0 , exit
 - tir N14, arme: canon à plasmaI - chance < 0 , exit
 - tir N15, arme: canon à plasmaI - chance < 0 , exit
 - tir N16, arme: canon à plasmaI - chance < 0 , exit
 - tir N17, arme: canon à plasmaI - chance < 0 , exit
 - tir N18, arme: canon à plasmaI - chance < 0 , exit
 - tir N19, arme: canon à plasmaI - chance < 0 , exit
[F4_3 VS F12_0]  C3 , tir vaisseau N°0/3 (Chasseur standard, race: 3) , attP: (x:59|y:1020|z:0) , cible: Destroyer standard, deffP: (x:28|y:1020|z:9), distance: 31
 - tir N0, arme: laserI - chance < 0 , exit
 - tir N1, arme: laserI - chance < 0 , exit
 - tir N2, arme: laserI - chance < 0 , exit
 - tir N3, arme: laserI - chance < 0 , exit
[F4_3 VS F12_0]  C3 , tir vaisseau N°0/0 (Intercepteur standard, race: 3) , attP: (x:59|y:1020|z:0) , cible: Destroyer standard, deffP: (x:28|y:1020|z:9), distance: 31
 - tir N0, arme: laserI - chance < 0 , exit
[F4_3 VS F12_0]  C3 , tir vaisseau N°0/0 (Intercepteur standard, race: 3) , attP: (x:59|y:1020|z:0) , cible: Destroyer standard, deffP: (x:28|y:1020|z:9), distance: 31
 - tir N0, arme: laserI - chance < 0 , exit
[F4_3 VS F12_0]  C3 , tir vaisseau N°0/25 (Destroyer standard, race: 3) , attP: (x:59|y:1020|z:0) , cible: Destroyer standard, deffP: (x:28|y:1020|z:9), distance: 31
 - tir N0, arme: laserI - chance < 0 , exit
 - tir N1, arme: laserI - chance < 0 , exit
 - tir N2, arme: laserI - chance < 0 , exit
 - tir N3, arme: laserI - chance < 0 , exit
 - tir N4, arme: laserI - chance < 0 , exit
 - tir N5, arme: laserI - chance < 0 , exit
 - tir N6, arme: laserI - chance < 0 , exit
 - tir N7, arme: laserI - chance < 0 , exit
 - tir N8, arme: laserI - chance < 0 , exit
 - tir N9, arme: laserI - chance < 0 , exit
 - tir N10, arme: canon à plasmaI - chance < 0 , exit
 - tir N11, arme: canon à plasmaI - chance < 0 , exit
 - tir N12, arme: canon à plasmaI - chance < 0 , exit
 - tir N13, arme: canon à plasmaI - chance < 0 , exit
 - tir N14, arme: canon à plasmaI - chance < 0 , exit
 - tir N15, arme: canon à plasmaI - chance < 0 , exit
 - tir N16, arme: canon à plasmaI - chance < 0 , exit
 - tir N17, arme: canon à plasmaI - chance < 0 , exit
 - tir N18, arme: canon à plasmaI - chance < 0 , exit
 - tir N19, arme: canon à plasmaI - chance < 0 , exit
[F4_3 VS F12_0]  C3 , tir vaisseau N°0/3 (Torpilleur standard, race: 3) , attP: (x:59|y:1020|z:0) , cible: Destroyer standard, deffP: (x:28|y:1020|z:9), distance: 31
 - tir N0, arme: lance-torpilleI - chance < 0 , exit
 - tir N1, arme: lance-torpilleI - chance < 0 , exit
 - tir N2, arme: lance-torpilleI - chance < 0 , exit
 - tir N3, arme: lance-torpilleI - chance < 0 , exit
[F4_3 VS F12_0]  C3 , tir vaisseau N°0/3 (Torpilleur standard, race: 3) , attP: (x:59|y:1020|z:0) , cible: Destroyer standard, deffP: (x:28|y:1020|z:9), distance: 31
 - tir N0, arme: lance-torpilleI - chance < 0 , exit
 - tir N1, arme: lance-torpilleI - chance < 0 , exit
 - tir N2, arme: lance-torpilleI - chance < 0 , exit
 - tir N3, arme: lance-torpilleI - chance < 0 , exit
[F4_3 VS F12_0]  C3 , tir vaisseau N°0/15 (Fregate standard, race: 3) , attP: (x:59|y:1020|z:0) , cible: Destroyer standard, deffP: (x:28|y:1020|z:9), distance: 31
 - tir N0, arme: canon à plasmaI - chance < 0 , exit
 - tir N1, arme: canon à plasmaI - chance < 0 , exit
 - tir N2, arme: canon à plasmaI - chance < 0 , exit
 - tir N3, arme: canon à plasmaI - chance < 0 , exit
 - tir N4, arme: canon à plasmaI - chance < 0 , exit
 - tir N5, arme: canon à plasmaI - chance < 0 , exit
 - tir N6, arme: canon à plasmaI - chance < 0 , exit
 - tir N7, arme: canon à plasmaI - chance < 0 , exit
 - tir N8, arme: canon à plasmaI - chance < 0 , exit
 - tir N9, arme: canon à plasmaI - chance < 0 , exit
[F4_3 VS F12_0]  C3 , tir vaisseau N°0/3 (Torpilleur standard, race: 3) , attP: (x:59|y:1020|z:0) , cible: Destroyer standard, deffP: (x:28|y:1020|z:9), distance: 31
 - tir N0, arme: lance-torpilleI - chance < 0 , exit
 - tir N1, arme: lance-torpilleI - chance < 0 , exit
 - tir N2, arme: lance-torpilleI - chance < 0 , exit
 - tir N3, arme: lance-torpilleI - chance < 0 , exit
[F4_3 VS F12_0]  C3 , tir vaisseau N°0/3 (Torpilleur standard, race: 3) , attP: (x:59|y:1020|z:0) , cible: Destroyer standard, deffP: (x:28|y:1020|z:9), distance: 31
 - tir N0, arme: lance-torpilleI - chance < 0 , exit
 - tir N1, arme: lance-torpilleI - chance < 0 , exit
 - tir N2, arme: lance-torpilleI - chance < 0 , exit
 - tir N3, arme: lance-torpilleI - chance < 0 , exit
[F4_3 VS F12_0]  C3 , tir vaisseau N°0/3 (Torpilleur standard, race: 3) , attP: (x:59|y:1020|z:0) , cible: Destroyer standard, deffP: (x:28|y:1020|z:9), distance: 31
 - tir N0, arme: lance-torpilleI - chance < 0 , exit
 - tir N1, arme: lance-torpilleI - chance < 0 , exit
 - tir N2, arme: lance-torpilleI - chance < 0 , exit
 - tir N3, arme: lance-torpilleI - chance < 0 , exit
[F4_3 VS F12_0]  C3 , tir vaisseau N°0/3 (Torpilleur standard, race: 3) , attP: (x:59|y:1020|z:0) , cible: Destroyer standard, deffP: (x:28|y:1020|z:9), distance: 31
 - tir N0, arme: lance-torpilleI - chance < 0 , exit
 - tir N1, arme: lance-torpilleI - chance < 0 , exit
 - tir N2, arme: lance-torpilleI - chance < 0 , exit
 - tir N3, arme: lance-torpilleI - chance < 0 , exit
[F4_3 VS F12_0]  C3 , tir vaisseau N°0/3 (Torpilleur standard, race: 3) , attP: (x:59|y:1020|z:0) , cible: Destroyer standard, deffP: (x:28|y:1020|z:9), distance: 31
 - tir N0, arme: lance-torpilleI - chance < 0 , exit
 - tir N1, arme: lance-torpilleI - chance < 0 , exit
 - tir N2, arme: lance-torpilleI - chance < 0 , exit
 - tir N3, arme: lance-torpilleI - chance < 0 , exit
[F4_3 VS F12_0]  C3 , tir vaisseau N°0/63 (Croiseur standard, race: 3) , attP: (x:59|y:1020|z:0) , cible: Destroyer standard, deffP: (x:28|y:1020|z:9), distance: 31
 - tir N0, arme: canon à plasmaI - chance < 0 , exit
 - tir N1, arme: canon à plasmaI - chance < 0 , exit
 - tir N2, arme: canon à plasmaI - chance < 0 , exit
 - tir N3, arme: canon à plasmaI - chance < 0 , exit
 - tir N4, arme: canon à plasmaI - chance < 0 , exit
 - tir N5, arme: canon à plasmaI - chance < 0 , exit
 - tir N6, arme: canon à plasmaI - chance < 0 , exit
 - tir N7, arme: canon à plasmaI - chance < 0 , exit
 - tir N8, arme: canon à plasmaI - chance < 0 , exit
 - tir N9, arme: canon à plasmaI - chance < 0 , exit
 - tir N10, arme: missileI - chance < 0 , exit
 - tir N11, arme: missileI - chance < 0 , exit
 - tir N12, arme: missileI - chance < 0 , exit
 - tir N13, arme: missileI - chance < 0 , exit
 - tir N14, arme: missileI - chance < 0 , exit
 - tir N15, arme: missileI - chance < 0 , exit
 - tir N16, arme: missileI - chance < 0 , exit
 - tir N17, arme: missileI - chance < 0 , exit
 - tir N18, arme: missileI - chance < 0 , exit
 - tir N19, arme: missileI - chance < 0 , exit
 - tir N20, arme: lance-torpilleI - chance < 0 , exit
 - tir N21, arme: lance-torpilleI - chance < 0 , exit
 - tir N22, arme: lance-torpilleI - chance < 0 , exit
 - tir N23, arme: lance-torpilleI - chance < 0 , exit
 - tir N24, arme: lance-torpilleI - chance < 0 , exit
 - tir N25, arme: lance-torpilleI - chance < 0 , exit
 - tir N26, arme: lance-torpilleI - chance < 0 , exit
 - tir N27, arme: lance-torpilleI - chance < 0 , exit
 - tir N28, arme: lance-torpilleI - chance < 0 , exit
 - tir N29, arme: lance-torpilleI - chance < 0 , exit
[F4_3 VS F12_0]  C3 , tir vaisseau N°0/63 (Croiseur standard, race: 3) , attP: (x:59|y:1020|z:0) , cible: Destroyer standard, deffP: (x:28|y:1020|z:9), distance: 31
 - tir N0, arme: canon à plasmaI - chance < 0 , exit
 - tir N1, arme: canon à plasmaI - chance < 0 , exit
 - tir N2, arme: canon à plasmaI - chance < 0 , exit
 - tir N3, arme: canon à plasmaI - chance < 0 , exit
 - tir N4, arme: canon à plasmaI - chance < 0 , exit
 - tir N5, arme: canon à plasmaI - chance < 0 , exit
 - tir N6, arme: canon à plasmaI - chance < 0 , exit
 - tir N7, arme: canon à plasmaI - chance < 0 , exit
 - tir N8, arme: canon à plasmaI - chance < 0 , exit
 - tir N9, arme: canon à plasmaI - chance < 0 , exit
 - tir N10, arme: missileI - chance < 0 , exit
 - tir N11, arme: missileI - chance < 0 , exit
 - tir N12, arme: missileI - chance < 0 , exit
 - tir N13, arme: missileI - chance < 0 , exit
 - tir N14, arme: missileI - chance < 0 , exit
 - tir N15, arme: missileI - chance < 0 , exit
 - tir N16, arme: missileI - chance < 0 , exit
 - tir N17, arme: missileI - chance < 0 , exit
 - tir N18, arme: missileI - chance < 0 , exit
 - tir N19, arme: missileI - chance < 0 , exit
 - tir N20, arme: lance-torpilleI - chance < 0 , exit
 - tir N21, arme: lance-torpilleI - chance < 0 , exit
 - tir N22, arme: lance-torpilleI - chance < 0 , exit
 - tir N23, arme: lance-torpilleI - chance < 0 , exit
 - tir N24, arme: lance-torpilleI - chance < 0 , exit
 - tir N25, arme: lance-torpilleI - chance < 0 , exit
 - tir N26, arme: lance-torpilleI - chance < 0 , exit
 - tir N27, arme: lance-torpilleI - chance < 0 , exit
 - tir N28, arme: lance-torpilleI - chance < 0 , exit
 - tir N29, arme: lance-torpilleI - chance < 0 , exit
FIN DE TOUR: F1  0, F2 : 69
TOUR DE COMBAT 7
[F4_3 VS F12_0]  C3 , tir vaisseau N°0/3 (Chasseur standard, race: 3) , attP: (x:37|y:1020|z:85) , cible: Destroyer standard, deffP: (x:37|y:1020|z:85), distance: 0
 - tir N0, arme: laserI => chance 26(6),  miss
 - tir N0, arme: laserI => chance 26(6),  miss
 - tir N0, arme: laserI => chance 26(6),  miss
 - tir N0, arme: laserI => chance 26(6),  miss
[F4_3 VS F12_0]  C3 , tir vaisseau N°0/3 (Chasseur standard, race: 3) , attP: (x:33|y:1020|z:85) , cible: Destroyer standard, deffP: (x:37|y:1020|z:85), distance: 4
 - tir N0, arme: laserI => chance 16(5),  miss
 - tir N0, arme: laserI => chance 16(5),  miss
 - tir N0, arme: laserI => chance 16(5),  miss
 - tir N0, arme: laserI => chance 16(5),  miss
[F4_3 VS F12_0]  C3 , tir vaisseau N°0/3 (Chasseur standard, race: 3) , attP: (x:33|y:1020|z:85) , cible: Destroyer standard, deffP: (x:37|y:1020|z:85), distance: 4
 - tir N0, arme: laserI => chance 17(6),  hit, degat (1)
 - tir N0, arme: laserI => chance 17(6),  miss
 - tir N0, arme: laserI => chance 17(6),  miss
 - tir N0, arme: laserI => chance 17(6),  hit, degat (1)
[F4_3 VS F12_0]  C3 , tir vaisseau N°0/3 (Chasseur standard, race: 3) , attP: (x:37|y:1020|z:85) , cible: Destroyer standard, deffP: (x:37|y:1020|z:85), distance: 0
 - tir N0, arme: laserI => chance 25(5),  miss
 - tir N0, arme: laserI => chance 25(5),  miss
 - tir N0, arme: laserI => chance 25(5),  hit, degat (1)
 - tir N0, arme: laserI => chance 25(5),  miss
[F4_3 VS F12_0]  C3 , tir vaisseau N°0/3 (Chasseur standard, race: 3) , attP: (x:37|y:1020|z:85) , cible: Destroyer standard, deffP: (x:37|y:1020|z:85), distance: 0
 - tir N0, arme: laserI => chance 25(5),  miss
 - tir N0, arme: laserI => chance 25(5),  miss
 - tir N0, arme: laserI => chance 25(5),  miss
 - tir N0, arme: laserI => chance 25(5),  miss
[F4_3 VS F12_0]  C3 , tir vaisseau N°0/25 (Destroyer standard, race: 3) , attP: (x:30|y:1020|z:85) , cible: Destroyer standard, deffP: (x:37|y:1020|z:85), distance: 7
 - tir N0, arme: laserI => chance 9(5),  hit, degat (1)
 - tir N0, arme: laserI => chance 9(5),  miss
 - tir N0, arme: laserI => chance 9(5),  hit, degat (1)
 - tir N0, arme: laserI => chance 9(5),  miss
 - tir N0, arme: laserI => chance 9(5),  miss
 - tir N0, arme: laserI => chance 9(5),  miss
 - tir N0, arme: laserI => chance 9(5),  miss
 - tir N0, arme: laserI => chance 9(5),  miss
 - tir N0, arme: laserI => chance 9(5),  miss
 - tir N0, arme: laserI => chance 9(5),  miss
 - tir N0, arme: canon à plasmaI => chance 29(5),  hit, degat (1)
 - tir N0, arme: canon à plasmaI => chance 29(5),  miss
 - tir N0, arme: canon à plasmaI => chance 29(5),  miss
 - tir N0, arme: canon à plasmaI => chance 29(5),  miss
 - tir N0, arme: canon à plasmaI => chance 29(5),  miss
 - tir N0, arme: canon à plasmaI => chance 29(5),  miss
 - tir N0, arme: canon à plasmaI => chance 29(5),  miss
 - tir N0, arme: canon à plasmaI => chance 29(5),  miss
 - tir N0, arme: canon à plasmaI => chance 29(5),  miss
 - tir N0, arme: canon à plasmaI => chance 29(5),  miss
[F4_3 VS F12_0]  C3 , tir vaisseau N°0/3 (Chasseur standard, race: 3) , attP: (x:33|y:1020|z:85) , cible: Destroyer standard, deffP: (x:37|y:1020|z:85), distance: 4
 - tir N0, arme: laserI => chance 16(5),  miss
 - tir N0, arme: laserI => chance 16(5),  miss
 - tir N0, arme: laserI => chance 16(5),  miss
 - tir N0, arme: laserI => chance 16(5),  miss
[F4_3 VS F12_0]  C3 , tir vaisseau N°0/3 (Chasseur standard, race: 3) , attP: (x:37|y:1020|z:85) , cible: Destroyer standard, deffP: (x:37|y:1020|z:85), distance: 0
 - tir N0, arme: laserI => chance 25(5),  miss
 - tir N0, arme: laserI => chance 25(5),  miss
 - tir N0, arme: laserI => chance 25(5),  miss
 - tir N0, arme: laserI => chance 25(5),  miss
[F4_3 VS F12_0]  C0 , tir vaisseau N°0/25 (Destroyer standard, race: 0) , attP: (x:37|y:1020|z:85) , cible: Fregate standard, deffP: (x:28|y:1020|z:9), distance: 76
 - tir N0, arme: laserI - chance < 0 , exit
 - tir N1, arme: laserI - chance < 0 , exit
 - tir N2, arme: laserI - chance < 0 , exit
 - tir N3, arme: laserI - chance < 0 , exit
 - tir N4, arme: laserI - chance < 0 , exit
 - tir N5, arme: laserI - chance < 0 , exit
 - tir N6, arme: canon à plasmaI - chance < 0 , exit
 - tir N7, arme: canon à plasmaI - chance < 0 , exit
 - tir N8, arme: canon à plasmaI - chance < 0 , exit
 - tir N9, arme: canon à plasmaI - chance < 0 , exit
 - tir N10, arme: canon à plasmaI - chance < 0 , exit
[F4_3 VS F12_0]  C3 , tir vaisseau N°0/0 (Intercepteur standard, race: 3) , attP: (x:28|y:1020|z:9) , cible: Destroyer standard, deffP: (x:37|y:1020|z:85), distance: 76
 - tir N0, arme: laserI - chance < 0 , exit
[F4_3 VS F12_0]  C3 , tir vaisseau N°0/3 (Torpilleur standard, race: 3) , attP: (x:28|y:1020|z:9) , cible: Destroyer standard, deffP: (x:37|y:1020|z:85), distance: 76
 - tir N0, arme: lance-torpilleI - chance < 0 , exit
 - tir N1, arme: lance-torpilleI - chance < 0 , exit
 - tir N2, arme: lance-torpilleI - chance < 0 , exit
 - tir N3, arme: lance-torpilleI - chance < 0 , exit
[F4_3 VS F12_0]  C3 , tir vaisseau N°0/3 (Torpilleur standard, race: 3) , attP: (x:28|y:1020|z:9) , cible: Destroyer standard, deffP: (x:37|y:1020|z:85), distance: 76
 - tir N0, arme: lance-torpilleI - chance < 0 , exit
 - tir N1, arme: lance-torpilleI - chance < 0 , exit
 - tir N2, arme: lance-torpilleI - chance < 0 , exit
 - tir N3, arme: lance-torpilleI - chance < 0 , exit
[F4_3 VS F12_0]  C3 , tir vaisseau N°0/0 (Intercepteur standard, race: 3) , attP: (x:28|y:1020|z:9) , cible: Destroyer standard, deffP: (x:37|y:1020|z:85), distance: 76
 - tir N0, arme: laserI - chance < 0 , exit
[F4_3 VS F12_0]  C3 , tir vaisseau N°0/25 (Destroyer standard, race: 3) , attP: (x:28|y:1020|z:9) , cible: Destroyer standard, deffP: (x:37|y:1020|z:85), distance: 76
 - tir N0, arme: laserI - chance < 0 , exit
 - tir N1, arme: laserI - chance < 0 , exit
 - tir N2, arme: laserI - chance < 0 , exit
 - tir N3, arme: laserI - chance < 0 , exit
 - tir N4, arme: laserI - chance < 0 , exit
 - tir N5, arme: laserI - chance < 0 , exit
 - tir N6, arme: laserI - chance < 0 , exit
 - tir N7, arme: laserI - chance < 0 , exit
 - tir N8, arme: laserI - chance < 0 , exit
 - tir N9, arme: laserI - chance < 0 , exit
 - tir N10, arme: canon à plasmaI - chance < 0 , exit
 - tir N11, arme: canon à plasmaI - chance < 0 , exit
 - tir N12, arme: canon à plasmaI - chance < 0 , exit
 - tir N13, arme: canon à plasmaI - chance < 0 , exit
 - tir N14, arme: canon à plasmaI - chance < 0 , exit
 - tir N15, arme: canon à plasmaI - chance < 0 , exit
 - tir N16, arme: canon à plasmaI - chance < 0 , exit
 - tir N17, arme: canon à plasmaI - chance < 0 , exit
 - tir N18, arme: canon à plasmaI - chance < 0 , exit
 - tir N19, arme: canon à plasmaI - chance < 0 , exit
[F4_3 VS F12_0]  C3 , tir vaisseau N°0/3 (Torpilleur standard, race: 3) , attP: (x:28|y:1020|z:9) , cible: Destroyer standard, deffP: (x:37|y:1020|z:85), distance: 76
 - tir N0, arme: lance-torpilleI - chance < 0 , exit
 - tir N1, arme: lance-torpilleI - chance < 0 , exit
 - tir N2, arme: lance-torpilleI - chance < 0 , exit
 - tir N3, arme: lance-torpilleI - chance < 0 , exit
[F4_3 VS F12_0]  C3 , tir vaisseau N°0/0 (Intercepteur standard, race: 3) , attP: (x:28|y:1020|z:9) , cible: Destroyer standard, deffP: (x:37|y:1020|z:85), distance: 76
 - tir N0, arme: laserI - chance < 0 , exit
[F4_3 VS F12_0]  C3 , tir vaisseau N°0/15 (Fregate standard, race: 3) , attP: (x:28|y:1020|z:9) , cible: Destroyer standard, deffP: (x:37|y:1020|z:85), distance: 76
 - tir N0, arme: canon à plasmaI - chance < 0 , exit
 - tir N1, arme: canon à plasmaI - chance < 0 , exit
 - tir N2, arme: canon à plasmaI - chance < 0 , exit
 - tir N3, arme: canon à plasmaI - chance < 0 , exit
 - tir N4, arme: canon à plasmaI - chance < 0 , exit
 - tir N5, arme: canon à plasmaI - chance < 0 , exit
 - tir N6, arme: canon à plasmaI - chance < 0 , exit
 - tir N7, arme: canon à plasmaI - chance < 0 , exit
 - tir N8, arme: canon à plasmaI - chance < 0 , exit
 - tir N9, arme: canon à plasmaI - chance < 0 , exit
[F4_3 VS F12_0]  C3 , tir vaisseau N°0/3 (Torpilleur standard, race: 3) , attP: (x:28|y:1020|z:9) , cible: Destroyer standard, deffP: (x:37|y:1020|z:85), distance: 76
 - tir N0, arme: lance-torpilleI - chance < 0 , exit
 - tir N1, arme: lance-torpilleI - chance < 0 , exit
 - tir N2, arme: lance-torpilleI - chance < 0 , exit
 - tir N3, arme: lance-torpilleI - chance < 0 , exit
[F4_3 VS F12_0]  C3 , tir vaisseau N°0/25 (Destroyer standard, race: 3) , attP: (x:28|y:1020|z:9) , cible: Destroyer standard, deffP: (x:37|y:1020|z:85), distance: 76
 - tir N0, arme: laserI - chance < 0 , exit
 - tir N1, arme: laserI - chance < 0 , exit
 - tir N2, arme: laserI - chance < 0 , exit
 - tir N3, arme: laserI - chance < 0 , exit
 - tir N4, arme: laserI - chance < 0 , exit
 - tir N5, arme: laserI - chance < 0 , exit
 - tir N6, arme: laserI - chance < 0 , exit
 - tir N7, arme: laserI - chance < 0 , exit
 - tir N8, arme: laserI - chance < 0 , exit
 - tir N9, arme: laserI - chance < 0 , exit
 - tir N10, arme: canon à plasmaI - chance < 0 , exit
 - tir N11, arme: canon à plasmaI - chance < 0 , exit
 - tir N12, arme: canon à plasmaI - chance < 0 , exit
 - tir N13, arme: canon à plasmaI - chance < 0 , exit
 - tir N14, arme: canon à plasmaI - chance < 0 , exit
 - tir N15, arme: canon à plasmaI - chance < 0 , exit
 - tir N16, arme: canon à plasmaI - chance < 0 , exit
 - tir N17, arme: canon à plasmaI - chance < 0 , exit
 - tir N18, arme: canon à plasmaI - chance < 0 , exit
 - tir N19, arme: canon à plasmaI - chance < 0 , exit
[F4_3 VS F12_0]  C3 , tir vaisseau N°0/3 (Torpilleur standard, race: 3) , attP: (x:28|y:1020|z:9) , cible: Destroyer standard, deffP: (x:37|y:1020|z:85), distance: 76
 - tir N0, arme: lance-torpilleI - chance < 0 , exit
 - tir N1, arme: lance-torpilleI - chance < 0 , exit
 - tir N2, arme: lance-torpilleI - chance < 0 , exit
 - tir N3, arme: lance-torpilleI - chance < 0 , exit
[F4_3 VS F12_0]  C3 , tir vaisseau N°0/15 (Fregate standard, race: 3) , attP: (x:28|y:1020|z:9) , cible: Destroyer standard, deffP: (x:37|y:1020|z:85), distance: 76
 - tir N0, arme: canon à plasmaI - chance < 0 , exit
 - tir N1, arme: canon à plasmaI - chance < 0 , exit
 - tir N2, arme: canon à plasmaI - chance < 0 , exit
 - tir N3, arme: canon à plasmaI - chance < 0 , exit
 - tir N4, arme: canon à plasmaI - chance < 0 , exit
 - tir N5, arme: canon à plasmaI - chance < 0 , exit
 - tir N6, arme: canon à plasmaI - chance < 0 , exit
 - tir N7, arme: canon à plasmaI - chance < 0 , exit
 - tir N8, arme: canon à plasmaI - chance < 0 , exit
 - tir N9, arme: canon à plasmaI - chance < 0 , exit
[F4_3 VS F12_0]  C3 , tir vaisseau N°0/3 (Torpilleur standard, race: 3) , attP: (x:28|y:1020|z:9) , cible: Destroyer standard, deffP: (x:37|y:1020|z:85), distance: 76
 - tir N0, arme: lance-torpilleI - chance < 0 , exit
 - tir N1, arme: lance-torpilleI - chance < 0 , exit
 - tir N2, arme: lance-torpilleI - chance < 0 , exit
 - tir N3, arme: lance-torpilleI - chance < 0 , exit
[F4_3 VS F12_0]  C3 , tir vaisseau N°0/63 (Croiseur standard, race: 3) , attP: (x:28|y:1020|z:9) , cible: Destroyer standard, deffP: (x:37|y:1020|z:85), distance: 76
 - tir N0, arme: canon à plasmaI - chance < 0 , exit
 - tir N1, arme: canon à plasmaI - chance < 0 , exit
 - tir N2, arme: canon à plasmaI - chance < 0 , exit
 - tir N3, arme: canon à plasmaI - chance < 0 , exit
 - tir N4, arme: canon à plasmaI - chance < 0 , exit
 - tir N5, arme: canon à plasmaI - chance < 0 , exit
 - tir N6, arme: canon à plasmaI - chance < 0 , exit
 - tir N7, arme: canon à plasmaI - chance < 0 , exit
 - tir N8, arme: canon à plasmaI - chance < 0 , exit
 - tir N9, arme: canon à plasmaI - chance < 0 , exit
 - tir N10, arme: missileI - chance < 0 , exit
 - tir N11, arme: missileI - chance < 0 , exit
 - tir N12, arme: missileI - chance < 0 , exit
 - tir N13, arme: missileI - chance < 0 , exit
 - tir N14, arme: missileI - chance < 0 , exit
 - tir N15, arme: missileI - chance < 0 , exit
 - tir N16, arme: missileI - chance < 0 , exit
 - tir N17, arme: missileI - chance < 0 , exit
 - tir N18, arme: missileI - chance < 0 , exit
 - tir N19, arme: missileI - chance < 0 , exit
 - tir N20, arme: lance-torpilleI - chance < 0 , exit
 - tir N21, arme: lance-torpilleI - chance < 0 , exit
 - tir N22, arme: lance-torpilleI - chance < 0 , exit
 - tir N23, arme: lance-torpilleI - chance < 0 , exit
 - tir N24, arme: lance-torpilleI - chance < 0 , exit
 - tir N25, arme: lance-torpilleI - chance < 0 , exit
 - tir N26, arme: lance-torpilleI - chance < 0 , exit
 - tir N27, arme: lance-torpilleI - chance < 0 , exit
 - tir N28, arme: lance-torpilleI - chance < 0 , exit
 - tir N29, arme: lance-torpilleI - chance < 0 , exit
[F4_3 VS F12_0]  C3 , tir vaisseau N°0/3 (Torpilleur standard, race: 3) , attP: (x:28|y:1020|z:9) , cible: Destroyer standard, deffP: (x:37|y:1020|z:85), distance: 76
 - tir N0, arme: lance-torpilleI - chance < 0 , exit
 - tir N1, arme: lance-torpilleI - chance < 0 , exit
 - tir N2, arme: lance-torpilleI - chance < 0 , exit
 - tir N3, arme: lance-torpilleI - chance < 0 , exit
[F4_3 VS F12_0]  C3 , tir vaisseau N°0/63 (Croiseur standard, race: 3) , attP: (x:28|y:1020|z:9) , cible: Destroyer standard, deffP: (x:37|y:1020|z:85), distance: 76
 - tir N0, arme: canon à plasmaI - chance < 0 , exit
 - tir N1, arme: canon à plasmaI - chance < 0 , exit
 - tir N2, arme: canon à plasmaI - chance < 0 , exit
 - tir N3, arme: canon à plasmaI - chance < 0 , exit
 - tir N4, arme: canon à plasmaI - chance < 0 , exit
 - tir N5, arme: canon à plasmaI - chance < 0 , exit
 - tir N6, arme: canon à plasmaI - chance < 0 , exit
 - tir N7, arme: canon à plasmaI - chance < 0 , exit
 - tir N8, arme: canon à plasmaI - chance < 0 , exit
 - tir N9, arme: canon à plasmaI - chance < 0 , exit
 - tir N10, arme: missileI - chance < 0 , exit
 - tir N11, arme: missileI - chance < 0 , exit
 - tir N12, arme: missileI - chance < 0 , exit
 - tir N13, arme: missileI - chance < 0 , exit
 - tir N14, arme: missileI - chance < 0 , exit
 - tir N15, arme: missileI - chance < 0 , exit
 - tir N16, arme: missileI - chance < 0 , exit
 - tir N17, arme: missileI - chance < 0 , exit
 - tir N18, arme: missileI - chance < 0 , exit
 - tir N19, arme: missileI - chance < 0 , exit
 - tir N20, arme: lance-torpilleI - chance < 0 , exit
 - tir N21, arme: lance-torpilleI - chance < 0 , exit
 - tir N22, arme: lance-torpilleI - chance < 0 , exit
 - tir N23, arme: lance-torpilleI - chance < 0 , exit
 - tir N24, arme: lance-torpilleI - chance < 0 , exit
 - tir N25, arme: lance-torpilleI - chance < 0 , exit
 - tir N26, arme: lance-torpilleI - chance < 0 , exit
 - tir N27, arme: lance-torpilleI - chance < 0 , exit
 - tir N28, arme: lance-torpilleI - chance < 0 , exit
 - tir N29, arme: lance-torpilleI - chance < 0 , exit
FIN DE TOUR: F1  0, F2 : 75
TOUR DE COMBAT 8
[F4_3 VS F12_0]  C3 , tir vaisseau N°0/3 (Chasseur standard, race: 3) , attP: (x:37|y:1020|z:45) , cible: Destroyer standard, deffP: (x:37|y:1020|z:45), distance: 0
 - tir N0, arme: laserI => chance 26(6),  hit, degat (1)
 - tir N0, arme: laserI => chance 26(6),  miss
 - tir N0, arme: laserI => chance 26(6),  miss
 - tir N0, arme: laserI => chance 26(6),  miss
[F4_3 VS F12_0]  C3 , tir vaisseau N°0/0 (Intercepteur standard, race: 3) , attP: (x:37|y:1020|z:45) , cible: Destroyer standard, deffP: (x:37|y:1020|z:45), distance: 0
 - tir N0, arme: laserI => chance 25(5),  miss
[F4_3 VS F12_0]  C3 , tir vaisseau N°0/3 (Chasseur standard, race: 3) , attP: (x:37|y:1020|z:45) , cible: Destroyer standard, deffP: (x:37|y:1020|z:45), distance: 0
 - tir N0, arme: laserI => chance 25(5),  hit, degat (1)
 - tir N0, arme: laserI => chance 25(5),  miss
 - tir N0, arme: laserI => chance 25(5),  hit, degat (1)
 - tir N0, arme: laserI => chance 25(5),  miss
[F4_3 VS F12_0]  C3 , tir vaisseau N°0/3 (Chasseur standard, race: 3) , attP: (x:37|y:1020|z:45) , cible: Destroyer standard, deffP: (x:37|y:1020|z:45), distance: 0
 - tir N0, arme: laserI => chance 26(6),  miss
 - tir N0, arme: laserI => chance 26(6),  miss
 - tir N0, arme: laserI => chance 26(6),  hit, degat (1)
 - tir N0, arme: laserI => chance 26(6),  miss
[F4_3 VS F12_0]  C3 , tir vaisseau N°0/15 (Fregate standard, race: 3) , attP: (x:28|y:1020|z:9) pas de cible
[F4_3 VS F12_0]  C3 , tir vaisseau N°0/3 (Chasseur standard, race: 3) , attP: (x:37|y:1020|z:45) , cible: Destroyer standard, deffP: (x:37|y:1020|z:45), distance: 0
 - tir N0, arme: laserI => chance 25(5),  miss
 - tir N0, arme: laserI => chance 25(5),  miss
 - tir N0, arme: laserI => chance 25(5),  hit, degat (1)
 - tir N0, arme: laserI => chance 25(5),  hit, degat (1)
[F4_3 VS F12_0]  C3 , tir vaisseau N°0/3 (Chasseur standard, race: 3) , attP: (x:37|y:1020|z:45) , cible: Destroyer standard, deffP: (x:37|y:1020|z:45), distance: 0
 - tir N0, arme: laserI => chance 25(5),  miss
 - tir N0, arme: laserI => chance 25(5),  miss
 - tir N0, arme: laserI => chance 25(5),  miss
 - tir N0, arme: laserI => chance 25(5),  miss
[F4_3 VS F12_0]  C3 , tir vaisseau N°0/3 (Chasseur standard, race: 3) , attP: (x:37|y:1020|z:45) , cible: Destroyer standard, deffP: (x:37|y:1020|z:45), distance: 0
 - tir N0, arme: laserI => chance 25(5),  hit, degat (1)
 - tir N0, arme: laserI => chance 25(5),  miss
 - tir N0, arme: laserI => chance 25(5),  miss
 - tir N0, arme: laserI => chance 25(5),  miss
[F4_3 VS F12_0]  C3 , tir vaisseau N°0/3 (Chasseur standard, race: 3) , attP: (x:37|y:1020|z:45) , cible: Destroyer standard, deffP: (x:37|y:1020|z:45), distance: 0
 - tir N0, arme: laserI => chance 25(5),  miss
 - tir N0, arme: laserI => chance 25(5),  hit, degat (1)
 - tir N0, arme: laserI => chance 25(5),  miss
 - tir N0, arme: laserI => chance 25(5),  miss
[F4_3 VS F12_0]  C3 , tir vaisseau N°0/0 (Intercepteur standard, race: 3) , attP: (x:37|y:1020|z:45) , cible: Destroyer standard, deffP: (x:37|y:1020|z:45), distance: 0
 - tir N0, arme: laserI => chance 25(5),  miss
[F4_3 VS F12_0]  C3 , tir vaisseau N°0/3 (Torpilleur standard, race: 3) , attP: (x:37|y:1020|z:45) , cible: Destroyer standard, deffP: (x:37|y:1020|z:45), distance: 0
 - tir N0, arme: lance-torpilleI => chance 20(5),  hit, degat (2)
 - tir N0, arme: lance-torpilleI => chance 20(5),  miss
 - tir N0, arme: lance-torpilleI => chance 20(5),  hit, degat (2)
 - tir N0, arme: lance-torpilleI => chance 20(5),  miss
[F4_3 VS F12_0]  C3 , tir vaisseau N°0/25 (Destroyer standard, race: 3) , attP: (x:37|y:1020|z:45) , cible: Destroyer standard, deffP: (x:37|y:1020|z:45), distance: 0
 - tir N0, arme: laserI => chance 25(5),  hit, degat (1)
 - tir N0, arme: laserI => chance 25(5),  miss
 - tir N0, arme: laserI => chance 25(5),  miss
 - tir N0, arme: laserI => chance 25(5),  miss
 - tir N0, arme: laserI => chance 25(5),  miss
 - tir N0, arme: laserI => chance 25(5),  hit, degat (1)
 - tir N0, arme: laserI => chance 25(5),  miss
 - tir N0, arme: laserI => chance 25(5),  miss
 - tir N0, arme: laserI => chance 25(5),  hit, degat (1)
 - tir N0, arme: laserI => chance 25(5),  miss
 - tir N0, arme: canon à plasmaI => chance 55(5),  miss
 - tir N0, arme: canon à plasmaI => chance 55(5),  hit, degat (1)
 - tir N0, arme: canon à plasmaI => chance 55(5),  miss
 - tir N0, arme: canon à plasmaI => chance 55(5),  miss
 - tir N0, arme: canon à plasmaI => chance 55(5),  miss
 - tir N0, arme: canon à plasmaI => chance 55(5),  miss
 - tir N0, arme: canon à plasmaI => chance 55(5),  hit, degat (1)
 - tir N0, arme: canon à plasmaI => chance 55(5),  hit, degat (1)
 - tir N0, arme: canon à plasmaI => chance 55(5),  miss
 - tir N0, arme: canon à plasmaI => chance 55(5),  miss
[F4_3 VS F12_0]  C3 , tir vaisseau N°0/25 (Destroyer standard, race: 3) , attP: (x:37|y:1020|z:45) , cible: Destroyer standard, deffP: (x:37|y:1020|z:45), distance: 0
 - tir N0, arme: laserI => chance 25(5),  miss
 - tir N0, arme: laserI => chance 25(5),  miss
 - tir N0, arme: laserI => chance 25(5),  miss
 - tir N0, arme: laserI => chance 25(5),  hit, degat (1)
 - tir N0, arme: laserI => chance 25(5),  miss
 - tir N0, arme: laserI => chance 25(5),  miss
 - tir N0, arme: laserI => chance 25(5),  miss
 - tir N0, arme: laserI => chance 25(5),  miss
 - tir N0, arme: laserI => chance 25(5),  miss
 - tir N0, arme: laserI => chance 25(5),  miss
 - tir N0, arme: canon à plasmaI => chance 55(5),  miss
 - tir N0, arme: canon à plasmaI => chance 55(5),  hit, degat (1)
 - tir N0, arme: canon à plasmaI => chance 55(5),  miss
 - tir N0, arme: canon à plasmaI => chance 55(5),  miss
 - tir N0, arme: canon à plasmaI => chance 55(5),  miss
 - tir N0, arme: canon à plasmaI => chance 55(5),  miss
 - tir N0, arme: canon à plasmaI => chance 55(5),  miss
 - tir N0, arme: canon à plasmaI => chance 55(5),  miss
 - tir N0, arme: canon à plasmaI => chance 55(5),  hit, degat (1)
 - tir N0, arme: canon à plasmaI => chance 55(5),  hit, degat (1)
[F4_3 VS F12_0]  C3 , tir vaisseau N°0/0 (Intercepteur standard, race: 3) , attP: (x:37|y:1020|z:45) , cible: Destroyer standard, deffP: (x:37|y:1020|z:45), distance: 0
 - tir N0, arme: laserI => chance 25(5),  miss
[F4_3 VS F12_0]  C3 , tir vaisseau N°0/3 (Torpilleur standard, race: 3) , attP: (x:37|y:1020|z:45) , cible: Destroyer standard, deffP: (x:37|y:1020|z:45), distance: 0
 - tir N0, arme: lance-torpilleI => chance 20(5),  miss
 - tir N0, arme: lance-torpilleI => chance 20(5),  hit, degat (2), cible detruire
[F4_3 VS F12_0]  C3 , tir vaisseau N°0/25 (Destroyer standard, race: 3) , attP: (x:37|y:1020|z:45) 
[F4_3 VS F12_0]  C3 , tir vaisseau N°0/3 (Torpilleur standard, race: 3) , attP: (x:37|y:1020|z:45) 
[F4_3 VS F12_0]  C3 , tir vaisseau N°0/15 (Fregate standard, race: 3) , attP: (x:37|y:1020|z:45) 
[F4_3 VS F12_0]  C3 , tir vaisseau N°0/3 (Torpilleur standard, race: 3) , attP: (x:37|y:1020|z:45) 
[F4_3 VS F12_0]  C3 , tir vaisseau N°0/3 (Torpilleur standard, race: 3) , attP: (x:37|y:1020|z:45) 
[F4_3 VS F12_0]  C3 , tir vaisseau N°0/3 (Torpilleur standard, race: 3) , attP: (x:37|y:1020|z:45) 
[F4_3 VS F12_0]  C3 , tir vaisseau N°0/63 (Croiseur standard, race: 3) , attP: (x:37|y:1020|z:45) 
[F4_3 VS F12_0]  C3 , tir vaisseau N°0/3 (Torpilleur standard, race: 3) , attP: (x:37|y:1020|z:45) 
[F4_3 VS F12_0]  C3 , tir vaisseau N°0/63 (Croiseur standard, race: 3) , attP: (x:37|y:1020|z:45) 
[F4_3 VS F12_0]  C0 , tir vaisseau N°0/25 (Destroyer standard, race: 0) , attP: (x:37|y:1020|z:45) 
FIN DE TOUR: F1  0, F2 : 99
RESOLUTION COMBAT [F5_3 VS F84_0] 
TOUR DE COMBAT 1
[F5_3 VS F84_0]  C3 , tir vaisseau N°0/3 (Chasseur standard, race: 3) , attP: (x:21|y:17|z:0) , cible: Croiseur standard, deffP: (x:21|y:17|z:0), distance: 0
 - tir N0, arme: laserI => chance 21(6),  miss
 - tir N0, arme: laserI => chance 21(6),  miss
 - tir N0, arme: laserI => chance 21(6),  miss
 - tir N0, arme: laserI => chance 21(6),  miss
[F5_3 VS F84_0]  C3 , tir vaisseau N°0/3 (Chasseur standard, race: 3) , attP: (x:21|y:17|z:0) , cible: Croiseur standard, deffP: (x:21|y:17|z:0), distance: 0
 - tir N0, arme: laserI => chance 20(5),  miss
 - tir N0, arme: laserI => chance 20(5),  miss
 - tir N0, arme: laserI => chance 20(5),  hit, shielded (2)
 - tir N0, arme: laserI => chance 20(5),  miss
[F5_3 VS F84_0]  C0 , tir vaisseau N°0/3 (Chasseur standard, race: 5) , attP: (x:22|y:1020|z:36) , cible: Supercroiseur standard, deffP: (x:22|y:1020|z:36), distance: 0
 - tir N0, arme: laserI => chance 20(5),  miss
 - tir N0, arme: laserI => chance 20(5),  miss
 - tir N0, arme: laserI => chance 20(5),  hit, shielded (2)
 - tir N0, arme: laserI => chance 20(5),  hit, shielded (2)
[F5_3 VS F84_0]  C3 , tir vaisseau N°0/3 (Chasseur standard, race: 3) , attP: (x:14|y:17|z:0) , cible: Intercepteur standard, deffP: (x:14|y:17|z:0), distance: 0
 - tir N0, arme: laserI => chance 56(6),  hit, degat (1)
 - tir N0, arme: laserI => chance 56(6),  miss
 - tir N0, arme: laserI => chance 56(6),  miss
 - tir N0, arme: laserI => chance 56(6),  hit, degat (1), cible detruire
[F5_3 VS F84_0]  C3 , tir vaisseau N°0/3 (Chasseur standard, race: 3) , attP: (x:21|y:17|z:0) , cible: Croiseur standard, deffP: (x:21|y:17|z:0), distance: 0
 - tir N0, arme: laserI => chance 20(5),  miss
 - tir N0, arme: laserI => chance 20(5),  miss
 - tir N0, arme: laserI => chance 20(5),  hit, shielded (2)
 - tir N0, arme: laserI => chance 20(5),  miss
[F5_3 VS F84_0]  C0 , tir vaisseau N°0/0 (Intercepteur standard, race: 5) , attP: (x:14|y:17|z:0) 
[F5_3 VS F84_0]  C3 , tir vaisseau N°0/0 (Intercepteur standard, race: 3) , attP: (x:23|y:19|z:4) , cible: Chasseur standard, deffP: (x:22|y:1020|z:36), distance: 1 001
 - tir N0, arme: laserI - chance < 0 , exit
[F5_3 VS F84_0]  C3 , tir vaisseau N°0/3 (Chasseur standard, race: 3) , attP: (x:21|y:17|z:0) , cible: Croiseur standard, deffP: (x:21|y:17|z:0), distance: 0
 - tir N0, arme: laserI => chance 21(6),  hit, shielded (2)
 - tir N0, arme: laserI => chance 21(6),  miss
 - tir N0, arme: laserI => chance 21(6),  miss
 - tir N0, arme: laserI => chance 21(6),  miss
[F5_3 VS F84_0]  C3 , tir vaisseau N°0/3 (Chasseur standard, race: 3) , attP: (x:21|y:13|z:0) , cible: Croiseur standard, deffP: (x:21|y:17|z:0), distance: 4
 - tir N0, arme: laserI => chance 13(5),  hit, shielded (2)
 - tir N0, arme: laserI => chance 13(5),  miss
 - tir N0, arme: laserI => chance 13(5),  miss
 - tir N0, arme: laserI => chance 13(5),  hit, shielded (2)
[F5_3 VS F84_0]  C3 , tir vaisseau N°0/3 (Torpilleur standard, race: 3) , attP: (x:21|y:17|z:0) , cible: Croiseur standard, deffP: (x:21|y:17|z:0), distance: 0
 - tir N0, arme: lance-torpilleI => chance 26(6),  miss
 - tir N0, arme: lance-torpilleI => chance 26(6),  hit, shielded (1)
 - tir N0, arme: lance-torpilleI => chance 26(6),  miss
 - tir N0, arme: lance-torpilleI => chance 26(6),  miss
[F5_3 VS F84_0]  C3 , tir vaisseau N°0/0 (Intercepteur standard, race: 3) , attP: (x:21|y:15|z:0) , cible: Croiseur standard, deffP: (x:21|y:17|z:0), distance: 2
 - tir N0, arme: laserI => chance 16(5),  miss
[F5_3 VS F84_0]  C3 , tir vaisseau N°0/25 (Destroyer standard, race: 3) , attP: (x:14|y:17|z:0) , cible: Croiseur standard, deffP: (x:21|y:17|z:0), distance: 7
 - tir N0, arme: laserI => chance 8(5),  miss
 - tir N0, arme: laserI => chance 8(5),  miss
 - tir N0, arme: laserI => chance 8(5),  miss
 - tir N0, arme: laserI => chance 8(5),  miss
 - tir N0, arme: laserI => chance 8(5),  miss
 - tir N0, arme: laserI => chance 8(5),  miss
 - tir N0, arme: laserI => chance 8(5),  miss
 - tir N0, arme: laserI => chance 8(5),  miss
 - tir N0, arme: laserI => chance 8(5),  miss
 - tir N0, arme: laserI => chance 8(5),  miss
 - tir N0, arme: canon à plasmaI => chance 26(5),  miss
 - tir N0, arme: canon à plasmaI => chance 26(5),  hit, shielded (1)
 - tir N0, arme: canon à plasmaI => chance 26(5),  miss
 - tir N0, arme: canon à plasmaI => chance 26(5),  miss
 - tir N0, arme: canon à plasmaI => chance 26(5),  hit, shielded (1)
 - tir N0, arme: canon à plasmaI => chance 26(5),  miss
 - tir N0, arme: canon à plasmaI => chance 26(5),  hit, shielded (1)
 - tir N0, arme: canon à plasmaI => chance 26(5),  miss
 - tir N0, arme: canon à plasmaI => chance 26(5),  miss
 - tir N0, arme: canon à plasmaI => chance 26(5),  miss
[F5_3 VS F84_0]  C3 , tir vaisseau N°0/3 (Torpilleur standard, race: 3) , attP: (x:21|y:1020|z:36) , cible: Colonisateur, deffP: (x:22|y:1020|z:36), distance: 1
 - tir N0, arme: lance-torpilleI => chance 8(6),  miss
 - tir N0, arme: lance-torpilleI => chance 8(6),  miss
 - tir N0, arme: lance-torpilleI => chance 8(6),  miss
 - tir N0, arme: lance-torpilleI => chance 8(6),  miss
[F5_3 VS F84_0]  C3 , tir vaisseau N°0/0 (Intercepteur standard, race: 3) , attP: (x:22|y:1020|z:36) , cible: Colonisateur, deffP: (x:22|y:1020|z:36), distance: 0
 - tir N0, arme: laserI => chance 40(5),  miss
[F5_3 VS F84_0]  C3 , tir vaisseau N°0/3 (Torpilleur standard, race: 3) , attP: (x:22|y:1020|z:36) , cible: Colonisateur, deffP: (x:22|y:1020|z:36), distance: 0
 - tir N0, arme: lance-torpilleI => chance 8(5),  miss
 - tir N0, arme: lance-torpilleI => chance 8(5),  miss
 - tir N0, arme: lance-torpilleI => chance 8(5),  miss
 - tir N0, arme: lance-torpilleI => chance 8(5),  miss
[F5_3 VS F84_0]  C3 , tir vaisseau N°0/25 (Destroyer standard, race: 3) , attP: (x:22|y:1020|z:36) , cible: Colonisateur, deffP: (x:22|y:1020|z:36), distance: 0
 - tir N0, arme: laserI => chance 40(5),  miss
 - tir N0, arme: laserI => chance 40(5),  miss
 - tir N0, arme: laserI => chance 40(5),  hit, degat (1)
 - tir N0, arme: laserI => chance 40(5),  hit, degat (1)
 - tir N0, arme: laserI => chance 40(5),  miss
 - tir N0, arme: laserI => chance 40(5),  miss
 - tir N0, arme: laserI => chance 40(5),  miss
 - tir N0, arme: laserI => chance 40(5),  miss
 - tir N0, arme: laserI => chance 40(5),  miss
 - tir N0, arme: laserI => chance 40(5),  miss
 - tir N0, arme: canon à plasmaI => chance 45(5),  miss
 - tir N0, arme: canon à plasmaI => chance 45(5),  hit, degat (1)
 - tir N0, arme: canon à plasmaI => chance 45(5),  miss
 - tir N0, arme: canon à plasmaI => chance 45(5),  hit, degat (1)
 - tir N0, arme: canon à plasmaI => chance 45(5),  miss
 - tir N0, arme: canon à plasmaI => chance 45(5),  hit, degat (1)
 - tir N0, arme: canon à plasmaI => chance 45(5),  hit, degat (1)
 - tir N0, arme: canon à plasmaI => chance 45(5),  miss
 - tir N0, arme: canon à plasmaI => chance 45(5),  miss
 - tir N0, arme: canon à plasmaI => chance 45(5),  miss
[F5_3 VS F84_0]  C3 , tir vaisseau N°0/15 (Fregate standard, race: 3) , attP: (x:23|y:21|z:4) , cible: Chasseur standard, deffP: (x:22|y:1020|z:36), distance: 999
 - tir N0, arme: canon à plasmaI - chance < 0 , exit
 - tir N1, arme: canon à plasmaI - chance < 0 , exit
 - tir N2, arme: canon à plasmaI - chance < 0 , exit
 - tir N3, arme: canon à plasmaI - chance < 0 , exit
 - tir N4, arme: canon à plasmaI - chance < 0 , exit
 - tir N5, arme: canon à plasmaI - chance < 0 , exit
 - tir N6, arme: canon à plasmaI - chance < 0 , exit
 - tir N7, arme: canon à plasmaI - chance < 0 , exit
 - tir N8, arme: canon à plasmaI - chance < 0 , exit
 - tir N9, arme: canon à plasmaI - chance < 0 , exit
[F5_3 VS F84_0]  C3 , tir vaisseau N°0/15 (Fregate standard, race: 3) , attP: (x:17|y:17|z:0) , cible: Croiseur standard, deffP: (x:21|y:17|z:0), distance: 4
 - tir N0, arme: canon à plasmaI => chance 36(5),  miss
 - tir N0, arme: canon à plasmaI => chance 36(5),  miss
 - tir N0, arme: canon à plasmaI => chance 36(5),  miss
 - tir N0, arme: canon à plasmaI => chance 36(5),  hit, shielded (1)
 - tir N0, arme: canon à plasmaI => chance 36(5),  hit, shielded (1)
 - tir N0, arme: canon à plasmaI => chance 36(5),  miss
 - tir N0, arme: canon à plasmaI => chance 36(5),  miss
 - tir N0, arme: canon à plasmaI => chance 36(5),  miss
 - tir N0, arme: canon à plasmaI => chance 36(5),  miss
 - tir N0, arme: canon à plasmaI => chance 36(5),  hit, shielded (1)
[F5_3 VS F84_0]  C0 , tir vaisseau N°0/63 (Supercroiseur standard, race: 5) , attP: (x:25|y:18|z:6) , cible: Destroyer standard, deffP: (x:22|y:1020|z:36), distance: 1 002
 - tir N0, arme: laserI - chance < 0 , exit
 - tir N1, arme: laserI - chance < 0 , exit
 - tir N2, arme: laserI - chance < 0 , exit
 - tir N3, arme: laserI - chance < 0 , exit
 - tir N4, arme: laserI - chance < 0 , exit
 - tir N5, arme: laserI - chance < 0 , exit
 - tir N6, arme: laserI - chance < 0 , exit
 - tir N7, arme: laserI - chance < 0 , exit
 - tir N8, arme: laserI - chance < 0 , exit
 - tir N9, arme: laserI - chance < 0 , exit
 - tir N10, arme: laserI - chance < 0 , exit
 - tir N11, arme: laserI - chance < 0 , exit
 - tir N12, arme: laserI - chance < 0 , exit
 - tir N13, arme: laserI - chance < 0 , exit
 - tir N14, arme: laserI - chance < 0 , exit
 - tir N15, arme: laserI - chance < 0 , exit
 - tir N16, arme: laserI - chance < 0 , exit
 - tir N17, arme: laserI - chance < 0 , exit
 - tir N18, arme: laserI - chance < 0 , exit
 - tir N19, arme: laserI - chance < 0 , exit
 - tir N20, arme: canon à plasmaI - chance < 0 , exit
 - tir N21, arme: canon à plasmaI - chance < 0 , exit
 - tir N22, arme: canon à plasmaI - chance < 0 , exit
 - tir N23, arme: canon à plasmaI - chance < 0 , exit
 - tir N24, arme: canon à plasmaI - chance < 0 , exit
 - tir N25, arme: canon à plasmaI - chance < 0 , exit
 - tir N26, arme: canon à plasmaI - chance < 0 , exit
 - tir N27, arme: canon à plasmaI - chance < 0 , exit
 - tir N28, arme: canon à plasmaI - chance < 0 , exit
 - tir N29, arme: canon à plasmaI - chance < 0 , exit
 - tir N30, arme: canon à plasmaI - chance < 0 , exit
 - tir N31, arme: canon à plasmaI - chance < 0 , exit
 - tir N32, arme: canon à plasmaI - chance < 0 , exit
 - tir N33, arme: canon à plasmaI - chance < 0 , exit
 - tir N34, arme: canon à plasmaI - chance < 0 , exit
 - tir N35, arme: canon à plasmaI - chance < 0 , exit
 - tir N36, arme: canon à plasmaI - chance < 0 , exit
 - tir N37, arme: canon à plasmaI - chance < 0 , exit
 - tir N38, arme: canon à plasmaI - chance < 0 , exit
 - tir N39, arme: canon à plasmaI - chance < 0 , exit
 - tir N40, arme: lance-torpilleI - chance < 0 , exit
 - tir N41, arme: lance-torpilleI - chance < 0 , exit
 - tir N42, arme: lance-torpilleI - chance < 0 , exit
 - tir N43, arme: lance-torpilleI - chance < 0 , exit
 - tir N44, arme: lance-torpilleI - chance < 0 , exit
 - tir N45, arme: lance-torpilleI - chance < 0 , exit
 - tir N46, arme: lance-torpilleI - chance < 0 , exit
 - tir N47, arme: lance-torpilleI - chance < 0 , exit
 - tir N48, arme: lance-torpilleI - chance < 0 , exit
 - tir N49, arme: lance-torpilleI - chance < 0 , exit
 - tir N50, arme: lance-torpilleI - chance < 0 , exit
 - tir N51, arme: lance-torpilleI - chance < 0 , exit
 - tir N52, arme: lance-torpilleI - chance < 0 , exit
 - tir N53, arme: lance-torpilleI - chance < 0 , exit
 - tir N54, arme: lance-torpilleI - chance < 0 , exit
 - tir N55, arme: lance-torpilleI - chance < 0 , exit
 - tir N56, arme: lance-torpilleI - chance < 0 , exit
 - tir N57, arme: lance-torpilleI - chance < 0 , exit
 - tir N58, arme: lance-torpilleI - chance < 0 , exit
 - tir N59, arme: lance-torpilleI - chance < 0 , exit
[F5_3 VS F84_0]  C3 , tir vaisseau N°0/25 (Destroyer standard, race: 3) , attP: (x:21|y:16|z:0) , cible: Croiseur standard, deffP: (x:21|y:17|z:0), distance: 1
 - tir N0, arme: laserI => chance 18(5),  miss
 - tir N0, arme: laserI => chance 18(5),  miss
 - tir N0, arme: laserI => chance 18(5),  hit, shielded (2)
 - tir N0, arme: laserI => chance 18(5),  hit, shielded (2)
 - tir N0, arme: laserI => chance 18(5),  miss
 - tir N0, arme: laserI => chance 18(5),  miss
 - tir N0, arme: laserI => chance 18(5),  miss
 - tir N0, arme: laserI => chance 18(5),  miss
 - tir N0, arme: laserI => chance 18(5),  hit, degat (1)
 - tir N0, arme: laserI => chance 18(5),  miss
 - tir N0, arme: canon à plasmaI => chance 46(5),  hit, degat (1)
 - tir N0, arme: canon à plasmaI => chance 46(5),  miss
 - tir N0, arme: canon à plasmaI => chance 46(5),  hit, degat (1)
 - tir N0, arme: canon à plasmaI => chance 46(5),  hit, degat (1)
 - tir N0, arme: canon à plasmaI => chance 46(5),  hit, degat (1)
 - tir N0, arme: canon à plasmaI => chance 46(5),  hit, degat (1)
 - tir N0, arme: canon à plasmaI => chance 46(5),  hit, degat (1)
 - tir N0, arme: canon à plasmaI => chance 46(5),  miss
 - tir N0, arme: canon à plasmaI => chance 46(5),  miss
 - tir N0, arme: canon à plasmaI => chance 46(5),  hit, degat (1)
[F5_3 VS F84_0]  C3 , tir vaisseau N°0/3 (Torpilleur standard, race: 3) , attP: (x:21|y:15|z:0) , cible: Croiseur standard, deffP: (x:21|y:17|z:0), distance: 2
 - tir N0, arme: lance-torpilleI => chance 23(5),  miss
 - tir N0, arme: lance-torpilleI => chance 23(5),  miss
 - tir N0, arme: lance-torpilleI => chance 23(5),  hit, degat (2)
 - tir N0, arme: lance-torpilleI => chance 23(5),  miss
[F5_3 VS F84_0]  C3 , tir vaisseau N°0/15 (Fregate standard, race: 3) , attP: (x:26|y:11|z:0) , cible: Croiseur standard, deffP: (x:21|y:17|z:0), distance: 6
 - tir N0, arme: canon à plasmaI => chance 29(5),  miss
 - tir N0, arme: canon à plasmaI => chance 29(5),  miss
 - tir N0, arme: canon à plasmaI => chance 29(5),  hit, degat (1)
 - tir N0, arme: canon à plasmaI => chance 29(5),  miss
 - tir N0, arme: canon à plasmaI => chance 29(5),  miss
 - tir N0, arme: canon à plasmaI => chance 29(5),  miss
 - tir N0, arme: canon à plasmaI => chance 29(5),  hit, degat (1)
 - tir N0, arme: canon à plasmaI => chance 29(5),  hit, degat (1)
 - tir N0, arme: canon à plasmaI => chance 29(5),  hit, degat (1)
 - tir N0, arme: canon à plasmaI => chance 29(5),  miss
[F5_3 VS F84_0]  C0 , tir vaisseau N°0/63 (Croiseur standard, race: 5) , attP: (x:21|y:17|z:0) , cible: Destroyer standard, deffP: (x:22|y:1020|z:36), distance: 1 003
 - tir N0, arme: canon à plasmaI - chance < 0 , exit
 - tir N1, arme: canon à plasmaI - chance < 0 , exit
 - tir N2, arme: canon à plasmaI - chance < 0 , exit
 - tir N3, arme: canon à plasmaI - chance < 0 , exit
 - tir N4, arme: canon à plasmaI - chance < 0 , exit
 - tir N5, arme: canon à plasmaI - chance < 0 , exit
 - tir N6, arme: missileI - chance < 0 , exit
 - tir N7, arme: missileI - chance < 0 , exit
 - tir N8, arme: missileI - chance < 0 , exit
 - tir N9, arme: missileI - chance < 0 , exit
 - tir N10, arme: lance-torpilleI - chance < 0 , exit
 - tir N11, arme: lance-torpilleI - chance < 0 , exit
 - tir N12, arme: lance-torpilleI - chance < 0 , exit
 - tir N13, arme: lance-torpilleI - chance < 0 , exit
 - tir N14, arme: lance-torpilleI - chance < 0 , exit
 - tir N15, arme: lance-torpilleI - chance < 0 , exit
 - tir N16, arme: lance-torpilleI - chance < 0 , exit
[F5_3 VS F84_0]  C3 , tir vaisseau N°0/3 (Torpilleur standard, race: 3) , attP: (x:12|y:28|z:-9) , cible: Croiseur standard, deffP: (x:21|y:17|z:0), distance: 11
 - tir N0, arme: lance-torpilleI => chance 15(5),  miss
 - tir N0, arme: lance-torpilleI => chance 15(5),  hit, degat (2)
 - tir N0, arme: lance-torpilleI => chance 15(5),  hit, degat (2)
 - tir N0, arme: lance-torpilleI => chance 15(5),  miss
[F5_3 VS F84_0]  C3 , tir vaisseau N°0/3 (Torpilleur standard, race: 3) , attP: (x:12|y:22|z:-9) , cible: Croiseur standard, deffP: (x:21|y:17|z:0), distance: 9
 - tir N0, arme: lance-torpilleI => chance 17(5),  miss
 - tir N0, arme: lance-torpilleI => chance 17(5),  miss
 - tir N0, arme: lance-torpilleI => chance 17(5),  miss
 - tir N0, arme: lance-torpilleI => chance 17(5),  hit, degat (2)
[F5_3 VS F84_0]  C0 , tir vaisseau N°0/3 (Bombardier standard, race: 5) , attP: (x:60|y:1020|z:72) , cible: Supercroiseur standard, deffP: (x:22|y:1020|z:36), distance: 38
 - pas darmes valides
[F5_3 VS F84_0]  C3 , tir vaisseau N°0/63 (Supercroiseur standard, race: 3) , attP: (x:22|y:1020|z:36) , cible: Colonisateur, deffP: (x:22|y:1020|z:36), distance: 0
 - tir N0, arme: laserI => chance 40(5),  miss
 - tir N0, arme: laserI => chance 40(5),  hit, degat (1)
 - tir N0, arme: laserI => chance 40(5),  miss
 - tir N0, arme: laserI => chance 40(5),  miss
 - tir N0, arme: laserI => chance 40(5),  hit, degat (1)
 - tir N0, arme: laserI => chance 40(5),  hit, degat (1)
 - tir N0, arme: laserI => chance 40(5),  miss
 - tir N0, arme: laserI => chance 40(5),  miss
 - tir N0, arme: laserI => chance 40(5),  miss
 - tir N0, arme: laserI => chance 40(5),  hit, degat (1)
 - tir N0, arme: laserI => chance 39(4),  hit, degat (1)
 - tir N0, arme: laserI => chance 39(4),  hit, degat (1)
 - tir N0, arme: laserI => chance 39(4),  miss
 - tir N0, arme: laserI => chance 39(4),  miss
 - tir N0, arme: laserI => chance 39(4),  miss
 - tir N0, arme: laserI => chance 39(4),  hit, degat (1), cible detruire
[F5_3 VS F84_0]  C3 , tir vaisseau N°0/63 (Croiseur standard, race: 3) , attP: (x:12|y:34|z:-2) , cible: Croiseur standard, deffP: (x:21|y:17|z:0), distance: 17
 - tir N0, arme: canon à plasmaI - chance < 0 , exit
 - tir N1, arme: canon à plasmaI - chance < 0 , exit
 - tir N2, arme: canon à plasmaI - chance < 0 , exit
 - tir N3, arme: canon à plasmaI - chance < 0 , exit
 - tir N4, arme: canon à plasmaI - chance < 0 , exit
 - tir N5, arme: canon à plasmaI - chance < 0 , exit
 - tir N6, arme: canon à plasmaI - chance < 0 , exit
 - tir N7, arme: canon à plasmaI - chance < 0 , exit
 - tir N8, arme: canon à plasmaI - chance < 0 , exit
 - tir N9, arme: canon à plasmaI - chance < 0 , exit
 - tir N10, arme: missileI - chance < 0 , exit
 - tir N11, arme: missileI - chance < 0 , exit
 - tir N12, arme: missileI - chance < 0 , exit
 - tir N13, arme: missileI - chance < 0 , exit
 - tir N14, arme: missileI - chance < 0 , exit
 - tir N15, arme: missileI - chance < 0 , exit
 - tir N16, arme: missileI - chance < 0 , exit
 - tir N17, arme: missileI - chance < 0 , exit
 - tir N18, arme: missileI - chance < 0 , exit
 - tir N19, arme: missileI - chance < 0 , exit
 - tir N20, arme: lance-torpilleI => chance 9(5),  miss
 - tir N20, arme: lance-torpilleI => chance 9(5),  miss
 - tir N20, arme: lance-torpilleI => chance 9(5),  miss
 - tir N20, arme: lance-torpilleI => chance 9(5),  miss
 - tir N20, arme: lance-torpilleI => chance 9(5),  miss
 - tir N20, arme: lance-torpilleI => chance 9(5),  miss
 - tir N20, arme: lance-torpilleI => chance 9(5),  miss
 - tir N20, arme: lance-torpilleI => chance 9(5),  miss
 - tir N20, arme: lance-torpilleI => chance 9(5),  hit, degat (2)
 - tir N20, arme: lance-torpilleI => chance 9(5),  miss
[F5_3 VS F84_0]  C0 , tir vaisseau N°0/7 (Colonisateur, race: 5) , attP: (x:22|y:1020|z:36) 
FIN DE TOUR: F1  0, F2 : 37
TOUR DE COMBAT 2
[F5_3 VS F84_0]  C3 , tir vaisseau N°0/3 (Chasseur standard, race: 3) , attP: (x:22|y:1020|z:36) , cible: Chasseur standard, deffP: (x:22|y:1020|z:36), distance: 0
 - tir N0, arme: laserI => chance 51(6),  miss
 - tir N0, arme: laserI => chance 51(6),  hit, degat (1)
 - tir N0, arme: laserI => chance 51(6),  hit, degat (1)
 - tir N0, arme: laserI => chance 51(6),  hit, degat (1)
[F5_3 VS F84_0]  C3 , tir vaisseau N°0/3 (Chasseur standard, race: 3) , attP: (x:21|y:16|z:0) , cible: Croiseur standard, deffP: (x:21|y:16|z:0), distance: 0
 - tir N0, arme: laserI => chance 20(5),  hit, degat (1)
 - tir N0, arme: laserI => chance 21(6),  miss
 - tir N0, arme: laserI => chance 21(6),  miss
 - tir N0, arme: laserI => chance 21(6),  hit, degat (1)
[F5_3 VS F84_0]  C3 , tir vaisseau N°0/3 (Chasseur standard, race: 3) , attP: (x:22|y:1020|z:36) , cible: Chasseur standard, deffP: (x:22|y:1020|z:36), distance: 0
 - tir N0, arme: laserI => chance 51(6),  miss
 - tir N0, arme: laserI => chance 51(6),  miss
 - tir N0, arme: laserI => chance 51(6),  hit, degat (1)
 - tir N0, arme: laserI => chance 51(6),  hit, degat (1), cible detruire
[F5_3 VS F84_0]  C0 , tir vaisseau N°0/3 (Chasseur standard, race: 5) , attP: (x:22|y:1020|z:36) 
[F5_3 VS F84_0]  C3 , tir vaisseau N°0/3 (Chasseur standard, race: 3) , attP: (x:22|y:1020|z:36) 
[F5_3 VS F84_0]  C3 , tir vaisseau N°0/3 (Chasseur standard, race: 3) , attP: (x:22|y:1020|z:36) 
[F5_3 VS F84_0]  C3 , tir vaisseau N°0/3 (Chasseur standard, race: 3) , attP: (x:21|y:16|z:0) , cible: Croiseur standard, deffP: (x:21|y:16|z:0), distance: 0
 - tir N0, arme: laserI => chance 20(5),  hit, degat (1)
 - tir N0, arme: laserI => chance 21(6),  miss
 - tir N0, arme: laserI => chance 21(6),  miss
 - tir N0, arme: laserI => chance 21(6),  miss
[F5_3 VS F84_0]  C3 , tir vaisseau N°0/0 (Intercepteur standard, race: 3) , attP: (x:21|y:16|z:0) , cible: Croiseur standard, deffP: (x:21|y:16|z:0), distance: 0
 - tir N0, arme: laserI => chance 20(5),  miss
[F5_3 VS F84_0]  C3 , tir vaisseau N°0/0 (Intercepteur standard, race: 3) , attP: (x:22|y:1020|z:36) 
[F5_3 VS F84_0]  C3 , tir vaisseau N°0/25 (Destroyer standard, race: 3) , attP: (x:21|y:16|z:0) , cible: Croiseur standard, deffP: (x:21|y:16|z:0), distance: 0
 - tir N0, arme: laserI => chance 20(5),  hit, degat (1)
 - tir N0, arme: laserI => chance 20(5),  miss
 - tir N0, arme: laserI => chance 20(5),  hit, degat (1)
 - tir N0, arme: laserI => chance 20(5),  miss
 - tir N0, arme: laserI => chance 20(5),  hit, degat (1)
 - tir N0, arme: laserI => chance 20(5),  miss
 - tir N0, arme: laserI => chance 20(5),  miss
 - tir N0, arme: laserI => chance 20(5),  hit, degat (1)
 - tir N0, arme: laserI => chance 20(5),  miss
 - tir N0, arme: laserI => chance 20(5),  miss
 - tir N0, arme: canon à plasmaI => chance 50(5),  miss
 - tir N0, arme: canon à plasmaI => chance 50(5),  hit, degat (1)
 - tir N0, arme: canon à plasmaI => chance 51(6),  hit, degat (1)
 - tir N0, arme: canon à plasmaI => chance 51(6),  hit, degat (1)
 - tir N0, arme: canon à plasmaI => chance 51(6),  hit, degat (1)
 - tir N0, arme: canon à plasmaI => chance 51(6),  hit, degat (1)
 - tir N0, arme: canon à plasmaI => chance 51(6),  hit, degat (1)
 - tir N0, arme: canon à plasmaI => chance 51(6),  miss
 - tir N0, arme: canon à plasmaI => chance 51(6),  miss
 - tir N0, arme: canon à plasmaI => chance 51(6),  hit, degat (1)
[F5_3 VS F84_0]  C3 , tir vaisseau N°0/25 (Destroyer standard, race: 3) , attP: (x:21|y:16|z:0) , cible: Croiseur standard, deffP: (x:21|y:16|z:0), distance: 0
 - tir N0, arme: laserI => chance 20(5),  miss
 - tir N0, arme: laserI => chance 20(5),  hit, degat (1)
 - tir N0, arme: laserI => chance 20(5),  hit, degat (1)
 - tir N0, arme: laserI => chance 20(5),  miss
 - tir N0, arme: laserI => chance 20(5),  miss
 - tir N0, arme: laserI => chance 20(5),  miss
 - tir N0, arme: laserI => chance 20(5),  miss
 - tir N0, arme: laserI => chance 20(5),  miss
 - tir N0, arme: laserI => chance 20(5),  miss
 - tir N0, arme: laserI => chance 20(5),  miss
 - tir N0, arme: canon à plasmaI => chance 50(5),  hit, degat (1)
 - tir N0, arme: canon à plasmaI => chance 50(5),  hit, degat (1)
 - tir N0, arme: canon à plasmaI => chance 50(5),  miss
 - tir N0, arme: canon à plasmaI => chance 50(5),  miss
 - tir N0, arme: canon à plasmaI => chance 50(5),  miss
 - tir N0, arme: canon à plasmaI => chance 50(5),  hit, degat (1)
 - tir N0, arme: canon à plasmaI => chance 50(5),  miss
 - tir N0, arme: canon à plasmaI => chance 50(5),  miss
 - tir N0, arme: canon à plasmaI => chance 50(5),  hit, degat (1)
 - tir N0, arme: canon à plasmaI => chance 50(5),  hit, degat (1)
[F5_3 VS F84_0]  C3 , tir vaisseau N°0/15 (Fregate standard, race: 3) , attP: (x:21|y:16|z:0) , cible: Croiseur standard, deffP: (x:21|y:16|z:0), distance: 0
 - tir N0, arme: canon à plasmaI => chance 50(5),  hit, degat (1)
 - tir N0, arme: canon à plasmaI => chance 50(5),  miss
 - tir N0, arme: canon à plasmaI => chance 50(5),  hit, degat (1)
 - tir N0, arme: canon à plasmaI => chance 50(5),  hit, degat (1)
 - tir N0, arme: canon à plasmaI => chance 50(5),  hit, degat (1)
 - tir N0, arme: canon à plasmaI => chance 50(5),  hit, degat (1)
 - tir N0, arme: canon à plasmaI => chance 50(5),  miss
 - tir N0, arme: canon à plasmaI => chance 50(5),  miss
 - tir N0, arme: canon à plasmaI => chance 50(5),  hit, degat (1)
 - tir N0, arme: canon à plasmaI => chance 50(5),  hit, degat (1)
[F5_3 VS F84_0]  C3 , tir vaisseau N°0/15 (Fregate standard, race: 3) , attP: (x:21|y:1020|z:37) , cible: Supercroiseur standard, deffP: (x:21|y:1020|z:37), distance: 0
 - tir N0, arme: canon à plasmaI => chance 50(5),  miss
 - tir N0, arme: canon à plasmaI => chance 50(5),  hit, shielded (1)
 - tir N0, arme: canon à plasmaI => chance 50(5),  miss
 - tir N0, arme: canon à plasmaI => chance 50(5),  miss
 - tir N0, arme: canon à plasmaI => chance 50(5),  hit, shielded (1)
 - tir N0, arme: canon à plasmaI => chance 50(5),  miss
 - tir N0, arme: canon à plasmaI => chance 50(5),  miss
 - tir N0, arme: canon à plasmaI => chance 50(5),  hit, shielded (1)
 - tir N0, arme: canon à plasmaI => chance 50(5),  hit, shielded (1)
 - tir N0, arme: canon à plasmaI => chance 50(5),  miss
[F5_3 VS F84_0]  C3 , tir vaisseau N°0/3 (Torpilleur standard, race: 3) , attP: (x:22|y:1020|z:36) 
[F5_3 VS F84_0]  C3 , tir vaisseau N°0/25 (Destroyer standard, race: 3) , attP: (x:22|y:1020|z:36) 
[F5_3 VS F84_0]  C3 , tir vaisseau N°0/3 (Torpilleur standard, race: 3) , attP: (x:22|y:1020|z:36) 
[F5_3 VS F84_0]  C3 , tir vaisseau N°0/3 (Torpilleur standard, race: 3) , attP: (x:21|y:16|z:0) , cible: Croiseur standard, deffP: (x:21|y:16|z:0), distance: 0
 - tir N0, arme: lance-torpilleI => chance 25(5),  miss
 - tir N0, arme: lance-torpilleI => chance 25(5),  miss
 - tir N0, arme: lance-torpilleI => chance 25(5),  hit, degat (2)
 - tir N0, arme: lance-torpilleI => chance 25(5),  hit, degat (2)
[F5_3 VS F84_0]  C3 , tir vaisseau N°0/0 (Intercepteur standard, race: 3) , attP: (x:21|y:1020|z:37) , cible: Supercroiseur standard, deffP: (x:21|y:1020|z:37), distance: 0
 - tir N0, arme: laserI => chance 20(5),  miss
[F5_3 VS F84_0]  C3 , tir vaisseau N°0/3 (Torpilleur standard, race: 3) , attP: (x:21|y:1020|z:37) , cible: Supercroiseur standard, deffP: (x:21|y:1020|z:37), distance: 0
 - tir N0, arme: lance-torpilleI => chance 25(5),  miss
 - tir N0, arme: lance-torpilleI => chance 25(5),  miss
 - tir N0, arme: lance-torpilleI => chance 25(5),  hit, shielded (1)
 - tir N0, arme: lance-torpilleI => chance 25(5),  hit, shielded (1)
[F5_3 VS F84_0]  C3 , tir vaisseau N°0/15 (Fregate standard, race: 3) , attP: (x:22|y:1020|z:36) 
[F5_3 VS F84_0]  C3 , tir vaisseau N°0/3 (Torpilleur standard, race: 3) , attP: (x:21|y:16|z:0) , cible: Croiseur standard, deffP: (x:21|y:16|z:0), distance: 0
 - tir N0, arme: lance-torpilleI => chance 25(5),  miss
 - tir N0, arme: lance-torpilleI => chance 25(5),  miss
 - tir N0, arme: lance-torpilleI => chance 25(5),  miss
 - tir N0, arme: lance-torpilleI => chance 25(5),  miss
[F5_3 VS F84_0]  C3 , tir vaisseau N°0/3 (Torpilleur standard, race: 3) , attP: (x:22|y:1020|z:36) 
[F5_3 VS F84_0]  C0 , tir vaisseau N°0/63 (Supercroiseur standard, race: 5) , attP: (x:21|y:1020|z:37) , cible: Croiseur standard, deffP: (x:21|y:1020|z:36), distance: 1
 - tir N0, arme: laserI => chance 18(5),  miss
 - tir N0, arme: laserI => chance 18(5),  miss
 - tir N0, arme: laserI => chance 18(5),  miss
 - tir N0, arme: laserI => chance 18(5),  miss
 - tir N0, arme: laserI => chance 18(5),  hit, shielded (2)
 - tir N0, arme: laserI => chance 18(5),  hit, shielded (2)
 - tir N0, arme: laserI => chance 18(5),  hit, shielded (2)
 - tir N0, arme: laserI => chance 18(5),  hit, shielded (2)
 - tir N0, arme: laserI => chance 18(5),  miss
 - tir N0, arme: laserI => chance 18(5),  miss
 - tir N0, arme: laserI => chance 18(5),  miss
 - tir N0, arme: laserI => chance 18(5),  miss
 - tir N0, arme: laserI => chance 18(5),  hit, shielded (2)
 - tir N0, arme: laserI => chance 18(5),  miss
 - tir N0, arme: laserI => chance 18(5),  hit, shielded (2)
 - tir N0, arme: laserI => chance 18(5),  miss
 - tir N0, arme: laserI => chance 18(5),  hit, shielded (2)
 - tir N0, arme: laserI => chance 18(5),  hit, shielded (2)
 - tir N0, arme: laserI => chance 18(5),  miss
 - tir N0, arme: laserI => chance 18(5),  miss
 - tir N0, arme: canon à plasmaI => chance 46(5),  hit, shielded (1)
 - tir N0, arme: canon à plasmaI => chance 46(5),  miss
 - tir N0, arme: canon à plasmaI => chance 46(5),  miss
 - tir N0, arme: canon à plasmaI => chance 46(5),  hit, shielded (1)
 - tir N0, arme: canon à plasmaI => chance 46(5),  miss
 - tir N0, arme: canon à plasmaI => chance 46(5),  hit, shielded (1)
 - tir N0, arme: canon à plasmaI => chance 46(5),  hit, shielded (1)
 - tir N0, arme: canon à plasmaI => chance 46(5),  miss
 - tir N0, arme: canon à plasmaI => chance 46(5),  miss
 - tir N0, arme: canon à plasmaI => chance 46(5),  miss
 - tir N0, arme: canon à plasmaI => chance 46(5),  miss
 - tir N0, arme: canon à plasmaI => chance 46(5),  miss
 - tir N0, arme: canon à plasmaI => chance 46(5),  hit, degat (1)
 - tir N0, arme: canon à plasmaI => chance 46(5),  hit, degat (1)
 - tir N0, arme: canon à plasmaI => chance 46(5),  miss
 - tir N0, arme: canon à plasmaI => chance 46(5),  hit, degat (1)
 - tir N0, arme: canon à plasmaI => chance 46(5),  hit, degat (1)
 - tir N0, arme: canon à plasmaI => chance 46(5),  hit, degat (1)
 - tir N0, arme: canon à plasmaI => chance 46(5),  miss
 - tir N0, arme: canon à plasmaI => chance 46(5),  hit, degat (1)
 - tir N0, arme: lance-torpilleI => chance 24(5),  miss
 - tir N0, arme: lance-torpilleI => chance 24(5),  miss
 - tir N0, arme: lance-torpilleI => chance 24(5),  miss
 - tir N0, arme: lance-torpilleI => chance 24(5),  miss
 - tir N0, arme: lance-torpilleI => chance 24(5),  miss
 - tir N0, arme: lance-torpilleI => chance 24(5),  hit, degat (2)
 - tir N0, arme: lance-torpilleI => chance 24(5),  miss
 - tir N0, arme: lance-torpilleI => chance 24(5),  miss
 - tir N0, arme: lance-torpilleI => chance 24(5),  miss
 - tir N0, arme: lance-torpilleI => chance 24(5),  miss
 - tir N0, arme: lance-torpilleI => chance 24(5),  miss
 - tir N0, arme: lance-torpilleI => chance 24(5),  miss
 - tir N0, arme: lance-torpilleI => chance 24(5),  miss
 - tir N0, arme: lance-torpilleI => chance 24(5),  miss
 - tir N0, arme: lance-torpilleI => chance 24(5),  miss
 - tir N0, arme: lance-torpilleI => chance 24(5),  miss
 - tir N0, arme: lance-torpilleI => chance 24(5),  hit, degat (2)
 - tir N0, arme: lance-torpilleI => chance 24(5),  miss
 - tir N0, arme: lance-torpilleI => chance 24(5),  miss
 - tir N0, arme: lance-torpilleI => chance 24(5),  miss
[F5_3 VS F84_0]  C3 , tir vaisseau N°0/63 (Supercroiseur standard, race: 3) , attP: (x:22|y:1020|z:36) 
[F5_3 VS F84_0]  C0 , tir vaisseau N°0/63 (Croiseur standard, race: 5) , attP: (x:21|y:16|z:0) , cible: Destroyer standard, deffP: (x:21|y:16|z:0), distance: 0
 - tir N0, arme: lance-torpilleI => chance 19(4),  hit, shielded (1)
[F5_3 VS F84_0]  C0 , tir vaisseau N°0/3 (Bombardier standard, race: 5) , attP: (x:91|y:1020|z:44) , cible: Fregate standard, deffP: (x:21|y:1020|z:37), distance: 70
 - pas darmes valides
[F5_3 VS F84_0]  C3 , tir vaisseau N°0/63 (Croiseur standard, race: 3) , attP: (x:21|y:1020|z:36) 
FIN DE TOUR: F1  10, F2 : 74
TOUR DE COMBAT 3
[F5_3 VS F84_0]  C3 , tir vaisseau N°0/3 (Chasseur standard, race: 3) , attP: (x:21|y:16|z:0) , cible: Croiseur standard, deffP: (x:21|y:16|z:0), distance: 0
 - tir N0, arme: laserI => chance 21(6),  miss
 - tir N0, arme: laserI => chance 21(6),  miss
 - tir N0, arme: laserI => chance 21(6),  hit, degat (1)
 - tir N0, arme: laserI => chance 21(6),  miss
[F5_3 VS F84_0]  C3 , tir vaisseau N°0/3 (Chasseur standard, race: 3) , attP: (x:21|y:1020|z:37) , cible: Supercroiseur standard, deffP: (x:21|y:1020|z:37), distance: 0
 - tir N0, arme: laserI => chance 21(6),  miss
 - tir N0, arme: laserI => chance 21(6),  miss
 - tir N0, arme: laserI => chance 21(6),  hit, shielded (2)
 - tir N0, arme: laserI => chance 21(6),  miss
[F5_3 VS F84_0]  C3 , tir vaisseau N°0/3 (Chasseur standard, race: 3) , attP: (x:21|y:1020|z:37) , cible: Supercroiseur standard, deffP: (x:21|y:1020|z:37), distance: 0
 - tir N0, arme: laserI => chance 20(5),  miss
 - tir N0, arme: laserI => chance 20(5),  miss
 - tir N0, arme: laserI => chance 20(5),  miss
 - tir N0, arme: laserI => chance 20(5),  miss
[F5_3 VS F84_0]  C3 , tir vaisseau N°0/0 (Intercepteur standard, race: 3) , attP: (x:21|y:16|z:0) , cible: Croiseur standard, deffP: (x:21|y:16|z:0), distance: 0
 - tir N0, arme: laserI => chance 20(5),  miss
[F5_3 VS F84_0]  C3 , tir vaisseau N°0/0 (Intercepteur standard, race: 3) , attP: (x:63|y:1020|z:9) , cible: Bombardier standard, deffP: (x:63|y:1020|z:9), distance: 0
 - tir N0, arme: laserI => chance 50(5),  hit, degat (1)
[F5_3 VS F84_0]  C3 , tir vaisseau N°0/3 (Chasseur standard, race: 3) , attP: (x:21|y:1020|z:37) , cible: Supercroiseur standard, deffP: (x:21|y:1020|z:37), distance: 0
 - tir N0, arme: laserI => chance 21(6),  miss
 - tir N0, arme: laserI => chance 21(6),  hit, shielded (2)
 - tir N0, arme: laserI => chance 21(6),  miss
 - tir N0, arme: laserI => chance 21(6),  miss
[F5_3 VS F84_0]  C3 , tir vaisseau N°0/25 (Destroyer standard, race: 3) , attP: (x:21|y:16|z:0) , cible: Croiseur standard, deffP: (x:21|y:16|z:0), distance: 0
 - tir N0, arme: laserI => chance 21(6),  miss
 - tir N0, arme: laserI => chance 21(6),  miss
 - tir N0, arme: laserI => chance 21(6),  hit, degat (1)
 - tir N0, arme: laserI => chance 21(6),  miss
 - tir N0, arme: laserI => chance 21(6),  miss
 - tir N0, arme: laserI => chance 21(6),  miss
 - tir N0, arme: laserI => chance 21(6),  miss
 - tir N0, arme: laserI => chance 21(6),  miss
 - tir N0, arme: laserI => chance 21(6),  miss
 - tir N0, arme: laserI => chance 21(6),  miss
 - tir N0, arme: canon à plasmaI => chance 51(6),  hit, degat (1)
 - tir N0, arme: canon à plasmaI => chance 51(6),  hit, degat (1)
 - tir N0, arme: canon à plasmaI => chance 51(6),  hit, degat (1)
 - tir N0, arme: canon à plasmaI => chance 51(6),  hit, degat (1)
 - tir N0, arme: canon à plasmaI => chance 51(6),  miss
 - tir N0, arme: canon à plasmaI => chance 51(6),  miss
 - tir N0, arme: canon à plasmaI => chance 51(6),  hit, degat (1)
 - tir N0, arme: canon à plasmaI => chance 51(6),  miss
 - tir N0, arme: canon à plasmaI => chance 51(6),  miss
 - tir N0, arme: canon à plasmaI => chance 51(6),  hit, degat (1)
[F5_3 VS F84_0]  C3 , tir vaisseau N°0/3 (Chasseur standard, race: 3) , attP: (x:21|y:1020|z:37) , cible: Supercroiseur standard, deffP: (x:21|y:1020|z:37), distance: 0
 - tir N0, arme: laserI => chance 21(6),  hit, shielded (2)
 - tir N0, arme: laserI => chance 21(6),  miss
 - tir N0, arme: laserI => chance 21(6),  miss
 - tir N0, arme: laserI => chance 21(6),  miss
[F5_3 VS F84_0]  C3 , tir vaisseau N°0/3 (Chasseur standard, race: 3) , attP: (x:21|y:16|z:0) , cible: Croiseur standard, deffP: (x:21|y:16|z:0), distance: 0
 - tir N0, arme: laserI => chance 21(6),  miss
 - tir N0, arme: laserI => chance 21(6),  miss
 - tir N0, arme: laserI => chance 21(6),  miss
 - tir N0, arme: laserI => chance 21(6),  miss
[F5_3 VS F84_0]  C3 , tir vaisseau N°0/25 (Destroyer standard, race: 3) , attP: (x:21|y:1020|z:37) , cible: Supercroiseur standard, deffP: (x:21|y:1020|z:37), distance: 0
 - tir N0, arme: laserI => chance 20(5),  miss
 - tir N0, arme: laserI => chance 20(5),  miss
 - tir N0, arme: laserI => chance 20(5),  miss
 - tir N0, arme: laserI => chance 20(5),  hit, shielded (2)
 - tir N0, arme: laserI => chance 20(5),  miss
 - tir N0, arme: laserI => chance 20(5),  miss
 - tir N0, arme: laserI => chance 20(5),  hit, shielded (2)
 - tir N0, arme: laserI => chance 20(5),  hit, shielded (2)
 - tir N0, arme: laserI => chance 20(5),  hit, shielded (2)
 - tir N0, arme: laserI => chance 20(5),  miss
 - tir N0, arme: canon à plasmaI => chance 50(5),  hit, degat (1)
 - tir N0, arme: canon à plasmaI => chance 50(5),  hit, degat (1)
 - tir N0, arme: canon à plasmaI => chance 50(5),  hit, degat (1)
 - tir N0, arme: canon à plasmaI => chance 50(5),  hit, degat (1)
 - tir N0, arme: canon à plasmaI => chance 50(5),  hit, degat (1)
 - tir N0, arme: canon à plasmaI => chance 50(5),  miss
 - tir N0, arme: canon à plasmaI => chance 50(5),  miss
 - tir N0, arme: canon à plasmaI => chance 50(5),  miss
 - tir N0, arme: canon à plasmaI => chance 50(5),  hit, degat (1)
 - tir N0, arme: canon à plasmaI => chance 50(5),  miss
[F5_3 VS F84_0]  C3 , tir vaisseau N°0/25 (Destroyer standard, race: 3) , attP: (x:21|y:16|z:0) , cible: Croiseur standard, deffP: (x:21|y:16|z:0), distance: 0
 - tir N0, arme: laserI => chance 20(5),  miss
 - tir N0, arme: laserI => chance 20(5),  miss
 - tir N0, arme: laserI => chance 20(5),  miss
 - tir N0, arme: laserI => chance 20(5),  hit, degat (1)
 - tir N0, arme: laserI => chance 20(5),  miss
 - tir N0, arme: laserI => chance 20(5),  miss
 - tir N0, arme: laserI => chance 20(5),  miss
 - tir N0, arme: laserI => chance 20(5),  miss
 - tir N0, arme: laserI => chance 20(5),  miss
 - tir N0, arme: laserI => chance 20(5),  miss
 - tir N0, arme: canon à plasmaI => chance 50(5),  hit, degat (1)
 - tir N0, arme: canon à plasmaI => chance 50(5),  hit, degat (1)
 - tir N0, arme: canon à plasmaI => chance 50(5),  miss
 - tir N0, arme: canon à plasmaI => chance 50(5),  hit, degat (1)
 - tir N0, arme: canon à plasmaI => chance 50(5),  hit, degat (1)
 - tir N0, arme: canon à plasmaI => chance 50(5),  hit, degat (1)
 - tir N0, arme: canon à plasmaI => chance 50(5),  miss
 - tir N0, arme: canon à plasmaI => chance 50(5),  hit, degat (1)
 - tir N0, arme: canon à plasmaI => chance 50(5),  miss
 - tir N0, arme: canon à plasmaI => chance 50(5),  miss
[F5_3 VS F84_0]  C3 , tir vaisseau N°0/0 (Intercepteur standard, race: 3) , attP: (x:63|y:1020|z:9) , cible: Bombardier standard, deffP: (x:63|y:1020|z:9), distance: 0
 - tir N0, arme: laserI => chance 50(5),  miss
[F5_3 VS F84_0]  C3 , tir vaisseau N°0/15 (Fregate standard, race: 3) , attP: (x:21|y:1020|z:37) , cible: Supercroiseur standard, deffP: (x:21|y:1020|z:37), distance: 0
 - tir N0, arme: canon à plasmaI => chance 50(5),  hit, degat (1)
 - tir N0, arme: canon à plasmaI => chance 50(5),  hit, degat (1)
 - tir N0, arme: canon à plasmaI => chance 50(5),  hit, degat (1)
 - tir N0, arme: canon à plasmaI => chance 50(5),  hit, degat (1)
 - tir N0, arme: canon à plasmaI => chance 50(5),  miss
 - tir N0, arme: canon à plasmaI => chance 50(5),  miss
 - tir N0, arme: canon à plasmaI => chance 50(5),  hit, degat (1)
 - tir N0, arme: canon à plasmaI => chance 50(5),  miss
 - tir N0, arme: canon à plasmaI => chance 50(5),  miss
 - tir N0, arme: canon à plasmaI => chance 50(5),  hit, degat (1)
[F5_3 VS F84_0]  C3 , tir vaisseau N°0/15 (Fregate standard, race: 3) , attP: (x:63|y:1020|z:9) , cible: Bombardier standard, deffP: (x:63|y:1020|z:9), distance: 0
 - tir N0, arme: canon à plasmaI => chance 40(5),  miss
 - tir N0, arme: canon à plasmaI => chance 40(5),  miss
 - tir N0, arme: canon à plasmaI => chance 40(5),  miss
 - tir N0, arme: canon à plasmaI => chance 40(5),  miss
 - tir N0, arme: canon à plasmaI => chance 40(5),  hit, degat (1)
 - tir N0, arme: canon à plasmaI => chance 40(5),  miss
 - tir N0, arme: canon à plasmaI => chance 40(5),  miss
 - tir N0, arme: canon à plasmaI => chance 40(5),  hit, degat (1)
 - tir N0, arme: canon à plasmaI => chance 40(5),  miss
 - tir N0, arme: canon à plasmaI => chance 40(5),  miss
[F5_3 VS F84_0]  C3 , tir vaisseau N°0/3 (Torpilleur standard, race: 3) , attP: (x:21|y:1020|z:37) , cible: Supercroiseur standard, deffP: (x:21|y:1020|z:37), distance: 0
 - tir N0, arme: lance-torpilleI => chance 26(6),  hit, degat (2)
 - tir N0, arme: lance-torpilleI => chance 26(6),  miss
 - tir N0, arme: lance-torpilleI => chance 26(6),  miss
 - tir N0, arme: lance-torpilleI => chance 26(6),  miss
[F5_3 VS F84_0]  C3 , tir vaisseau N°0/3 (Torpilleur standard, race: 3) , attP: (x:21|y:16|z:0) , cible: Croiseur standard, deffP: (x:21|y:16|z:0), distance: 0
 - tir N0, arme: lance-torpilleI => chance 26(6),  miss
 - tir N0, arme: lance-torpilleI => chance 26(6),  miss
 - tir N0, arme: lance-torpilleI => chance 26(6),  miss
 - tir N0, arme: lance-torpilleI => chance 26(6),  miss
[F5_3 VS F84_0]  C3 , tir vaisseau N°0/3 (Torpilleur standard, race: 3) , attP: (x:21|y:1020|z:37) , cible: Supercroiseur standard, deffP: (x:21|y:1020|z:37), distance: 0
 - tir N0, arme: lance-torpilleI => chance 26(6),  miss
 - tir N0, arme: lance-torpilleI => chance 26(6),  miss
 - tir N0, arme: lance-torpilleI => chance 26(6),  hit, degat (2)
 - tir N0, arme: lance-torpilleI => chance 26(6),  miss
[F5_3 VS F84_0]  C3 , tir vaisseau N°0/3 (Torpilleur standard, race: 3) , attP: (x:21|y:1020|z:37) , cible: Supercroiseur standard, deffP: (x:21|y:1020|z:37), distance: 0
 - tir N0, arme: lance-torpilleI => chance 25(5),  miss
 - tir N0, arme: lance-torpilleI => chance 25(5),  miss
 - tir N0, arme: lance-torpilleI => chance 25(5),  miss
 - tir N0, arme: lance-torpilleI => chance 25(5),  miss
[F5_3 VS F84_0]  C0 , tir vaisseau N°0/63 (Supercroiseur standard, race: 5) , attP: (x:21|y:1020|z:37) , cible: Fregate standard, deffP: (x:21|y:1020|z:37), distance: 0
 - tir N0, arme: laserI => chance 30(5),  miss
 - tir N0, arme: laserI => chance 30(5),  hit, shielded (2)
 - tir N0, arme: laserI => chance 30(5),  hit, shielded (2)
 - tir N0, arme: laserI => chance 30(5),  hit, shielded (2)
 - tir N0, arme: laserI => chance 30(5),  hit, shielded (2)
 - tir N0, arme: laserI => chance 30(5),  hit, shielded (2)
 - tir N0, arme: laserI => chance 30(5),  hit, degat (1)
 - tir N0, arme: laserI => chance 30(5),  miss
 - tir N0, arme: laserI => chance 30(5),  hit, degat (1)
 - tir N0, arme: laserI => chance 30(5),  hit, degat (1)
 - tir N0, arme: laserI => chance 30(5),  miss
 - tir N0, arme: laserI => chance 30(5),  hit, degat (1)
 - tir N0, arme: laserI => chance 30(5),  miss
 - tir N0, arme: laserI => chance 30(5),  miss
 - tir N0, arme: laserI => chance 30(5),  hit, degat (1)
 - tir N0, arme: laserI => chance 30(5),  miss
 - tir N0, arme: laserI => chance 30(5),  miss
 - tir N0, arme: canon à plasmaI => chance 50(5),  miss
 - tir N0, arme: canon à plasmaI => chance 50(5),  miss
 - tir N0, arme: canon à plasmaI => chance 50(5),  miss
 - tir N0, arme: canon à plasmaI => chance 50(5),  miss
 - tir N0, arme: canon à plasmaI => chance 50(5),  hit, degat (1)
 - tir N0, arme: canon à plasmaI => chance 50(5),  hit, degat (1)
 - tir N0, arme: canon à plasmaI => chance 50(5),  miss
 - tir N0, arme: canon à plasmaI => chance 50(5),  hit, degat (1)
 - tir N0, arme: canon à plasmaI => chance 50(5),  hit, degat (1)
 - tir N0, arme: canon à plasmaI => chance 50(5),  miss
 - tir N0, arme: canon à plasmaI => chance 50(5),  miss
 - tir N0, arme: canon à plasmaI => chance 50(5),  hit, degat (1)
 - tir N0, arme: canon à plasmaI => chance 50(5),  hit, degat (1)
 - tir N0, arme: canon à plasmaI => chance 50(5),  hit, degat (1)
 - tir N0, arme: canon à plasmaI => chance 50(5),  miss
 - tir N0, arme: canon à plasmaI => chance 50(5),  hit, degat (1)
 - tir N0, arme: canon à plasmaI => chance 50(5),  hit, degat (1)
 - tir N0, arme: canon à plasmaI => chance 50(5),  miss
 - tir N0, arme: canon à plasmaI => chance 50(5),  hit, degat (1)
 - tir N0, arme: canon à plasmaI => chance 50(5),  hit, degat (1)
 - tir N0, arme: lance-torpilleI => chance 15(5),  miss
 - tir N0, arme: lance-torpilleI => chance 15(5),  miss
 - tir N0, arme: lance-torpilleI => chance 15(5),  miss
 - tir N0, arme: lance-torpilleI => chance 15(5),  hit, degat (2)
 - tir N0, arme: lance-torpilleI => chance 15(5),  miss
 - tir N0, arme: lance-torpilleI => chance 15(5),  miss
 - tir N0, arme: lance-torpilleI => chance 15(5),  miss
 - tir N0, arme: lance-torpilleI => chance 15(5),  miss
 - tir N0, arme: lance-torpilleI => chance 15(5),  hit, degat (2)
 - tir N0, arme: lance-torpilleI => chance 15(5),  hit, degat (2)
 - tir N0, arme: lance-torpilleI => chance 15(5),  miss
[F5_3 VS F84_0]  C3 , tir vaisseau N°0/15 (Fregate standard, race: 3) , attP: (x:21|y:1020|z:37) , cible: Supercroiseur standard, deffP: (x:21|y:1020|z:37), distance: 0
 - tir N0, arme: canon à plasmaI => chance 50(5),  hit, degat (1)
 - tir N0, arme: canon à plasmaI => chance 50(5),  miss
 - tir N0, arme: canon à plasmaI => chance 50(5),  miss
 - tir N0, arme: canon à plasmaI => chance 50(5),  hit, degat (1)
 - tir N0, arme: canon à plasmaI => chance 50(5),  hit, degat (1)
 - tir N0, arme: canon à plasmaI => chance 50(5),  hit, degat (1)
 - tir N0, arme: canon à plasmaI => chance 50(5),  hit, degat (1)
 - tir N0, arme: canon à plasmaI => chance 50(5),  hit, degat (1)
 - tir N0, arme: canon à plasmaI => chance 50(5),  hit, degat (1)
 - tir N0, arme: canon à plasmaI => chance 50(5),  hit, degat (1)
[F5_3 VS F84_0]  C3 , tir vaisseau N°0/3 (Torpilleur standard, race: 3) , attP: (x:21|y:1020|z:37) , cible: Supercroiseur standard, deffP: (x:21|y:1020|z:37), distance: 0
 - tir N0, arme: lance-torpilleI => chance 25(5),  miss
 - tir N0, arme: lance-torpilleI => chance 25(5),  miss
 - tir N0, arme: lance-torpilleI => chance 25(5),  hit, degat (2)
 - tir N0, arme: lance-torpilleI => chance 25(5),  miss
[F5_3 VS F84_0]  C3 , tir vaisseau N°0/3 (Torpilleur standard, race: 3) , attP: (x:63|y:1020|z:9) , cible: Bombardier standard, deffP: (x:63|y:1020|z:9), distance: 0
 - tir N0, arme: lance-torpilleI => chance 7(5),  miss
 - tir N0, arme: lance-torpilleI => chance 7(5),  miss
 - tir N0, arme: lance-torpilleI => chance 7(5),  miss
 - tir N0, arme: lance-torpilleI => chance 7(5),  miss
[F5_3 VS F84_0]  C3 , tir vaisseau N°0/63 (Supercroiseur standard, race: 3) , attP: (x:21|y:1020|z:37) , cible: Supercroiseur standard, deffP: (x:21|y:1020|z:37), distance: 0
 - tir N0, arme: laserI => chance 20(5),  hit, degat (1)
 - tir N0, arme: laserI => chance 20(5),  miss
 - tir N0, arme: laserI => chance 20(5),  miss
 - tir N0, arme: laserI => chance 20(5),  hit, degat (1)
 - tir N0, arme: laserI => chance 20(5),  miss
 - tir N0, arme: laserI => chance 20(5),  hit, degat (1)
 - tir N0, arme: laserI => chance 20(5),  miss
 - tir N0, arme: laserI => chance 20(5),  hit, degat (1)
 - tir N0, arme: laserI => chance 20(5),  miss
 - tir N0, arme: laserI => chance 20(5),  hit, degat (1)
 - tir N0, arme: laserI => chance 20(5),  hit, degat (1)
 - tir N0, arme: laserI => chance 20(5),  miss
 - tir N0, arme: laserI => chance 20(5),  miss
 - tir N0, arme: laserI => chance 20(5),  miss
 - tir N0, arme: laserI => chance 20(5),  miss
 - tir N0, arme: laserI => chance 20(5),  miss
 - tir N0, arme: laserI => chance 20(5),  miss
 - tir N0, arme: laserI => chance 20(5),  miss
 - tir N0, arme: laserI => chance 20(5),  miss
 - tir N0, arme: laserI => chance 20(5),  hit, degat (1)
 - tir N0, arme: canon à plasmaI => chance 50(5),  miss
 - tir N0, arme: canon à plasmaI => chance 50(5),  hit, degat (1)
 - tir N0, arme: canon à plasmaI => chance 50(5),  miss
 - tir N0, arme: canon à plasmaI => chance 50(5),  hit, degat (1)
 - tir N0, arme: canon à plasmaI => chance 50(5),  miss
 - tir N0, arme: canon à plasmaI => chance 50(5),  miss
 - tir N0, arme: canon à plasmaI => chance 50(5),  miss
 - tir N0, arme: canon à plasmaI => chance 50(5),  miss
 - tir N0, arme: canon à plasmaI => chance 50(5),  miss
 - tir N0, arme: canon à plasmaI => chance 50(5),  miss
 - tir N0, arme: canon à plasmaI => chance 50(5),  hit, degat (1)
 - tir N0, arme: canon à plasmaI => chance 50(5),  miss
 - tir N0, arme: canon à plasmaI => chance 50(5),  miss
 - tir N0, arme: canon à plasmaI => chance 50(5),  hit, degat (1)
 - tir N0, arme: canon à plasmaI => chance 50(5),  hit, degat (1)
 - tir N0, arme: canon à plasmaI => chance 50(5),  miss
 - tir N0, arme: canon à plasmaI => chance 50(5),  hit, degat (1)
 - tir N0, arme: canon à plasmaI => chance 50(5),  miss
 - tir N0, arme: canon à plasmaI => chance 50(5),  hit, degat (1)
 - tir N0, arme: canon à plasmaI => chance 50(5),  hit, degat (1)
 - tir N0, arme: lance-torpilleI => chance 25(5),  miss
 - tir N0, arme: lance-torpilleI => chance 25(5),  hit, degat (2)
 - tir N0, arme: lance-torpilleI => chance 25(5),  miss
 - tir N0, arme: lance-torpilleI => chance 25(5),  miss
 - tir N0, arme: lance-torpilleI => chance 25(5),  miss
 - tir N0, arme: lance-torpilleI => chance 25(5),  hit, degat (2)
 - tir N0, arme: lance-torpilleI => chance 25(5),  miss
 - tir N0, arme: lance-torpilleI => chance 25(5),  miss
 - tir N0, arme: lance-torpilleI => chance 25(5),  miss
 - tir N0, arme: lance-torpilleI => chance 25(5),  miss
 - tir N0, arme: lance-torpilleI => chance 25(5),  hit, degat (2)
 - tir N0, arme: lance-torpilleI => chance 25(5),  miss
 - tir N0, arme: lance-torpilleI => chance 25(5),  hit, degat (2)
 - tir N0, arme: lance-torpilleI => chance 25(5),  miss
 - tir N0, arme: lance-torpilleI => chance 25(5),  miss
 - tir N0, arme: lance-torpilleI => chance 25(5),  hit, degat (2)
 - tir N0, arme: lance-torpilleI => chance 25(5),  hit, degat (2)
 - tir N0, arme: lance-torpilleI => chance 25(5),  miss
 - tir N0, arme: lance-torpilleI => chance 25(5),  hit, degat (2)
 - tir N0, arme: lance-torpilleI => chance 25(5),  miss
[F5_3 VS F84_0]  C0 , tir vaisseau N°0/3 (Bombardier standard, race: 5) , attP: (x:63|y:1020|z:9) , cible: Destroyer standard, deffP: (x:21|y:1020|z:37), distance: 42
 - pas darmes valides
[F5_3 VS F84_0]  C3 , tir vaisseau N°0/63 (Croiseur standard, race: 3) , attP: (x:21|y:1020|z:36) , cible: Supercroiseur standard, deffP: (x:21|y:1020|z:37), distance: 1
 - tir N0, arme: canon à plasmaI => chance 46(5),  hit, degat (1)
 - tir N0, arme: canon à plasmaI => chance 46(5),  hit, degat (1)
 - tir N0, arme: canon à plasmaI => chance 46(5),  hit, degat (1)
 - tir N0, arme: canon à plasmaI => chance 46(5),  hit, degat (1)
 - tir N0, arme: canon à plasmaI => chance 46(5),  miss
 - tir N0, arme: canon à plasmaI => chance 46(5),  hit, degat (1)
 - tir N0, arme: canon à plasmaI => chance 46(5),  hit, degat (1)
 - tir N0, arme: canon à plasmaI => chance 46(5),  hit, degat (1)
 - tir N0, arme: canon à plasmaI => chance 46(5),  miss
 - tir N0, arme: missileI => chance 42(5),  hit, degat (1)
 - tir N0, arme: missileI => chance 42(5),  miss
 - tir N0, arme: missileI => chance 42(5),  miss
 - tir N0, arme: missileI => chance 42(5),  miss
 - tir N0, arme: missileI => chance 42(5),  miss
 - tir N0, arme: missileI => chance 42(5),  miss
 - tir N0, arme: missileI => chance 42(5),  miss
 - tir N0, arme: lance-torpilleI => chance 24(5),  hit, degat (2)
 - tir N0, arme: lance-torpilleI => chance 24(5),  miss
 - tir N0, arme: lance-torpilleI => chance 24(5),  miss
 - tir N0, arme: lance-torpilleI => chance 24(5),  miss
 - tir N0, arme: lance-torpilleI => chance 24(5),  miss
 - tir N0, arme: lance-torpilleI => chance 24(5),  miss
 - tir N0, arme: lance-torpilleI => chance 24(5),  hit, degat (2)
[F5_3 VS F84_0]  C0 , tir vaisseau N°0/63 (Croiseur standard, race: 5) , attP: (x:21|y:16|z:0) , cible: Intercepteur standard, deffP: (x:21|y:16|z:0), distance: 0
 - pas darmes valides
FIN DE TOUR: F1  32, F2 : 159
TOUR DE COMBAT 4
[F5_3 VS F84_0]  C3 , tir vaisseau N°0/3 (Chasseur standard, race: 3) , attP: (x:21|y:1020|z:37) , cible: Supercroiseur standard, deffP: (x:21|y:1020|z:37), distance: 0
 - tir N0, arme: laserI => chance 21(6),  hit, degat (1)
 - tir N0, arme: laserI => chance 21(6),  hit, degat (1)
 - tir N0, arme: laserI => chance 21(6),  miss
 - tir N0, arme: laserI => chance 21(6),  miss
[F5_3 VS F84_0]  C3 , tir vaisseau N°0/3 (Chasseur standard, race: 3) , attP: (x:21|y:1020|z:37) , cible: Supercroiseur standard, deffP: (x:21|y:1020|z:37), distance: 0
 - tir N0, arme: laserI => chance 21(6),  miss
 - tir N0, arme: laserI => chance 21(6),  hit, degat (1)
 - tir N0, arme: laserI => chance 21(6),  miss
 - tir N0, arme: laserI => chance 21(6),  hit, degat (1)
[F5_3 VS F84_0]  C3 , tir vaisseau N°0/3 (Chasseur standard, race: 3) , attP: (x:23|y:1020|z:9) , cible: Bombardier standard, deffP: (x:23|y:1020|z:9), distance: 0
 - tir N0, arme: laserI => chance 51(6),  miss
 - tir N0, arme: laserI => chance 51(6),  hit, degat (1)
 - tir N0, arme: laserI => chance 51(6),  hit, degat (1), cible detruire
[F5_3 VS F84_0]  C3 , tir vaisseau N°0/25 (Destroyer standard, race: 3) , attP: (x:23|y:1020|z:9) 
[F5_3 VS F84_0]  C3 , tir vaisseau N°0/15 (Fregate standard, race: 3) , attP: (x:21|y:1020|z:37) , cible: Supercroiseur standard, deffP: (x:21|y:1020|z:37), distance: 0
 - tir N0, arme: canon à plasmaI => chance 50(5),  miss
 - tir N0, arme: canon à plasmaI => chance 50(5),  hit, degat (1)
 - tir N0, arme: canon à plasmaI => chance 50(5),  miss
 - tir N0, arme: canon à plasmaI => chance 50(5),  miss
 - tir N0, arme: canon à plasmaI => chance 50(5),  hit, degat (1)
 - tir N0, arme: canon à plasmaI => chance 50(5),  miss
 - tir N0, arme: canon à plasmaI => chance 50(5),  miss
 - tir N0, arme: canon à plasmaI => chance 50(5),  miss
 - tir N0, arme: canon à plasmaI => chance 50(5),  miss
 - tir N0, arme: canon à plasmaI => chance 50(5),  miss
[F5_3 VS F84_0]  C3 , tir vaisseau N°0/25 (Destroyer standard, race: 3) , attP: (x:23|y:1020|z:8) 
[F5_3 VS F84_0]  C3 , tir vaisseau N°0/3 (Chasseur standard, race: 3) , attP: (x:21|y:1020|z:0) , cible: Croiseur standard, deffP: (x:21|y:1020|z:0), distance: 0
 - tir N0, arme: laserI => chance 21(6),  miss
 - tir N0, arme: laserI => chance 21(6),  miss
 - tir N0, arme: laserI => chance 21(6),  miss
 - tir N0, arme: laserI => chance 21(6),  hit, degat (1)
[F5_3 VS F84_0]  C3 , tir vaisseau N°0/3 (Chasseur standard, race: 3) , attP: (x:21|y:1020|z:37) , cible: Supercroiseur standard, deffP: (x:21|y:1020|z:37), distance: 0
 - tir N0, arme: laserI => chance 21(6),  miss
 - tir N0, arme: laserI => chance 21(6),  miss
 - tir N0, arme: laserI => chance 21(6),  miss
 - tir N0, arme: laserI => chance 21(6),  miss
[F5_3 VS F84_0]  C3 , tir vaisseau N°0/3 (Chasseur standard, race: 3) , attP: (x:21|y:1020|z:37) , cible: Supercroiseur standard, deffP: (x:21|y:1020|z:37), distance: 0
 - tir N0, arme: laserI => chance 20(5),  miss
 - tir N0, arme: laserI => chance 20(5),  miss
 - tir N0, arme: laserI => chance 20(5),  hit, degat (1)
 - tir N0, arme: laserI => chance 20(5),  miss
[F5_3 VS F84_0]  C3 , tir vaisseau N°0/0 (Intercepteur standard, race: 3) , attP: (x:21|y:1020|z:37) , cible: Supercroiseur standard, deffP: (x:21|y:1020|z:37), distance: 0
 - tir N0, arme: laserI => chance 20(5),  miss
[F5_3 VS F84_0]  C3 , tir vaisseau N°0/3 (Torpilleur standard, race: 3) , attP: (x:23|y:1020|z:9) 
[F5_3 VS F84_0]  C3 , tir vaisseau N°0/0 (Intercepteur standard, race: 3) , attP: (x:21|y:1020|z:37) , cible: Supercroiseur standard, deffP: (x:21|y:1020|z:37), distance: 0
 - tir N0, arme: laserI => chance 20(5),  miss
[F5_3 VS F84_0]  C3 , tir vaisseau N°0/0 (Intercepteur standard, race: 3) , attP: (x:23|y:1020|z:9) 
[F5_3 VS F84_0]  C3 , tir vaisseau N°0/3 (Torpilleur standard, race: 3) , attP: (x:21|y:1020|z:37) , cible: Supercroiseur standard, deffP: (x:21|y:1020|z:37), distance: 0
 - tir N0, arme: lance-torpilleI => chance 25(5),  miss
 - tir N0, arme: lance-torpilleI => chance 25(5),  miss
 - tir N0, arme: lance-torpilleI => chance 25(5),  miss
 - tir N0, arme: lance-torpilleI => chance 25(5),  miss
[F5_3 VS F84_0]  C3 , tir vaisseau N°0/15 (Fregate standard, race: 3) , attP: (x:21|y:1020|z:37) , cible: Supercroiseur standard, deffP: (x:21|y:1020|z:37), distance: 0
 - tir N0, arme: canon à plasmaI => chance 50(5),  miss
 - tir N0, arme: canon à plasmaI => chance 50(5),  hit, degat (1)
 - tir N0, arme: canon à plasmaI => chance 50(5),  miss
 - tir N0, arme: canon à plasmaI => chance 50(5),  miss
 - tir N0, arme: canon à plasmaI => chance 50(5),  miss
 - tir N0, arme: canon à plasmaI => chance 50(5),  hit, degat (1)
 - tir N0, arme: canon à plasmaI => chance 50(5),  miss
 - tir N0, arme: canon à plasmaI => chance 50(5),  miss
 - tir N0, arme: canon à plasmaI => chance 50(5),  hit, degat (1)
 - tir N0, arme: canon à plasmaI => chance 50(5),  hit, degat (1)
[F5_3 VS F84_0]  C3 , tir vaisseau N°0/3 (Torpilleur standard, race: 3) , attP: (x:21|y:1020|z:37) , cible: Supercroiseur standard, deffP: (x:21|y:1020|z:37), distance: 0
 - tir N0, arme: lance-torpilleI => chance 25(5),  hit, degat (2)
 - tir N0, arme: lance-torpilleI => chance 25(5),  miss
 - tir N0, arme: lance-torpilleI => chance 25(5),  miss
 - tir N0, arme: lance-torpilleI => chance 25(5),  miss
[F5_3 VS F84_0]  C3 , tir vaisseau N°0/25 (Destroyer standard, race: 3) , attP: (x:23|y:1020|z:9) 
[F5_3 VS F84_0]  C3 , tir vaisseau N°0/3 (Torpilleur standard, race: 3) , attP: (x:21|y:1020|z:37) , cible: Supercroiseur standard, deffP: (x:21|y:1020|z:37), distance: 0
 - tir N0, arme: lance-torpilleI => chance 26(6),  miss
 - tir N0, arme: lance-torpilleI => chance 26(6),  miss
 - tir N0, arme: lance-torpilleI => chance 26(6),  miss
 - tir N0, arme: lance-torpilleI => chance 26(6),  miss
[F5_3 VS F84_0]  C3 , tir vaisseau N°0/3 (Torpilleur standard, race: 3) , attP: (x:21|y:1020|z:37) , cible: Supercroiseur standard, deffP: (x:21|y:1020|z:37), distance: 0
 - tir N0, arme: lance-torpilleI => chance 25(5),  hit, degat (2)
 - tir N0, arme: lance-torpilleI => chance 26(6),  miss
 - tir N0, arme: lance-torpilleI => chance 26(6),  miss
 - tir N0, arme: lance-torpilleI => chance 26(6),  hit, degat (2)
[F5_3 VS F84_0]  C3 , tir vaisseau N°0/3 (Torpilleur standard, race: 3) , attP: (x:23|y:1020|z:9) 
[F5_3 VS F84_0]  C3 , tir vaisseau N°0/63 (Supercroiseur standard, race: 3) , attP: (x:23|y:1020|z:6) 
[F5_3 VS F84_0]  C3 , tir vaisseau N°0/15 (Fregate standard, race: 3) , attP: (x:21|y:1020|z:37) 
[F5_3 VS F84_0]  C0 , tir vaisseau N°0/63 (Supercroiseur standard, race: 5) , attP: (x:21|y:1020|z:37) , cible: Supercroiseur standard, deffP: (x:23|y:1020|z:6), distance: 31
 - tir N0, arme: laserI - chance < 0 , exit
 - tir N1, arme: laserI - chance < 0 , exit
 - tir N2, arme: canon à plasmaI - chance < 0 , exit
 - tir N3, arme: canon à plasmaI - chance < 0 , exit
 - tir N4, arme: canon à plasmaI - chance < 0 , exit
 - tir N5, arme: lance-torpilleI - chance < 0 , exit
[F5_3 VS F84_0]  C3 , tir vaisseau N°0/63 (Croiseur standard, race: 3) , attP: (x:21|y:1020|z:36) , cible: Supercroiseur standard, deffP: (x:21|y:1020|z:37), distance: 1
 - tir N0, arme: canon à plasmaI => chance 46(5),  hit, degat (1)
 - tir N0, arme: canon à plasmaI => chance 46(5),  miss
 - tir N0, arme: canon à plasmaI => chance 46(5),  miss
 - tir N0, arme: canon à plasmaI => chance 46(5),  hit, degat (1)
 - tir N0, arme: canon à plasmaI => chance 46(5),  miss
 - tir N0, arme: canon à plasmaI => chance 46(5),  hit, degat (1)
 - tir N0, arme: canon à plasmaI => chance 46(5),  hit, degat (1)
 - tir N0, arme: canon à plasmaI => chance 46(5),  miss
 - tir N0, arme: canon à plasmaI => chance 46(5),  hit, degat (1)
 - tir N0, arme: missileI => chance 42(5),  miss
 - tir N0, arme: missileI => chance 42(5),  miss
 - tir N0, arme: missileI => chance 42(5),  hit, degat (1)
 - tir N0, arme: missileI => chance 42(5),  miss
 - tir N0, arme: missileI => chance 42(5),  hit, degat (1)
 - tir N0, arme: missileI => chance 42(5),  hit, degat (1)
 - tir N0, arme: missileI => chance 42(5),  hit, degat (1)
 - tir N0, arme: lance-torpilleI => chance 24(5),  hit, degat (2)
 - tir N0, arme: lance-torpilleI => chance 24(5),  miss
 - tir N0, arme: lance-torpilleI => chance 24(5),  miss
 - tir N0, arme: lance-torpilleI => chance 24(5),  miss
 - tir N0, arme: lance-torpilleI => chance 24(5),  hit, degat (2)
 - tir N0, arme: lance-torpilleI => chance 24(5),  miss
 - tir N0, arme: lance-torpilleI => chance 24(5),  miss
[F5_3 VS F84_0]  C0 , tir vaisseau N°0/63 (Croiseur standard, race: 5) , attP: (x:21|y:1020|z:0) , cible: Supercroiseur standard, deffP: (x:23|y:1020|z:6), distance: 6
 - pas darmes valides
[F5_3 VS F84_0]  C0 , tir vaisseau N°0/3 (Bombardier standard, race: 5) , attP: (x:23|y:1020|z:9) 
FIN DE TOUR: F1  32, F2 : 192
TOUR DE COMBAT 5
[F5_3 VS F84_0]  C3 , tir vaisseau N°0/3 (Chasseur standard, race: 3) , attP: (x:21|y:1020|z:56) , cible: Croiseur standard, deffP: (x:21|y:1020|z:56), distance: 0
 - tir N0, arme: laserI => chance 21(6),  miss
 - tir N0, arme: laserI => chance 21(6),  miss
 - tir N0, arme: laserI => chance 21(6),  hit, degat (1), cible detruire
[F5_3 VS F84_0]  C3 , tir vaisseau N°0/3 (Chasseur standard, race: 3) , attP: (x:21|y:1020|z:37) pas de cible
[F5_3 VS F84_0]  C3 , tir vaisseau N°0/3 (Chasseur standard, race: 3) , attP: (x:21|y:1020|z:37) , cible: Supercroiseur standard, deffP: (x:21|y:1020|z:37), distance: 0
 - tir N0, arme: laserI => chance 21(6),  hit, degat (1)
 - tir N0, arme: laserI => chance 21(6),  miss
 - tir N0, arme: laserI => chance 21(6),  miss
 - tir N0, arme: laserI => chance 21(6),  miss
[F5_3 VS F84_0]  C3 , tir vaisseau N°0/3 (Chasseur standard, race: 3) , attP: (x:21|y:1020|z:56) 
[F5_3 VS F84_0]  C3 , tir vaisseau N°0/3 (Chasseur standard, race: 3) , attP: (x:21|y:1020|z:37) , cible: Supercroiseur standard, deffP: (x:21|y:1020|z:37), distance: 0
 - tir N0, arme: laserI => chance 20(5),  miss
 - tir N0, arme: laserI => chance 20(5),  hit, degat (1)
 - tir N0, arme: laserI => chance 20(5),  miss
 - tir N0, arme: laserI => chance 20(5),  miss
[F5_3 VS F84_0]  C3 , tir vaisseau N°0/15 (Fregate standard, race: 3) , attP: (x:21|y:1020|z:37) , cible: Supercroiseur standard, deffP: (x:21|y:1020|z:37), distance: 0
 - tir N0, arme: canon à plasmaI => chance 50(5),  hit, degat (1)
 - tir N0, arme: canon à plasmaI => chance 50(5),  hit, degat (1)
 - tir N0, arme: canon à plasmaI => chance 50(5),  miss
 - tir N0, arme: canon à plasmaI => chance 50(5),  miss
 - tir N0, arme: canon à plasmaI => chance 50(5),  hit, degat (1)
 - tir N0, arme: canon à plasmaI => chance 50(5),  hit, degat (1)
 - tir N0, arme: canon à plasmaI => chance 50(5),  hit, degat (1)
 - tir N0, arme: canon à plasmaI => chance 50(5),  miss
 - tir N0, arme: canon à plasmaI => chance 50(5),  miss
 - tir N0, arme: canon à plasmaI => chance 50(5),  hit, degat (1)
[F5_3 VS F84_0]  C3 , tir vaisseau N°0/0 (Intercepteur standard, race: 3) , attP: (x:21|y:1020|z:56) 
[F5_3 VS F84_0]  C3 , tir vaisseau N°0/3 (Chasseur standard, race: 3) , attP: (x:21|y:1020|z:37) , cible: Supercroiseur standard, deffP: (x:21|y:1020|z:37), distance: 0
 - tir N0, arme: laserI => chance 21(6),  miss
 - tir N0, arme: laserI => chance 21(6),  miss
 - tir N0, arme: laserI => chance 21(6),  miss
 - tir N0, arme: laserI => chance 21(6),  miss
[F5_3 VS F84_0]  C3 , tir vaisseau N°0/0 (Intercepteur standard, race: 3) , attP: (x:21|y:1020|z:37) , cible: Supercroiseur standard, deffP: (x:21|y:1020|z:37), distance: 0
 - tir N0, arme: laserI => chance 20(5),  miss
[F5_3 VS F84_0]  C3 , tir vaisseau N°0/15 (Fregate standard, race: 3) , attP: (x:21|y:1020|z:37) , cible: Supercroiseur standard, deffP: (x:21|y:1020|z:37), distance: 0
 - tir N0, arme: canon à plasmaI => chance 50(5),  miss
 - tir N0, arme: canon à plasmaI => chance 50(5),  hit, degat (1)
 - tir N0, arme: canon à plasmaI => chance 50(5),  hit, degat (1)
 - tir N0, arme: canon à plasmaI => chance 50(5),  hit, degat (1)
 - tir N0, arme: canon à plasmaI => chance 50(5),  miss
 - tir N0, arme: canon à plasmaI => chance 50(5),  miss
 - tir N0, arme: canon à plasmaI => chance 50(5),  miss
 - tir N0, arme: canon à plasmaI => chance 50(5),  hit, degat (1)
 - tir N0, arme: canon à plasmaI => chance 50(5),  miss
 - tir N0, arme: canon à plasmaI => chance 50(5),  hit, degat (1)
[F5_3 VS F84_0]  C3 , tir vaisseau N°0/25 (Destroyer standard, race: 3) , attP: (x:21|y:1020|z:56) 
[F5_3 VS F84_0]  C3 , tir vaisseau N°0/0 (Intercepteur standard, race: 3) , attP: (x:21|y:1020|z:37) , cible: Supercroiseur standard, deffP: (x:21|y:1020|z:37), distance: 0
 - tir N0, arme: laserI => chance 20(5),  hit, degat (1), cible detruire
[F5_3 VS F84_0]  C3 , tir vaisseau N°0/25 (Destroyer standard, race: 3) , attP: (x:21|y:1020|z:56) 
[F5_3 VS F84_0]  C3 , tir vaisseau N°0/3 (Torpilleur standard, race: 3) , attP: (x:21|y:1020|z:37) 
[F5_3 VS F84_0]  C3 , tir vaisseau N°0/25 (Destroyer standard, race: 3) , attP: (x:21|y:1020|z:56) 
[F5_3 VS F84_0]  C3 , tir vaisseau N°0/3 (Torpilleur standard, race: 3) , attP: (x:21|y:1020|z:37) 
[F5_3 VS F84_0]  C3 , tir vaisseau N°0/3 (Torpilleur standard, race: 3) , attP: (x:21|y:1020|z:56) 
[F5_3 VS F84_0]  C3 , tir vaisseau N°0/3 (Torpilleur standard, race: 3) , attP: (x:21|y:1020|z:37) 
[F5_3 VS F84_0]  C3 , tir vaisseau N°0/3 (Torpilleur standard, race: 3) , attP: (x:21|y:1020|z:56) 
[F5_3 VS F84_0]  C3 , tir vaisseau N°0/63 (Supercroiseur standard, race: 3) , attP: (x:21|y:1020|z:56) 
[F5_3 VS F84_0]  C3 , tir vaisseau N°0/3 (Torpilleur standard, race: 3) , attP: (x:21|y:1020|z:37) 
[F5_3 VS F84_0]  C3 , tir vaisseau N°0/63 (Croiseur standard, race: 3) , attP: (x:21|y:1020|z:36) 
[F5_3 VS F84_0]  C0 , tir vaisseau N°0/63 (Supercroiseur standard, race: 5) , attP: (x:21|y:1020|z:37) 
[F5_3 VS F84_0]  C3 , tir vaisseau N°0/15 (Fregate standard, race: 3) , attP: (x:21|y:1020|z:37) 
[F5_3 VS F84_0]  C0 , tir vaisseau N°0/63 (Croiseur standard, race: 5) , attP: (x:21|y:1020|z:56) 
FIN DE TOUR: F1  32, F2 : 207
RESOLUTION COMBAT [F92_0 VS F13_4] 
TOUR DE COMBAT 1
[F92_0 VS F13_4]  C0 , tir vaisseau N°0/3 (Chasseur standard, race: 6) , attP: (x:31|y:1020|z:22) , cible: Bombardier standard, deffP: (x:31|y:1020|z:16), distance: 6
 - tir N0, arme: laserI => chance 114(100),  hit, degat (1)
 - tir N0, arme: laserI => chance 114(100),  hit, degat (1)
 - tir N0, arme: laserI => chance 115(101),  hit, degat (1)
 - tir N0, arme: laserI => chance 115(101),  hit, degat (1)
[F92_0 VS F13_4]  C0 , tir vaisseau N°0/3 (Chasseur standard, race: 6) , attP: (x:31|y:1020|z:16) , cible: Bombardier standard, deffP: (x:31|y:1020|z:16), distance: 0
 - tir N0, arme: laserI => chance 145(100),  hit, degat (1), cible detruire
[F92_0 VS F13_4]  C0 , tir vaisseau N°0/0 (Intercepteur standard, race: 6) , attP: (x:79|y:1020|z:4) , cible: Grand Bombardier standard, deffP: (x:79|y:1020|z:4), distance: 0
 - tir N0, arme: laserI => chance 145(100),  hit, degat (1)
[F92_0 VS F13_4]  C0 , tir vaisseau N°0/15 (Fregate standard, race: 6) , attP: (x:37|y:1020|z:9) 
[F92_0 VS F13_4]  C0 , tir vaisseau N°0/63 (Supercroiseur standard, race: 6) , attP: (x:31|y:1020|z:22) 
[F92_0 VS F13_4]  C0 , tir vaisseau N°0/63 (Supercroiseur standard, race: 6) , attP: (x:21|y:-2|z:-2) pas de cible
[F92_0 VS F13_4]  C0 , tir vaisseau N°0/3 (Torpilleur standard, race: 6) , attP: (x:31|y:1020|z:16) 
[F92_0 VS F13_4]  C0 , tir vaisseau N°0/3 (Torpilleur standard, race: 6) , attP: (x:31|y:1020|z:22) 
[F92_0 VS F13_4]  C0 , tir vaisseau N°0/3 (Torpilleur standard, race: 6) , attP: (x:31|y:1020|z:14) 
[F92_0 VS F13_4]  C4 , tir vaisseau N°0/3 (Grand Bombardier standard, race: 4) , attP: (x:79|y:1020|z:4) , cible: Fregate standard, deffP: (x:37|y:1020|z:9), distance: 42
 - pas darmes valides
[F92_0 VS F13_4]  C4 , tir vaisseau N°0/3 (Grand Bombardier standard, race: 4) , attP: (x:8|y:1020|z:56) , cible: Supercroiseur standard, deffP: (x:31|y:1020|z:22), distance: 34
 - pas darmes valides
[F92_0 VS F13_4]  C4 , tir vaisseau N°0/3 (Bombardier standard, race: 4) , attP: (x:31|y:1020|z:16) 
[F92_0 VS F13_4]  C0 , tir vaisseau N°0/3 (Grand Bombardier standard, race: 6) , attP: (x:29|y:21|z:12) 
[F92_0 VS F13_4]  C4 , tir vaisseau N°0/3 (Bombardier standard, race: 4) , attP: (x:95|y:1020|z:4) , cible: Supercroiseur standard, deffP: (x:31|y:1020|z:22), distance: 64
 - pas darmes valides
[F92_0 VS F13_4]  C0 , tir vaisseau N°0/7 (Colonisateur, race: 6) , attP: (x:-1|y:19|z:54) 
FIN DE TOUR: F1  0, F2 : 6
TOUR DE COMBAT 2
[F92_0 VS F13_4]  C0 , tir vaisseau N°0/3 (Chasseur standard, race: 6) , attP: (x:20|y:1020|z:28) , cible: Grand Bombardier standard, deffP: (x:20|y:1020|z:28), distance: 0
 - tir N0, arme: laserI => chance 146(101),  hit, degat (1)
 - tir N0, arme: laserI => chance 146(101),  hit, degat (1)
 - tir N0, arme: laserI => chance 146(101),  hit, degat (1)
 - tir N0, arme: laserI => chance 146(101),  hit, degat (1)
[F92_0 VS F13_4]  C0 , tir vaisseau N°0/3 (Chasseur standard, race: 6) , attP: (x:20|y:1020|z:28) , cible: Grand Bombardier standard, deffP: (x:20|y:1020|z:28), distance: 0
 - tir N0, arme: laserI => chance 145(100),  hit, degat (1)
 - tir N0, arme: laserI => chance 145(100),  hit, degat (1)
 - tir N0, arme: laserI => chance 145(100),  hit, degat (1)
 - tir N0, arme: laserI => chance 145(100),  hit, degat (1), cible detruire
[F92_0 VS F13_4]  C0 , tir vaisseau N°0/15 (Fregate standard, race: 6) , attP: (x:49|y:1020|z:-3) , cible: Grand Bombardier standard, deffP: (x:51|y:1020|z:-7), distance: 4
 - tir N0, arme: canon à plasmaI => chance 124(100),  hit, degat (1)
 - tir N0, arme: canon à plasmaI => chance 124(100),  hit, degat (1)
 - tir N0, arme: canon à plasmaI => chance 124(100),  hit, degat (1)
 - tir N0, arme: canon à plasmaI => chance 124(100),  hit, degat (1)
 - tir N0, arme: canon à plasmaI => chance 124(100),  hit, degat (1)
 - tir N0, arme: canon à plasmaI => chance 124(100),  hit, degat (1)
 - tir N0, arme: canon à plasmaI => chance 124(100),  hit, degat (1), cible detruire
[F92_0 VS F13_4]  C0 , tir vaisseau N°0/0 (Intercepteur standard, race: 6) , attP: (x:51|y:1020|z:-7) 
[F92_0 VS F13_4]  C0 , tir vaisseau N°0/3 (Torpilleur standard, race: 6) , attP: (x:20|y:1020|z:28) 
[F92_0 VS F13_4]  C0 , tir vaisseau N°0/3 (Torpilleur standard, race: 6) , attP: (x:20|y:1020|z:28) 
[F92_0 VS F13_4]  C4 , tir vaisseau N°0/3 (Grand Bombardier standard, race: 4) , attP: (x:20|y:1020|z:28) 
[F92_0 VS F13_4]  C0 , tir vaisseau N°0/63 (Supercroiseur standard, race: 6) , attP: (x:12|y:1020|z:56) 
[F92_0 VS F13_4]  C0 , tir vaisseau N°0/3 (Torpilleur standard, race: 6) , attP: (x:5|y:1020|z:56) 
[F92_0 VS F13_4]  C0 , tir vaisseau N°0/63 (Supercroiseur standard, race: 6) , attP: (x:40|y:1020|z:56) 
[F92_0 VS F13_4]  C4 , tir vaisseau N°0/3 (Bombardier standard, race: 4) , attP: (x:67|y:1020|z:32) , cible: Supercroiseur standard, deffP: (x:40|y:1020|z:56), distance: 27
 - pas darmes valides
[F92_0 VS F13_4]  C4 , tir vaisseau N°0/3 (Grand Bombardier standard, race: 4) , attP: (x:51|y:1020|z:-7) 
[F92_0 VS F13_4]  C0 , tir vaisseau N°0/3 (Grand Bombardier standard, race: 6) , attP: (x:1|y:33|z:75) 
[F92_0 VS F13_4]  C0 , tir vaisseau N°0/7 (Colonisateur, race: 6) , attP: (x:10|y:30|z:25) 
FIN DE TOUR: F1  0, F2 : 21
TOUR DE COMBAT 3
[F92_0 VS F13_4]  C0 , tir vaisseau N°0/3 (Chasseur standard, race: 6) , attP: (x:32|y:1020|z:2) , cible: Bombardier standard, deffP: (x:32|y:1020|z:4), distance: 2
 - tir N0, arme: laserI => chance 135(100),  hit, degat (1)
 - tir N0, arme: laserI => chance 135(100),  hit, degat (1)
 - tir N0, arme: laserI => chance 135(100),  hit, degat (1)
 - tir N0, arme: laserI => chance 135(100),  hit, degat (1)
[F92_0 VS F13_4]  C0 , tir vaisseau N°0/3 (Chasseur standard, race: 6) , attP: (x:20|y:1020|z:28) pas de cible
[F92_0 VS F13_4]  C0 , tir vaisseau N°0/0 (Intercepteur standard, race: 6) , attP: (x:36|y:1020|z:4) , cible: Bombardier standard, deffP: (x:32|y:1020|z:4), distance: 4
 - tir N0, arme: laserI => chance 124(100),  hit, degat (1), cible detruire
[F92_0 VS F13_4]  C0 , tir vaisseau N°0/15 (Fregate standard, race: 6) , attP: (x:37|y:1020|z:4) 
[F92_0 VS F13_4]  C0 , tir vaisseau N°0/3 (Torpilleur standard, race: 6) , attP: (x:32|y:1020|z:4) 
[F92_0 VS F13_4]  C0 , tir vaisseau N°0/63 (Supercroiseur standard, race: 6) , attP: (x:32|y:1020|z:25) 
[F92_0 VS F13_4]  C0 , tir vaisseau N°0/3 (Torpilleur standard, race: 6) , attP: (x:32|y:1020|z:2) 
[F92_0 VS F13_4]  C0 , tir vaisseau N°0/63 (Supercroiseur standard, race: 6) , attP: (x:3|y:1020|z:25) 
[F92_0 VS F13_4]  C0 , tir vaisseau N°0/7 (Colonisateur, race: 6) , attP: (x:-27|y:1|z:-15) 
[F92_0 VS F13_4]  C0 , tir vaisseau N°0/3 (Torpilleur standard, race: 6) , attP: (x:32|y:1020|z:2) 
[F92_0 VS F13_4]  C0 , tir vaisseau N°0/3 (Grand Bombardier standard, race: 6) , attP: (x:89|y:5|z:42) 
[F92_0 VS F13_4]  C4 , tir vaisseau N°0/3 (Bombardier standard, race: 4) , attP: (x:32|y:1020|z:4) 
FIN DE TOUR: F1  0, F2 : 26
RESOLUTION COMBAT [F92_0 VS F14_4] 
TOUR DE COMBAT 1
[F92_0 VS F14_4]  C0 , tir vaisseau N°0/0 (Intercepteur standard, race: 6) , attP: (x:10|y:1020|z:10) , cible: Grand Bombardier standard, deffP: (x:48|y:1020|z:10), distance: 38
 - tir N0, arme: laserI - chance < 0 , exit
[F92_0 VS F14_4]  C0 , tir vaisseau N°0/3 (Chasseur standard, race: 6) , attP: (x:38|y:1020|z:-49) , cible: Grand Bombardier standard, deffP: (x:-41|y:1020|z:-49), distance: 79
 - tir N0, arme: laserI - chance < 0 , exit
 - tir N1, arme: laserI - chance < 0 , exit
 - tir N2, arme: laserI - chance < 0 , exit
 - tir N3, arme: laserI - chance < 0 , exit
[F92_0 VS F14_4]  C0 , tir vaisseau N°0/3 (Chasseur standard, race: 6) , attP: (x:-41|y:1020|z:-49) , cible: Grand Bombardier standard, deffP: (x:-41|y:1020|z:-49), distance: 0
 - tir N0, arme: laserI => chance 145(100),  hit, degat (1)
 - tir N0, arme: laserI => chance 145(100),  hit, degat (1)
 - tir N0, arme: laserI => chance 145(100),  hit, degat (1)
 - tir N0, arme: laserI => chance 145(100),  hit, degat (1)
[F92_0 VS F14_4]  C0 , tir vaisseau N°0/15 (Fregate standard, race: 6) , attP: (x:30|y:1020|z:-49) , cible: Grand Bombardier standard, deffP: (x:-41|y:1020|z:-49), distance: 71
 - tir N0, arme: canon à plasmaI - chance < 0 , exit
 - tir N1, arme: canon à plasmaI - chance < 0 , exit
 - tir N2, arme: canon à plasmaI - chance < 0 , exit
 - tir N3, arme: canon à plasmaI - chance < 0 , exit
 - tir N4, arme: canon à plasmaI - chance < 0 , exit
 - tir N5, arme: canon à plasmaI - chance < 0 , exit
 - tir N6, arme: canon à plasmaI - chance < 0 , exit
 - tir N7, arme: canon à plasmaI - chance < 0 , exit
 - tir N8, arme: canon à plasmaI - chance < 0 , exit
 - tir N9, arme: canon à plasmaI - chance < 0 , exit
[F92_0 VS F14_4]  C0 , tir vaisseau N°0/3 (Torpilleur standard, race: 6) , attP: (x:-41|y:1020|z:-49) , cible: Grand Bombardier standard, deffP: (x:-41|y:1020|z:-49), distance: 0
 - tir N0, arme: lance-torpilleI => chance 102(100),  hit, degat (2)
 - tir N0, arme: lance-torpilleI => chance 102(100),  hit, degat (2), cible detruire
[F92_0 VS F14_4]  C0 , tir vaisseau N°0/63 (Supercroiseur standard, race: 6) , attP: (x:29|y:1020|z:12) 
[F92_0 VS F14_4]  C0 , tir vaisseau N°0/3 (Torpilleur standard, race: 6) , attP: (x:35|y:1020|z:-49) 
[F92_0 VS F14_4]  C0 , tir vaisseau N°0/63 (Supercroiseur standard, race: 6) , attP: (x:-41|y:1020|z:15) 
[F92_0 VS F14_4]  C4 , tir vaisseau N°0/3 (Grand Bombardier standard, race: 4) , attP: (x:-41|y:1020|z:-49) 
[F92_0 VS F14_4]  C0 , tir vaisseau N°0/3 (Torpilleur standard, race: 6) , attP: (x:11|y:21|z:-7) 
[F92_0 VS F14_4]  C0 , tir vaisseau N°0/3 (Grand Bombardier standard, race: 6) , attP: (x:30|y:18|z:-3) 
[F92_0 VS F14_4]  C4 , tir vaisseau N°0/3 (Bombardier standard, race: 4) , attP: (x:14|y:1020|z:-52) , cible: Supercroiseur standard, deffP: (x:-41|y:1020|z:15), distance: 67
 - pas darmes valides
[F92_0 VS F14_4]  C0 , tir vaisseau N°0/7 (Colonisateur, race: 6) , attP: (x:7|y:24|z:74) 
[F92_0 VS F14_4]  C4 , tir vaisseau N°0/3 (Bombardier standard, race: 4) , attP: (x:27|y:1020|z:15) , cible: Intercepteur standard, deffP: (x:10|y:1020|z:10), distance: 17
 - pas darmes valides
[F92_0 VS F14_4]  C4 , tir vaisseau N°0/3 (Grand Bombardier standard, race: 4) , attP: (x:48|y:1020|z:10) , cible: Supercroiseur standard, deffP: (x:-41|y:1020|z:15), distance: 89
 - pas darmes valides
FIN DE TOUR: F1  0, F2 : 8
TOUR DE COMBAT 2
[F92_0 VS F14_4]  C0 , tir vaisseau N°0/3 (Chasseur standard, race: 6) , attP: (x:26|y:1020|z:45) , cible: Bombardier standard, deffP: (x:26|y:1020|z:45), distance: 0
 - tir N0, arme: laserI => chance 146(101),  hit, degat (1)
 - tir N0, arme: laserI => chance 146(101),  hit, degat (1)
 - tir N0, arme: laserI => chance 146(101),  hit, degat (1)
 - tir N0, arme: laserI => chance 146(101),  hit, degat (1)
[F92_0 VS F14_4]  C0 , tir vaisseau N°0/0 (Intercepteur standard, race: 6) , attP: (x:-24|y:1020|z:-19) , cible: Bombardier standard, deffP: (x:-24|y:1020|z:-19), distance: 0
 - tir N0, arme: laserI => chance 145(100),  hit, degat (1)
[F92_0 VS F14_4]  C0 , tir vaisseau N°0/3 (Chasseur standard, race: 6) , attP: (x:26|y:1020|z:45) , cible: Bombardier standard, deffP: (x:26|y:1020|z:45), distance: 0
 - tir N0, arme: laserI => chance 146(101),  hit, degat (1), cible detruire
[F92_0 VS F14_4]  C0 , tir vaisseau N°0/15 (Fregate standard, race: 6) , attP: (x:26|y:1020|z:45) 
[F92_0 VS F14_4]  C0 , tir vaisseau N°0/3 (Torpilleur standard, race: 6) , attP: (x:26|y:1020|z:45) 
[F92_0 VS F14_4]  C0 , tir vaisseau N°0/63 (Supercroiseur standard, race: 6) , attP: (x:38|y:1020|z:-19) , cible: Bombardier standard, deffP: (x:-24|y:1020|z:-19), distance: 62
 - tir N0, arme: laserI - chance < 0 , exit
 - tir N1, arme: laserI - chance < 0 , exit
 - tir N2, arme: laserI - chance < 0 , exit
 - tir N3, arme: laserI - chance < 0 , exit
 - tir N4, arme: laserI - chance < 0 , exit
 - tir N5, arme: laserI - chance < 0 , exit
 - tir N6, arme: laserI - chance < 0 , exit
 - tir N7, arme: laserI - chance < 0 , exit
 - tir N8, arme: laserI - chance < 0 , exit
 - tir N9, arme: laserI - chance < 0 , exit
 - tir N10, arme: laserI - chance < 0 , exit
 - tir N11, arme: laserI - chance < 0 , exit
 - tir N12, arme: laserI - chance < 0 , exit
 - tir N13, arme: laserI - chance < 0 , exit
 - tir N14, arme: laserI - chance < 0 , exit
 - tir N15, arme: laserI - chance < 0 , exit
 - tir N16, arme: laserI - chance < 0 , exit
 - tir N17, arme: laserI - chance < 0 , exit
 - tir N18, arme: laserI - chance < 0 , exit
 - tir N19, arme: laserI - chance < 0 , exit
 - tir N20, arme: canon à plasmaI - chance < 0 , exit
 - tir N21, arme: canon à plasmaI - chance < 0 , exit
 - tir N22, arme: canon à plasmaI - chance < 0 , exit
 - tir N23, arme: canon à plasmaI - chance < 0 , exit
 - tir N24, arme: canon à plasmaI - chance < 0 , exit
 - tir N25, arme: canon à plasmaI - chance < 0 , exit
 - tir N26, arme: canon à plasmaI - chance < 0 , exit
 - tir N27, arme: canon à plasmaI - chance < 0 , exit
 - tir N28, arme: canon à plasmaI - chance < 0 , exit
 - tir N29, arme: canon à plasmaI - chance < 0 , exit
 - tir N30, arme: canon à plasmaI - chance < 0 , exit
 - tir N31, arme: canon à plasmaI - chance < 0 , exit
 - tir N32, arme: canon à plasmaI - chance < 0 , exit
 - tir N33, arme: canon à plasmaI - chance < 0 , exit
 - tir N34, arme: canon à plasmaI - chance < 0 , exit
 - tir N35, arme: canon à plasmaI - chance < 0 , exit
 - tir N36, arme: canon à plasmaI - chance < 0 , exit
 - tir N37, arme: canon à plasmaI - chance < 0 , exit
 - tir N38, arme: canon à plasmaI - chance < 0 , exit
 - tir N39, arme: canon à plasmaI - chance < 0 , exit
 - tir N40, arme: lance-torpilleI - chance < 0 , exit
 - tir N41, arme: lance-torpilleI - chance < 0 , exit
 - tir N42, arme: lance-torpilleI - chance < 0 , exit
 - tir N43, arme: lance-torpilleI - chance < 0 , exit
 - tir N44, arme: lance-torpilleI - chance < 0 , exit
 - tir N45, arme: lance-torpilleI - chance < 0 , exit
 - tir N46, arme: lance-torpilleI - chance < 0 , exit
 - tir N47, arme: lance-torpilleI - chance < 0 , exit
 - tir N48, arme: lance-torpilleI - chance < 0 , exit
 - tir N49, arme: lance-torpilleI - chance < 0 , exit
 - tir N50, arme: lance-torpilleI - chance < 0 , exit
 - tir N51, arme: lance-torpilleI - chance < 0 , exit
 - tir N52, arme: lance-torpilleI - chance < 0 , exit
 - tir N53, arme: lance-torpilleI - chance < 0 , exit
 - tir N54, arme: lance-torpilleI - chance < 0 , exit
 - tir N55, arme: lance-torpilleI - chance < 0 , exit
 - tir N56, arme: lance-torpilleI - chance < 0 , exit
 - tir N57, arme: lance-torpilleI - chance < 0 , exit
 - tir N58, arme: lance-torpilleI - chance < 0 , exit
 - tir N59, arme: lance-torpilleI - chance < 0 , exit
[F92_0 VS F14_4]  C4 , tir vaisseau N°0/3 (Grand Bombardier standard, race: 4) , attP: (x:52|y:1020|z:22) , cible: Fregate standard, deffP: (x:26|y:1020|z:45), distance: 26
 - pas darmes valides
[F92_0 VS F14_4]  C0 , tir vaisseau N°0/3 (Torpilleur standard, race: 6) , attP: (x:48|y:1020|z:7) , cible: Grand Bombardier standard, deffP: (x:52|y:1020|z:22), distance: 15
 - tir N0, arme: lance-torpilleI - chance < 0 , exit
 - tir N1, arme: lance-torpilleI - chance < 0 , exit
 - tir N2, arme: lance-torpilleI - chance < 0 , exit
 - tir N3, arme: lance-torpilleI - chance < 0 , exit
[F92_0 VS F14_4]  C0 , tir vaisseau N°0/7 (Colonisateur, race: 6) , attP: (x:18|y:35|z:45) , cible: Grand Bombardier standard, deffP: (x:52|y:1020|z:22), distance: 985
 - pas darmes valides
[F92_0 VS F14_4]  C4 , tir vaisseau N°0/3 (Bombardier standard, race: 4) , attP: (x:26|y:1020|z:45) 
[F92_0 VS F14_4]  C0 , tir vaisseau N°0/3 (Torpilleur standard, race: 6) , attP: (x:9|y:1020|z:-52) 
[F92_0 VS F14_4]  C0 , tir vaisseau N°0/3 (Grand Bombardier standard, race: 6) , attP: (x:65|y:30|z:2) , cible: Grand Bombardier standard, deffP: (x:52|y:1020|z:22), distance: 990
 - pas darmes valides
[F92_0 VS F14_4]  C0 , tir vaisseau N°0/63 (Supercroiseur standard, race: 6) , attP: (x:14|y:1020|z:24) 
[F92_0 VS F14_4]  C4 , tir vaisseau N°0/3 (Bombardier standard, race: 4) , attP: (x:-24|y:1020|z:-19) , cible: Fregate standard, deffP: (x:26|y:1020|z:45), distance: 64
 - pas darmes valides
FIN DE TOUR: F1  0, F2 : 14
TOUR DE COMBAT 3
[F92_0 VS F14_4]  C0 , tir vaisseau N°0/3 (Chasseur standard, race: 6) , attP: (x:12|y:1020|z:31) , cible: Grand Bombardier standard, deffP: (x:46|y:1020|z:68), distance: 37
 - tir N0, arme: laserI - chance < 0 , exit
 - tir N1, arme: laserI - chance < 0 , exit
 - tir N2, arme: laserI - chance < 0 , exit
 - tir N3, arme: laserI - chance < 0 , exit
[F92_0 VS F14_4]  C0 , tir vaisseau N°0/3 (Chasseur standard, race: 6) , attP: (x:12|y:1020|z:31) , cible: Grand Bombardier standard, deffP: (x:46|y:1020|z:68), distance: 37
 - tir N0, arme: laserI - chance < 0 , exit
 - tir N1, arme: laserI - chance < 0 , exit
 - tir N2, arme: laserI - chance < 0 , exit
 - tir N3, arme: laserI - chance < 0 , exit
[F92_0 VS F14_4]  C0 , tir vaisseau N°0/0 (Intercepteur standard, race: 6) , attP: (x:16|y:1020|z:-19) , cible: Bombardier standard, deffP: (x:16|y:1020|z:-19), distance: 0
 - tir N0, arme: laserI => chance 145(100),  hit, degat (1)
[F92_0 VS F14_4]  C0 , tir vaisseau N°0/15 (Fregate standard, race: 6) , attP: (x:14|y:1020|z:33) , cible: Grand Bombardier standard, deffP: (x:46|y:1020|z:68), distance: 35
 - tir N0, arme: canon à plasmaI - chance < 0 , exit
 - tir N1, arme: canon à plasmaI - chance < 0 , exit
 - tir N2, arme: canon à plasmaI - chance < 0 , exit
 - tir N3, arme: canon à plasmaI - chance < 0 , exit
 - tir N4, arme: canon à plasmaI - chance < 0 , exit
 - tir N5, arme: canon à plasmaI - chance < 0 , exit
 - tir N6, arme: canon à plasmaI - chance < 0 , exit
 - tir N7, arme: canon à plasmaI - chance < 0 , exit
 - tir N8, arme: canon à plasmaI - chance < 0 , exit
 - tir N9, arme: canon à plasmaI - chance < 0 , exit
[F92_0 VS F14_4]  C0 , tir vaisseau N°0/63 (Supercroiseur standard, race: 6) , attP: (x:46|y:1020|z:68) , cible: Grand Bombardier standard, deffP: (x:46|y:1020|z:68), distance: 0
 - tir N0, arme: laserI => chance 145(100),  hit, degat (1)
 - tir N0, arme: laserI => chance 145(100),  hit, degat (1)
 - tir N0, arme: laserI => chance 145(100),  hit, degat (1)
 - tir N0, arme: laserI => chance 145(100),  hit, degat (1)
 - tir N0, arme: laserI => chance 145(100),  hit, degat (1)
 - tir N0, arme: laserI => chance 145(100),  hit, degat (1)
 - tir N0, arme: laserI => chance 145(100),  hit, degat (1)
 - tir N0, arme: laserI => chance 145(100),  hit, degat (1), cible detruire
[F92_0 VS F14_4]  C0 , tir vaisseau N°0/3 (Torpilleur standard, race: 6) , attP: (x:12|y:1020|z:31) 
[F92_0 VS F14_4]  C0 , tir vaisseau N°0/7 (Colonisateur, race: 6) , attP: (x:21|y:6|z:47) 
[F92_0 VS F14_4]  C0 , tir vaisseau N°0/3 (Torpilleur standard, race: 6) , attP: (x:16|y:1020|z:-19) , cible: Bombardier standard, deffP: (x:16|y:1020|z:-19), distance: 0
 - tir N0, arme: lance-torpilleI => chance 102(100),  hit, degat (2)
 - tir N0, arme: lance-torpilleI => chance 102(100),  hit, degat (2), cible detruire
[F92_0 VS F14_4]  C0 , tir vaisseau N°0/63 (Supercroiseur standard, race: 6) , attP: (x:46|y:1020|z:68) 
[F92_0 VS F14_4]  C0 , tir vaisseau N°0/3 (Torpilleur standard, race: 6) , attP: (x:48|y:1020|z:7) pas de cible
[F92_0 VS F14_4]  C0 , tir vaisseau N°0/3 (Grand Bombardier standard, race: 6) , attP: (x:37|y:2|z:14) 
[F92_0 VS F14_4]  C4 , tir vaisseau N°0/3 (Grand Bombardier standard, race: 4) , attP: (x:46|y:1020|z:68) 
[F92_0 VS F14_4]  C4 , tir vaisseau N°0/3 (Bombardier standard, race: 4) , attP: (x:16|y:1020|z:-19) 
FIN DE TOUR: F1  0, F2 : 26
RESOLUTION COMBAT [F11_4 VS F92_0] 
TOUR DE COMBAT 1
[F11_4 VS F92_0]  C0 , tir vaisseau N°0/3 (Chasseur standard, race: 6) , attP: (x:16|y:20|z:-3) , cible: Destroyer standard, deffP: (x:16|y:20|z:-3), distance: 0
 - tir N0, arme: laserI => chance 120(100),  hit, shielded (2)
 - tir N0, arme: laserI => chance 120(100),  hit, shielded (2)
 - tir N0, arme: laserI => chance 120(100),  hit, shielded (2)
 - tir N0, arme: laserI => chance 120(100),  hit, shielded (2)
[F11_4 VS F92_0]  C0 , tir vaisseau N°0/0 (Intercepteur standard, race: 6) , attP: (x:13|y:14|z:6) , cible: Colonisateur, deffP: (x:13|y:14|z:6), distance: 0
 - tir N0, arme: laserI => chance 134(99),  hit, degat (1)
[F11_4 VS F92_0]  C4 , tir vaisseau N°0/0 (Intercepteur standard, race: 4) , attP: (x:18|y:20|z:-3) , cible: Fregate standard, deffP: (x:21|y:20|z:-3), distance: 3
 - tir N0, arme: laserI => chance 28(12),  miss
[F11_4 VS F92_0]  C4 , tir vaisseau N°0/15 (Fregate standard, race: 4) , attP: (x:22|y:20|z:-3) , cible: Supercroiseur standard, deffP: (x:22|y:20|z:-3), distance: 0
 - tir N0, arme: canon à plasmaI => chance 57(12),  miss
 - tir N0, arme: canon à plasmaI => chance 57(12),  miss
 - tir N0, arme: canon à plasmaI => chance 57(12),  hit, shielded (1)
 - tir N0, arme: canon à plasmaI => chance 57(12),  miss
 - tir N0, arme: canon à plasmaI => chance 57(12),  hit, shielded (1)
 - tir N0, arme: canon à plasmaI => chance 57(12),  hit, shielded (1)
 - tir N0, arme: canon à plasmaI => chance 57(12),  hit, shielded (1)
 - tir N0, arme: canon à plasmaI => chance 57(12),  hit, shielded (1)
 - tir N0, arme: canon à plasmaI => chance 57(12),  miss
 - tir N0, arme: canon à plasmaI => chance 57(12),  miss
[F11_4 VS F92_0]  C0 , tir vaisseau N°0/3 (Chasseur standard, race: 6) , attP: (x:21|y:20|z:-3) , cible: Croiseur standard, deffP: (x:21|y:20|z:-3), distance: 0
 - tir N0, arme: laserI => chance 115(100),  hit, shielded (2)
 - tir N0, arme: laserI => chance 115(100),  hit, shielded (2)
 - tir N0, arme: laserI => chance 115(100),  hit, shielded (2)
 - tir N0, arme: laserI => chance 115(100),  hit, shielded (2)
[F11_4 VS F92_0]  C4 , tir vaisseau N°0/25 (Destroyer standard, race: 4) , attP: (x:21|y:18|z:-3) , cible: Fregate standard, deffP: (x:21|y:20|z:-3), distance: 2
 - tir N0, arme: laserI => chance 31(12),  miss
 - tir N0, arme: laserI => chance 31(12),  miss
 - tir N0, arme: laserI => chance 31(12),  miss
 - tir N0, arme: laserI => chance 31(12),  miss
 - tir N0, arme: laserI => chance 31(12),  hit, shielded (2)
 - tir N0, arme: laserI => chance 31(12),  miss
 - tir N0, arme: laserI => chance 31(12),  hit, shielded (2)
 - tir N0, arme: laserI => chance 31(12),  miss
 - tir N0, arme: laserI => chance 31(12),  hit, shielded (2)
 - tir N0, arme: laserI => chance 31(12),  miss
 - tir N0, arme: canon à plasmaI => chance 50(12),  miss
 - tir N0, arme: canon à plasmaI => chance 50(12),  hit, shielded (1)
 - tir N0, arme: canon à plasmaI => chance 50(12),  hit, shielded (1)
 - tir N0, arme: canon à plasmaI => chance 50(12),  miss
 - tir N0, arme: canon à plasmaI => chance 50(12),  miss
 - tir N0, arme: canon à plasmaI => chance 50(12),  hit, shielded (1)
 - tir N0, arme: canon à plasmaI => chance 50(12),  hit, shielded (1)
 - tir N0, arme: canon à plasmaI => chance 50(12),  miss
 - tir N0, arme: canon à plasmaI => chance 50(12),  hit, degat (1)
 - tir N0, arme: canon à plasmaI => chance 50(12),  hit, degat (1)
[F11_4 VS F92_0]  C4 , tir vaisseau N°0/25 (Destroyer standard, race: 4) , attP: (x:21|y:13|z:-3) , cible: Fregate standard, deffP: (x:21|y:20|z:-3), distance: 7
 - tir N0, arme: laserI => chance 17(12),  miss
 - tir N0, arme: laserI => chance 17(12),  miss
 - tir N0, arme: laserI => chance 17(12),  miss
 - tir N0, arme: laserI => chance 17(12),  miss
 - tir N0, arme: laserI => chance 17(12),  miss
 - tir N0, arme: laserI => chance 17(12),  miss
 - tir N0, arme: laserI => chance 17(12),  miss
 - tir N0, arme: laserI => chance 17(12),  miss
 - tir N0, arme: laserI => chance 17(12),  hit, degat (1)
 - tir N0, arme: laserI => chance 17(12),  miss
 - tir N0, arme: canon à plasmaI => chance 33(12),  hit, degat (1)
 - tir N0, arme: canon à plasmaI => chance 33(12),  hit, degat (1)
 - tir N0, arme: canon à plasmaI => chance 33(12),  hit, degat (1)
 - tir N0, arme: canon à plasmaI => chance 33(12),  hit, degat (1)
 - tir N0, arme: canon à plasmaI => chance 33(12),  hit, degat (1)
 - tir N0, arme: canon à plasmaI => chance 33(12),  hit, degat (1)
 - tir N0, arme: canon à plasmaI => chance 33(12),  hit, degat (1)
 - tir N0, arme: canon à plasmaI => chance 33(12),  hit, degat (1)
 - tir N0, arme: canon à plasmaI => chance 33(12),  miss
 - tir N0, arme: canon à plasmaI => chance 33(12),  miss
[F11_4 VS F92_0]  C4 , tir vaisseau N°0/0 (Intercepteur standard, race: 4) , attP: (x:4|y:22|z:-4) , cible: Torpilleur standard, deffP: (x:4|y:17|z:-4), distance: 5
 - tir N0, arme: laserI => chance 31(12),  miss
[F11_4 VS F92_0]  C4 , tir vaisseau N°0/15 (Fregate standard, race: 4) , attP: (x:10|y:15|z:5) , cible: Supercroiseur standard, deffP: (x:10|y:15|z:5), distance: 0
 - tir N0, arme: canon à plasmaI => chance 57(12),  miss
 - tir N0, arme: canon à plasmaI => chance 57(12),  hit, shielded (1)
 - tir N0, arme: canon à plasmaI => chance 57(12),  hit, shielded (1)
 - tir N0, arme: canon à plasmaI => chance 57(12),  miss
 - tir N0, arme: canon à plasmaI => chance 57(12),  hit, shielded (1)
 - tir N0, arme: canon à plasmaI => chance 57(12),  miss
 - tir N0, arme: canon à plasmaI => chance 57(12),  miss
 - tir N0, arme: canon à plasmaI => chance 57(12),  hit, shielded (1)
 - tir N0, arme: canon à plasmaI => chance 57(12),  hit, shielded (1)
 - tir N0, arme: canon à plasmaI => chance 57(12),  miss
[F11_4 VS F92_0]  C4 , tir vaisseau N°0/25 (Destroyer standard, race: 4) , attP: (x:30|y:13|z:-3) , cible: Fregate standard, deffP: (x:21|y:20|z:-3), distance: 9
 - tir N0, arme: laserI - chance < 0 , exit
 - tir N1, arme: laserI - chance < 0 , exit
 - tir N2, arme: laserI - chance < 0 , exit
 - tir N3, arme: laserI - chance < 0 , exit
 - tir N4, arme: laserI - chance < 0 , exit
 - tir N5, arme: laserI - chance < 0 , exit
 - tir N6, arme: laserI - chance < 0 , exit
 - tir N7, arme: laserI - chance < 0 , exit
 - tir N8, arme: laserI - chance < 0 , exit
 - tir N9, arme: laserI - chance < 0 , exit
 - tir N10, arme: canon à plasmaI => chance 26(12),  miss
 - tir N10, arme: canon à plasmaI => chance 26(12),  hit, degat (1)
 - tir N10, arme: canon à plasmaI => chance 26(12),  hit, degat (1)
 - tir N10, arme: canon à plasmaI => chance 26(12),  miss
 - tir N10, arme: canon à plasmaI => chance 26(12),  miss
 - tir N10, arme: canon à plasmaI => chance 26(12),  miss
 - tir N10, arme: canon à plasmaI => chance 26(12),  miss
 - tir N10, arme: canon à plasmaI => chance 26(12),  hit, degat (1)
 - tir N10, arme: canon à plasmaI => chance 26(12),  miss
 - tir N10, arme: canon à plasmaI => chance 26(12),  miss
[F11_4 VS F92_0]  C4 , tir vaisseau N°0/0 (Intercepteur standard, race: 4) , attP: (x:21|y:19|z:-3) , cible: Fregate standard, deffP: (x:21|y:20|z:-3), distance: 1
 - tir N0, arme: laserI => chance 34(12),  miss
[F11_4 VS F92_0]  C4 , tir vaisseau N°0/15 (Fregate standard, race: 4) , attP: (x:10|y:15|z:5) , cible: Supercroiseur standard, deffP: (x:10|y:15|z:5), distance: 0
 - tir N0, arme: canon à plasmaI => chance 57(12),  miss
 - tir N0, arme: canon à plasmaI => chance 57(12),  hit, shielded (1)
 - tir N0, arme: canon à plasmaI => chance 57(12),  miss
 - tir N0, arme: canon à plasmaI => chance 57(12),  hit, shielded (1)
 - tir N0, arme: canon à plasmaI => chance 57(12),  miss
 - tir N0, arme: canon à plasmaI => chance 57(12),  hit, shielded (1)
 - tir N0, arme: canon à plasmaI => chance 57(12),  hit, shielded (1)
 - tir N0, arme: canon à plasmaI => chance 57(12),  miss
 - tir N0, arme: canon à plasmaI => chance 57(12),  miss
 - tir N0, arme: canon à plasmaI => chance 57(12),  hit, shielded (1)
[F11_4 VS F92_0]  C4 , tir vaisseau N°0/3 (Torpilleur standard, race: 4) , attP: (x:10|y:15|z:5) , cible: Supercroiseur standard, deffP: (x:10|y:15|z:5), distance: 0
 - tir N0, arme: lance-torpilleI => chance 32(12),  miss
 - tir N0, arme: lance-torpilleI => chance 32(12),  miss
 - tir N0, arme: lance-torpilleI => chance 32(12),  miss
 - tir N0, arme: lance-torpilleI => chance 32(12),  miss
[F11_4 VS F92_0]  C4 , tir vaisseau N°0/3 (Torpilleur standard, race: 4) , attP: (x:25|y:20|z:-3) , cible: Fregate standard, deffP: (x:21|y:20|z:-3), distance: 4
 - tir N0, arme: lance-torpilleI => chance 20(12),  miss
 - tir N0, arme: lance-torpilleI => chance 20(12),  miss
 - tir N0, arme: lance-torpilleI => chance 20(12),  miss
 - tir N0, arme: lance-torpilleI => chance 20(12),  hit, degat (2)
[F11_4 VS F92_0]  C4 , tir vaisseau N°0/0 (Intercepteur standard, race: 4) , attP: (x:22|y:20|z:-3) , cible: Supercroiseur standard, deffP: (x:22|y:20|z:-3), distance: 0
 - tir N0, arme: laserI => chance 27(12),  hit, shielded (2)
[F11_4 VS F92_0]  C4 , tir vaisseau N°0/3 (Torpilleur standard, race: 4) , attP: (x:10|y:15|z:5) , cible: Supercroiseur standard, deffP: (x:10|y:15|z:5), distance: 0
 - tir N0, arme: lance-torpilleI => chance 32(12),  miss
 - tir N0, arme: lance-torpilleI => chance 32(12),  miss
 - tir N0, arme: lance-torpilleI => chance 32(12),  miss
 - tir N0, arme: lance-torpilleI => chance 32(12),  miss
[F11_4 VS F92_0]  C4 , tir vaisseau N°0/15 (Fregate standard, race: 4) , attP: (x:10|y:15|z:5) , cible: Supercroiseur standard, deffP: (x:10|y:15|z:5), distance: 0
 - tir N0, arme: canon à plasmaI => chance 57(12),  miss
 - tir N0, arme: canon à plasmaI => chance 57(12),  miss
 - tir N0, arme: canon à plasmaI => chance 57(12),  miss
 - tir N0, arme: canon à plasmaI => chance 57(12),  miss
 - tir N0, arme: canon à plasmaI => chance 57(12),  hit, shielded (1)
 - tir N0, arme: canon à plasmaI => chance 57(12),  hit, shielded (1)
 - tir N0, arme: canon à plasmaI => chance 57(12),  hit, shielded (1)
 - tir N0, arme: canon à plasmaI => chance 57(12),  hit, shielded (1)
 - tir N0, arme: canon à plasmaI => chance 57(12),  hit, shielded (1)
 - tir N0, arme: canon à plasmaI => chance 57(12),  miss
[F11_4 VS F92_0]  C4 , tir vaisseau N°0/25 (Destroyer standard, race: 4) , attP: (x:16|y:20|z:-3) , cible: Fregate standard, deffP: (x:21|y:20|z:-3), distance: 5
 - tir N0, arme: laserI => chance 23(12),  miss
 - tir N0, arme: laserI => chance 23(12),  hit, degat (1)
 - tir N0, arme: laserI => chance 23(12),  miss
 - tir N0, arme: laserI => chance 23(12),  miss
 - tir N0, arme: laserI => chance 23(12),  miss
 - tir N0, arme: laserI => chance 23(12),  miss
 - tir N0, arme: laserI => chance 23(12),  miss
 - tir N0, arme: laserI => chance 23(12),  hit, degat (1)
 - tir N0, arme: laserI => chance 23(12),  hit, degat (1)
 - tir N0, arme: laserI => chance 23(12),  miss
 - tir N0, arme: canon à plasmaI => chance 40(12),  miss
 - tir N0, arme: canon à plasmaI => chance 40(12),  hit, degat (1)
 - tir N0, arme: canon à plasmaI => chance 40(12),  miss
 - tir N0, arme: canon à plasmaI => chance 40(12),  hit, degat (1)
 - tir N0, arme: canon à plasmaI => chance 40(12),  miss
 - tir N0, arme: canon à plasmaI => chance 40(12),  hit, degat (1)
 - tir N0, arme: canon à plasmaI => chance 40(12),  miss
 - tir N0, arme: canon à plasmaI => chance 40(12),  miss
 - tir N0, arme: canon à plasmaI => chance 40(12),  hit, degat (1)
 - tir N0, arme: canon à plasmaI => chance 40(12),  hit, degat (1)
[F11_4 VS F92_0]  C0 , tir vaisseau N°0/15 (Fregate standard, race: 6) , attP: (x:21|y:20|z:-3) , cible: Croiseur standard, deffP: (x:21|y:20|z:-3), distance: 0
 - tir N0, arme: canon à plasmaI => chance 144(99),  hit, shielded (1)
 - tir N0, arme: canon à plasmaI => chance 144(99),  hit, shielded (1)
[F11_4 VS F92_0]  C4 , tir vaisseau N°0/3 (Torpilleur standard, race: 4) , attP: (x:15|y:25|z:-3) , cible: Fregate standard, deffP: (x:21|y:20|z:-3), distance: 6
 - tir N0, arme: lance-torpilleI => chance 19(12),  miss
 - tir N0, arme: lance-torpilleI => chance 19(12),  hit, degat (2)
 - tir N0, arme: lance-torpilleI => chance 19(12),  miss
 - tir N0, arme: lance-torpilleI => chance 19(12),  miss
[F11_4 VS F92_0]  C4 , tir vaisseau N°0/63 (Supercroiseur standard, race: 4) , attP: (x:34|y:1020|z:6) , cible: Colonisateur, deffP: (x:34|y:1020|z:14), distance: 8
 - tir N0, arme: laserI - chance < 0 , exit
 - tir N1, arme: laserI - chance < 0 , exit
 - tir N2, arme: laserI - chance < 0 , exit
 - tir N3, arme: laserI - chance < 0 , exit
 - tir N4, arme: laserI - chance < 0 , exit
 - tir N5, arme: laserI - chance < 0 , exit
 - tir N6, arme: laserI - chance < 0 , exit
 - tir N7, arme: laserI - chance < 0 , exit
 - tir N8, arme: laserI - chance < 0 , exit
 - tir N9, arme: laserI - chance < 0 , exit
 - tir N10, arme: laserI - chance < 0 , exit
 - tir N11, arme: laserI - chance < 0 , exit
 - tir N12, arme: laserI - chance < 0 , exit
 - tir N13, arme: laserI - chance < 0 , exit
 - tir N14, arme: laserI - chance < 0 , exit
 - tir N15, arme: laserI - chance < 0 , exit
 - tir N16, arme: laserI - chance < 0 , exit
 - tir N17, arme: laserI - chance < 0 , exit
 - tir N18, arme: laserI - chance < 0 , exit
 - tir N19, arme: laserI - chance < 0 , exit
 - tir N20, arme: canon à plasmaI => chance 28(12),  miss
 - tir N20, arme: canon à plasmaI => chance 28(12),  hit, degat (1)
 - tir N20, arme: canon à plasmaI => chance 28(12),  hit, degat (1)
 - tir N20, arme: canon à plasmaI => chance 28(12),  miss
 - tir N20, arme: canon à plasmaI => chance 28(12),  miss
 - tir N20, arme: canon à plasmaI => chance 28(12),  hit, degat (1)
 - tir N20, arme: canon à plasmaI => chance 28(12),  hit, degat (1)
 - tir N20, arme: canon à plasmaI => chance 28(12),  miss
 - tir N20, arme: canon à plasmaI => chance 28(12),  miss
 - tir N20, arme: canon à plasmaI => chance 28(12),  miss
 - tir N20, arme: canon à plasmaI => chance 28(12),  miss
 - tir N20, arme: canon à plasmaI => chance 28(12),  miss
 - tir N20, arme: canon à plasmaI => chance 28(12),  miss
 - tir N20, arme: canon à plasmaI => chance 28(12),  miss
 - tir N20, arme: canon à plasmaI => chance 28(12),  miss
 - tir N20, arme: canon à plasmaI => chance 28(12),  miss
 - tir N20, arme: canon à plasmaI => chance 28(12),  miss
 - tir N20, arme: canon à plasmaI => chance 28(12),  miss
 - tir N20, arme: canon à plasmaI => chance 28(12),  miss
 - tir N20, arme: canon à plasmaI => chance 28(12),  miss
 - tir N20, arme: lance-torpilleI => chance 13(12),  miss
 - tir N20, arme: lance-torpilleI => chance 13(12),  miss
 - tir N20, arme: lance-torpilleI => chance 13(12),  miss
 - tir N20, arme: lance-torpilleI => chance 13(12),  miss
 - tir N20, arme: lance-torpilleI => chance 13(12),  miss
 - tir N20, arme: lance-torpilleI => chance 13(12),  miss
 - tir N20, arme: lance-torpilleI => chance 13(12),  miss
 - tir N20, arme: lance-torpilleI => chance 13(12),  hit, degat (2)
 - tir N20, arme: lance-torpilleI => chance 13(12),  miss
 - tir N20, arme: lance-torpilleI => chance 13(12),  miss
 - tir N20, arme: lance-torpilleI => chance 13(12),  miss
 - tir N20, arme: lance-torpilleI => chance 13(12),  miss
 - tir N20, arme: lance-torpilleI => chance 13(12),  miss
 - tir N20, arme: lance-torpilleI => chance 13(12),  miss
 - tir N20, arme: lance-torpilleI => chance 13(12),  miss
 - tir N20, arme: lance-torpilleI => chance 13(12),  miss
 - tir N20, arme: lance-torpilleI => chance 13(12),  miss
 - tir N20, arme: lance-torpilleI => chance 13(12),  miss
 - tir N20, arme: lance-torpilleI => chance 13(12),  miss
 - tir N20, arme: lance-torpilleI => chance 13(12),  miss
[F11_4 VS F92_0]  C0 , tir vaisseau N°0/3 (Torpilleur standard, race: 6) , attP: (x:13|y:14|z:5) , cible: Colonisateur, deffP: (x:13|y:14|z:6), distance: 1
 - tir N0, arme: lance-torpilleI => chance 101(99),  hit, degat (2)
 - tir N0, arme: lance-torpilleI => chance 101(99),  hit, degat (2)
 - tir N0, arme: lance-torpilleI => chance 101(99),  hit, degat (2)
 - tir N0, arme: lance-torpilleI => chance 101(99),  hit, degat (2)
[F11_4 VS F92_0]  C0 , tir vaisseau N°0/63 (Supercroiseur standard, race: 6) , attP: (x:10|y:15|z:5) , cible: Fregate standard, deffP: (x:10|y:15|z:5), distance: 0
 - tir N0, arme: laserI => chance 124(99),  hit, shielded (2)
 - tir N0, arme: laserI => chance 124(99),  hit, shielded (2)
 - tir N0, arme: laserI => chance 124(99),  hit, shielded (2)
 - tir N0, arme: laserI => chance 124(99),  hit, shielded (2)
 - tir N0, arme: laserI => chance 124(99),  hit, shielded (2)
 - tir N0, arme: laserI => chance 124(99),  hit, degat (1)
 - tir N0, arme: laserI => chance 123(98),  hit, degat (1)
 - tir N0, arme: laserI => chance 123(98),  hit, degat (1)
 - tir N0, arme: laserI => chance 123(98),  hit, degat (1)
 - tir N0, arme: laserI => chance 123(98),  hit, degat (1)
 - tir N0, arme: laserI => chance 123(98),  hit, degat (1)
 - tir N0, arme: laserI => chance 123(98),  hit, degat (1)
 - tir N0, arme: laserI => chance 123(98),  hit, degat (1)
 - tir N0, arme: laserI => chance 123(98),  hit, degat (1)
 - tir N0, arme: laserI => chance 123(98),  hit, degat (1)
 - tir N0, arme: laserI => chance 123(98),  hit, degat (1)
 - tir N0, arme: laserI => chance 123(98),  hit, degat (1)
 - tir N0, arme: laserI => chance 123(98),  hit, degat (1)
 - tir N0, arme: laserI => chance 123(98),  hit, degat (1)
 - tir N0, arme: laserI => chance 123(98),  hit, degat (1)
 - tir N0, arme: canon à plasmaI => chance 143(98),  hit, degat (1)
 - tir N0, arme: canon à plasmaI => chance 143(98),  hit, degat (1)
 - tir N0, arme: canon à plasmaI => chance 143(98),  hit, degat (1)
 - tir N0, arme: canon à plasmaI => chance 143(98),  hit, degat (1)
 - tir N0, arme: canon à plasmaI => chance 143(98),  hit, degat (1)
 - tir N0, arme: canon à plasmaI => chance 143(98),  hit, degat (1)
 - tir N0, arme: canon à plasmaI => chance 143(98),  hit, degat (1)
 - tir N0, arme: canon à plasmaI => chance 143(98),  hit, degat (1)
 - tir N0, arme: canon à plasmaI => chance 143(98),  hit, degat (1)
 - tir N0, arme: canon à plasmaI => chance 143(98),  hit, degat (1)
 - tir N0, arme: canon à plasmaI => chance 143(98),  hit, degat (1)
 - tir N0, arme: canon à plasmaI => chance 143(98),  hit, degat (1)
 - tir N0, arme: canon à plasmaI => chance 143(98),  hit, degat (1)
 - tir N0, arme: canon à plasmaI => chance 143(98),  hit, degat (1)
 - tir N0, arme: canon à plasmaI => chance 143(98),  hit, degat (1)
 - tir N0, arme: canon à plasmaI => chance 143(98),  hit, degat (1), cible detruire
[F11_4 VS F92_0]  C0 , tir vaisseau N°0/3 (Torpilleur standard, race: 6) , attP: (x:4|y:17|z:-4) , cible: Croiseur standard, deffP: (x:4|y:17|z:-4), distance: 0
 - tir N0, arme: lance-torpilleI => chance 119(99),  hit, shielded (1)
 - tir N0, arme: lance-torpilleI => chance 119(99),  hit, shielded (1)
 - tir N0, arme: lance-torpilleI => chance 119(99),  hit, shielded (1)
 - tir N0, arme: lance-torpilleI => chance 119(99),  hit, shielded (1)
[F11_4 VS F92_0]  C4 , tir vaisseau N°0/3 (Torpilleur standard, race: 4) , attP: (x:34|y:1020|z:20) , cible: Colonisateur, deffP: (x:34|y:1020|z:14), distance: 6
 - tir N0, arme: lance-torpilleI => chance 14(12),  miss
 - tir N0, arme: lance-torpilleI => chance 14(12),  miss
 - tir N0, arme: lance-torpilleI => chance 14(12),  hit, degat (2)
 - tir N0, arme: lance-torpilleI => chance 14(12),  miss
[F11_4 VS F92_0]  C4 , tir vaisseau N°0/3 (Torpilleur standard, race: 4) , attP: (x:15|y:21|z:-3) , cible: Fregate standard, deffP: (x:21|y:20|z:-3), distance: 6
 - tir N0, arme: lance-torpilleI => chance 19(12),  miss
 - tir N0, arme: lance-torpilleI => chance 19(12),  miss
 - tir N0, arme: lance-torpilleI => chance 19(12),  hit, degat (2)
 - tir N0, arme: lance-torpilleI => chance 19(12),  miss
[F11_4 VS F92_0]  C4 , tir vaisseau N°0/3 (Torpilleur standard, race: 4) , attP: (x:15|y:25|z:-3) , cible: Fregate standard, deffP: (x:21|y:20|z:-3), distance: 6
 - tir N0, arme: lance-torpilleI => chance 19(12),  miss
 - tir N0, arme: lance-torpilleI => chance 19(12),  miss
 - tir N0, arme: lance-torpilleI => chance 19(12),  miss
 - tir N0, arme: lance-torpilleI => chance 19(12),  miss
[F11_4 VS F92_0]  C0 , tir vaisseau N°0/3 (Torpilleur standard, race: 6) , attP: (x:32|y:7|z:-5) , cible: Destroyer standard, deffP: (x:21|y:18|z:-3), distance: 11
 - tir N0, arme: lance-torpilleI => chance 106(99),  hit, shielded (1)
 - tir N0, arme: lance-torpilleI => chance 106(99),  hit, shielded (1)
 - tir N0, arme: lance-torpilleI => chance 106(99),  hit, shielded (1)
 - tir N0, arme: lance-torpilleI => chance 106(99),  hit, shielded (1)
[F11_4 VS F92_0]  C4 , tir vaisseau N°0/7 (Colonisateur, race: 4) , attP: (x:11|y:7|z:-30) , cible: Torpilleur standard, deffP: (x:4|y:17|z:-4), distance: 26
 - pas darmes valides
[F11_4 VS F92_0]  C4 , tir vaisseau N°0/63 (Croiseur standard, race: 4) , attP: (x:4|y:17|z:-4) , cible: Supercroiseur standard, deffP: (x:10|y:15|z:5), distance: 9
 - tir N0, arme: canon à plasmaI => chance 26(12),  miss
 - tir N0, arme: canon à plasmaI => chance 26(12),  miss
 - tir N0, arme: canon à plasmaI => chance 26(12),  hit, shielded (1)
 - tir N0, arme: canon à plasmaI => chance 26(12),  hit, shielded (1)
 - tir N0, arme: canon à plasmaI => chance 26(12),  miss
 - tir N0, arme: canon à plasmaI => chance 26(12),  miss
 - tir N0, arme: canon à plasmaI => chance 26(12),  hit, shielded (1)
 - tir N0, arme: canon à plasmaI => chance 26(12),  miss
 - tir N0, arme: canon à plasmaI => chance 26(12),  miss
 - tir N0, arme: canon à plasmaI => chance 26(12),  miss
 - tir N0, arme: missileI => chance 30(12),  miss
 - tir N0, arme: missileI => chance 30(12),  hit, shielded (0)
 - tir N0, arme: missileI => chance 30(12),  miss
 - tir N0, arme: missileI => chance 30(12),  hit, shielded (0)
 - tir N0, arme: missileI => chance 30(12),  hit, shielded (0)
 - tir N0, arme: missileI => chance 30(12),  hit, shielded (0)
 - tir N0, arme: missileI => chance 30(12),  hit, shielded (0)
 - tir N0, arme: missileI => chance 30(12),  miss
 - tir N0, arme: missileI => chance 30(12),  miss
 - tir N0, arme: missileI => chance 30(12),  hit, shielded (0)
 - tir N0, arme: lance-torpilleI => chance 24(12),  miss
 - tir N0, arme: lance-torpilleI => chance 24(12),  miss
 - tir N0, arme: lance-torpilleI => chance 24(12),  miss
 - tir N0, arme: lance-torpilleI => chance 24(12),  miss
 - tir N0, arme: lance-torpilleI => chance 24(12),  miss
 - tir N0, arme: lance-torpilleI => chance 24(12),  miss
 - tir N0, arme: lance-torpilleI => chance 24(12),  miss
 - tir N0, arme: lance-torpilleI => chance 24(12),  miss
 - tir N0, arme: lance-torpilleI => chance 24(12),  miss
 - tir N0, arme: lance-torpilleI => chance 24(12),  miss
[F11_4 VS F92_0]  C0 , tir vaisseau N°0/63 (Supercroiseur standard, race: 6) , attP: (x:22|y:20|z:-3) , cible: Croiseur standard, deffP: (x:21|y:20|z:-3), distance: 1
 - tir N0, arme: laserI => chance 112(99),  hit, shielded (2)
 - tir N0, arme: laserI => chance 112(99),  hit, shielded (2)
 - tir N0, arme: laserI => chance 112(99),  hit, shielded (2)
 - tir N0, arme: laserI => chance 112(99),  hit, shielded (2)
 - tir N0, arme: laserI => chance 112(99),  hit, shielded (2)
 - tir N0, arme: laserI => chance 112(99),  hit, degat (1)
 - tir N0, arme: laserI => chance 112(99),  hit, degat (1)
 - tir N0, arme: laserI => chance 112(99),  hit, degat (1)
 - tir N0, arme: laserI => chance 112(99),  hit, degat (1)
 - tir N0, arme: laserI => chance 112(99),  hit, degat (1)
 - tir N0, arme: laserI => chance 112(99),  hit, degat (1)
 - tir N0, arme: laserI => chance 112(99),  hit, degat (1)
 - tir N0, arme: laserI => chance 112(99),  hit, degat (1)
 - tir N0, arme: laserI => chance 112(99),  hit, degat (1)
 - tir N0, arme: laserI => chance 112(99),  hit, degat (1)
 - tir N0, arme: laserI => chance 112(99),  hit, degat (1)
 - tir N0, arme: laserI => chance 112(99),  hit, degat (1)
 - tir N0, arme: laserI => chance 112(99),  hit, degat (1)
 - tir N0, arme: laserI => chance 112(99),  hit, degat (1)
 - tir N0, arme: laserI => chance 112(99),  hit, degat (1)
 - tir N0, arme: canon à plasmaI => chance 140(99),  hit, degat (1)
 - tir N0, arme: canon à plasmaI => chance 140(99),  hit, degat (1)
 - tir N0, arme: canon à plasmaI => chance 140(99),  hit, degat (1)
 - tir N0, arme: canon à plasmaI => chance 140(99),  hit, degat (1)
 - tir N0, arme: canon à plasmaI => chance 140(99),  hit, degat (1)
 - tir N0, arme: canon à plasmaI => chance 140(99),  hit, degat (1)
 - tir N0, arme: canon à plasmaI => chance 140(99),  hit, degat (1)
 - tir N0, arme: canon à plasmaI => chance 140(99),  hit, degat (1)
 - tir N0, arme: canon à plasmaI => chance 140(99),  hit, degat (1)
 - tir N0, arme: canon à plasmaI => chance 140(99),  hit, degat (1)
 - tir N0, arme: canon à plasmaI => chance 140(99),  hit, degat (1)
 - tir N0, arme: canon à plasmaI => chance 140(99),  hit, degat (1)
 - tir N0, arme: canon à plasmaI => chance 140(99),  hit, degat (1)
 - tir N0, arme: canon à plasmaI => chance 140(99),  hit, degat (1)
 - tir N0, arme: canon à plasmaI => chance 140(99),  hit, degat (1)
 - tir N0, arme: canon à plasmaI => chance 140(99),  hit, degat (1)
 - tir N0, arme: canon à plasmaI => chance 140(99),  hit, degat (1)
 - tir N0, arme: canon à plasmaI => chance 140(99),  hit, degat (1)
 - tir N0, arme: canon à plasmaI => chance 140(99),  hit, degat (1)
 - tir N0, arme: canon à plasmaI => chance 140(99),  hit, degat (1)
 - tir N0, arme: lance-torpilleI => chance 118(99),  hit, degat (2)
 - tir N0, arme: lance-torpilleI => chance 118(99),  hit, degat (2)
 - tir N0, arme: lance-torpilleI => chance 118(99),  hit, degat (2)
 - tir N0, arme: lance-torpilleI => chance 118(99),  hit, degat (2)
 - tir N0, arme: lance-torpilleI => chance 118(99),  hit, degat (2)
 - tir N0, arme: lance-torpilleI => chance 118(99),  hit, degat (2)
 - tir N0, arme: lance-torpilleI => chance 118(99),  hit, degat (2)
 - tir N0, arme: lance-torpilleI => chance 118(99),  hit, degat (2)
 - tir N0, arme: lance-torpilleI => chance 118(99),  hit, degat (2)
 - tir N0, arme: lance-torpilleI => chance 118(99),  hit, degat (2)
 - tir N0, arme: lance-torpilleI => chance 118(99),  hit, degat (2)
 - tir N0, arme: lance-torpilleI => chance 118(99),  hit, degat (2)
 - tir N0, arme: lance-torpilleI => chance 118(99),  hit, degat (2)
 - tir N0, arme: lance-torpilleI => chance 118(99),  hit, degat (2)
 - tir N0, arme: lance-torpilleI => chance 118(99),  hit, degat (2)
 - tir N0, arme: lance-torpilleI => chance 118(99),  hit, degat (2)
 - tir N0, arme: lance-torpilleI => chance 118(99),  hit, degat (2)
 - tir N0, arme: lance-torpilleI => chance 118(99),  hit, degat (2), cible detruire
[F11_4 VS F92_0]  C4 , tir vaisseau N°0/63 (Supercroiseur standard, race: 4) , attP: (x:31|y:19|z:-5) , cible: Supercroiseur standard, deffP: (x:22|y:20|z:-3), distance: 9
 - tir N0, arme: laserI - chance < 0 , exit
 - tir N1, arme: laserI - chance < 0 , exit
 - tir N2, arme: laserI - chance < 0 , exit
 - tir N3, arme: laserI - chance < 0 , exit
 - tir N4, arme: laserI - chance < 0 , exit
 - tir N5, arme: laserI - chance < 0 , exit
 - tir N6, arme: laserI - chance < 0 , exit
 - tir N7, arme: laserI - chance < 0 , exit
 - tir N8, arme: laserI - chance < 0 , exit
 - tir N9, arme: laserI - chance < 0 , exit
 - tir N10, arme: laserI - chance < 0 , exit
 - tir N11, arme: laserI - chance < 0 , exit
 - tir N12, arme: laserI - chance < 0 , exit
 - tir N13, arme: laserI - chance < 0 , exit
 - tir N14, arme: laserI - chance < 0 , exit
 - tir N15, arme: laserI - chance < 0 , exit
 - tir N16, arme: laserI - chance < 0 , exit
 - tir N17, arme: laserI - chance < 0 , exit
 - tir N18, arme: laserI - chance < 0 , exit
 - tir N19, arme: laserI - chance < 0 , exit
 - tir N20, arme: canon à plasmaI => chance 26(12),  miss
 - tir N20, arme: canon à plasmaI => chance 26(12),  miss
 - tir N20, arme: canon à plasmaI => chance 26(12),  miss
 - tir N20, arme: canon à plasmaI => chance 26(12),  hit, shielded (1)
 - tir N20, arme: canon à plasmaI => chance 26(12),  miss
 - tir N20, arme: canon à plasmaI => chance 26(12),  miss
 - tir N20, arme: canon à plasmaI => chance 26(12),  miss
 - tir N20, arme: canon à plasmaI => chance 26(12),  miss
 - tir N20, arme: canon à plasmaI => chance 26(12),  hit, shielded (1)
 - tir N20, arme: canon à plasmaI => chance 26(12),  hit, shielded (1)
 - tir N20, arme: canon à plasmaI => chance 26(12),  hit, shielded (1)
 - tir N20, arme: canon à plasmaI => chance 26(12),  hit, shielded (1)
 - tir N20, arme: canon à plasmaI => chance 26(12),  miss
 - tir N20, arme: canon à plasmaI => chance 26(12),  hit, shielded (1)
 - tir N20, arme: canon à plasmaI => chance 26(12),  miss
 - tir N20, arme: canon à plasmaI => chance 26(12),  hit, shielded (1)
 - tir N20, arme: canon à plasmaI => chance 26(12),  miss
 - tir N20, arme: canon à plasmaI => chance 26(12),  miss
 - tir N20, arme: canon à plasmaI => chance 26(12),  miss
 - tir N20, arme: canon à plasmaI => chance 26(12),  miss
 - tir N20, arme: lance-torpilleI => chance 24(12),  miss
 - tir N20, arme: lance-torpilleI => chance 24(12),  hit, shielded (1)
 - tir N20, arme: lance-torpilleI => chance 24(12),  miss
 - tir N20, arme: lance-torpilleI => chance 24(12),  hit, shielded (1)
 - tir N20, arme: lance-torpilleI => chance 24(12),  miss
 - tir N20, arme: lance-torpilleI => chance 24(12),  miss
 - tir N20, arme: lance-torpilleI => chance 24(12),  hit, shielded (1)
 - tir N20, arme: lance-torpilleI => chance 24(12),  hit, shielded (1)
 - tir N20, arme: lance-torpilleI => chance 24(12),  hit, shielded (1)
 - tir N20, arme: lance-torpilleI => chance 24(12),  miss
 - tir N20, arme: lance-torpilleI => chance 24(12),  miss
 - tir N20, arme: lance-torpilleI => chance 24(12),  miss
 - tir N20, arme: lance-torpilleI => chance 24(12),  miss
 - tir N20, arme: lance-torpilleI => chance 24(12),  miss
 - tir N20, arme: lance-torpilleI => chance 24(12),  hit, shielded (1)
 - tir N20, arme: lance-torpilleI => chance 24(12),  miss
 - tir N20, arme: lance-torpilleI => chance 24(12),  hit, shielded (1)
 - tir N20, arme: lance-torpilleI => chance 24(12),  hit, degat (2)
 - tir N20, arme: lance-torpilleI => chance 24(12),  miss
 - tir N20, arme: lance-torpilleI => chance 24(12),  miss
[F11_4 VS F92_0]  C4 , tir vaisseau N°0/3 (Torpilleur standard, race: 4) , attP: (x:15|y:31|z:-3) , cible: Fregate standard, deffP: (x:21|y:20|z:-3), distance: 11
 - tir N0, arme: lance-torpilleI => chance 17(12),  miss
 - tir N0, arme: lance-torpilleI => chance 17(12),  miss
 - tir N0, arme: lance-torpilleI => chance 17(12),  miss
 - tir N0, arme: lance-torpilleI => chance 17(12),  hit, degat (2)
[F11_4 VS F92_0]  C4 , tir vaisseau N°0/63 (Croiseur standard, race: 4) , attP: (x:21|y:20|z:-3) 
[F11_4 VS F92_0]  C4 , tir vaisseau N°0/63 (Croiseur standard, race: 4) , attP: (x:1|y:31|z:-4) , cible: Supercroiseur standard, deffP: (x:10|y:15|z:5), distance: 16
 - tir N0, arme: canon à plasmaI - chance < 0 , exit
 - tir N1, arme: canon à plasmaI - chance < 0 , exit
 - tir N2, arme: canon à plasmaI - chance < 0 , exit
 - tir N3, arme: canon à plasmaI - chance < 0 , exit
 - tir N4, arme: canon à plasmaI - chance < 0 , exit
 - tir N5, arme: canon à plasmaI - chance < 0 , exit
 - tir N6, arme: canon à plasmaI - chance < 0 , exit
 - tir N7, arme: canon à plasmaI - chance < 0 , exit
 - tir N8, arme: canon à plasmaI - chance < 0 , exit
 - tir N9, arme: canon à plasmaI - chance < 0 , exit
 - tir N10, arme: missileI - chance < 0 , exit
 - tir N11, arme: missileI - chance < 0 , exit
 - tir N12, arme: missileI - chance < 0 , exit
 - tir N13, arme: missileI - chance < 0 , exit
 - tir N14, arme: missileI - chance < 0 , exit
 - tir N15, arme: missileI - chance < 0 , exit
 - tir N16, arme: missileI - chance < 0 , exit
 - tir N17, arme: missileI - chance < 0 , exit
 - tir N18, arme: missileI - chance < 0 , exit
 - tir N19, arme: missileI - chance < 0 , exit
 - tir N20, arme: lance-torpilleI => chance 17(12),  miss
 - tir N20, arme: lance-torpilleI => chance 17(12),  miss
 - tir N20, arme: lance-torpilleI => chance 17(12),  miss
 - tir N20, arme: lance-torpilleI => chance 17(12),  miss
 - tir N20, arme: lance-torpilleI => chance 17(12),  miss
 - tir N20, arme: lance-torpilleI => chance 17(12),  miss
 - tir N20, arme: lance-torpilleI => chance 17(12),  hit, shielded (1)
 - tir N20, arme: lance-torpilleI => chance 17(12),  miss
 - tir N20, arme: lance-torpilleI => chance 17(12),  miss
 - tir N20, arme: lance-torpilleI => chance 17(12),  miss
[F11_4 VS F92_0]  C4 , tir vaisseau N°0/7 (Colonisateur, race: 4) , attP: (x:13|y:14|z:6) , cible: Supercroiseur standard, deffP: (x:10|y:15|z:5), distance: 3
 - pas darmes valides
[F11_4 VS F92_0]  C4 , tir vaisseau N°0/7 (Colonisateur, race: 4) , attP: (x:58|y:12|z:14) , cible: Supercroiseur standard, deffP: (x:10|y:15|z:5), distance: 48
 - pas darmes valides
[F11_4 VS F92_0]  C0 , tir vaisseau N°0/7 (Colonisateur, race: 6) , attP: (x:34|y:1020|z:14) , cible: Destroyer standard, deffP: (x:21|y:18|z:-3), distance: 1 002
 - pas darmes valides
[F11_4 VS F92_0]  C4 , tir vaisseau N°0/63 (Croiseur standard, race: 4) , attP: (x:15|y:36|z:-3) , cible: Fregate standard, deffP: (x:21|y:20|z:-3), distance: 16
 - tir N0, arme: canon à plasmaI - chance < 0 , exit
 - tir N1, arme: canon à plasmaI - chance < 0 , exit
 - tir N2, arme: canon à plasmaI - chance < 0 , exit
 - tir N3, arme: canon à plasmaI - chance < 0 , exit
 - tir N4, arme: canon à plasmaI - chance < 0 , exit
 - tir N5, arme: canon à plasmaI - chance < 0 , exit
 - tir N6, arme: canon à plasmaI - chance < 0 , exit
 - tir N7, arme: canon à plasmaI - chance < 0 , exit
 - tir N8, arme: canon à plasmaI - chance < 0 , exit
 - tir N9, arme: canon à plasmaI - chance < 0 , exit
 - tir N10, arme: missileI - chance < 0 , exit
 - tir N11, arme: missileI - chance < 0 , exit
 - tir N12, arme: missileI - chance < 0 , exit
 - tir N13, arme: missileI - chance < 0 , exit
 - tir N14, arme: missileI - chance < 0 , exit
 - tir N15, arme: missileI - chance < 0 , exit
 - tir N16, arme: missileI - chance < 0 , exit
 - tir N17, arme: missileI - chance < 0 , exit
 - tir N18, arme: missileI - chance < 0 , exit
 - tir N19, arme: missileI - chance < 0 , exit
 - tir N20, arme: lance-torpilleI => chance 14(12),  miss
 - tir N20, arme: lance-torpilleI => chance 14(12),  miss
 - tir N20, arme: lance-torpilleI => chance 14(12),  miss
 - tir N20, arme: lance-torpilleI => chance 14(12),  miss
 - tir N20, arme: lance-torpilleI => chance 14(12),  miss
 - tir N20, arme: lance-torpilleI => chance 14(12),  miss
 - tir N20, arme: lance-torpilleI => chance 14(12),  miss
 - tir N20, arme: lance-torpilleI => chance 14(12),  miss
 - tir N20, arme: lance-torpilleI => chance 14(12),  miss
 - tir N20, arme: lance-torpilleI => chance 14(12),  miss
[F11_4 VS F92_0]  C0 , tir vaisseau N°0/3 (Grand Bombardier standard, race: 6) , attP: (x:-11|y:1020|z:65) 
FIN DE TOUR: F1  111, F2 : 40
TOUR DE COMBAT 2
[F11_4 VS F92_0]  C0 , tir vaisseau N°0/3 (Chasseur standard, race: 6) , attP: (x:21|y:1020|z:-3) , cible: Destroyer standard, deffP: (x:21|y:1020|z:-3), distance: 0
 - tir N0, arme: laserI => chance 120(100),  hit, shielded (2)
 - tir N0, arme: laserI => chance 120(100),  hit, shielded (2)
 - tir N0, arme: laserI => chance 120(100),  hit, shielded (2)
 - tir N0, arme: laserI => chance 120(100),  hit, degat (1)
[F11_4 VS F92_0]  C4 , tir vaisseau N°0/0 (Intercepteur standard, race: 4) , attP: (x:1|y:1020|z:5) , cible: Supercroiseur standard, deffP: (x:1|y:1020|z:5), distance: 0
 - tir N0, arme: laserI => chance 27(12),  miss
[F11_4 VS F92_0]  C4 , tir vaisseau N°0/0 (Intercepteur standard, race: 4) , attP: (x:21|y:20|z:-3) , cible: Chasseur standard, deffP: (x:21|y:1020|z:-3), distance: 1 000
 - tir N0, arme: laserI - chance < 0 , exit
[F11_4 VS F92_0]  C0 , tir vaisseau N°0/3 (Chasseur standard, race: 6) , attP: (x:21|y:1020|z:-3) , cible: Intercepteur standard, deffP: (x:21|y:1020|z:-3), distance: 0
 - tir N0, arme: laserI => chance 150(100),  hit, degat (1)
 - tir N0, arme: laserI => chance 150(100),  hit, degat (1), cible detruire
[F11_4 VS F92_0]  C4 , tir vaisseau N°0/25 (Destroyer standard, race: 4) , attP: (x:21|y:1020|z:-3) , cible: Fregate standard, deffP: (x:21|y:1020|z:-3), distance: 0
 - tir N0, arme: laserI => chance 37(12),  miss
 - tir N0, arme: laserI => chance 37(12),  miss
 - tir N0, arme: laserI => chance 37(12),  miss
 - tir N0, arme: laserI => chance 37(12),  miss
 - tir N0, arme: laserI => chance 37(12),  miss
 - tir N0, arme: laserI => chance 37(12),  miss
 - tir N0, arme: laserI => chance 37(12),  miss
 - tir N0, arme: laserI => chance 37(12),  hit, degat (1), cible detruire
[F11_4 VS F92_0]  C4 , tir vaisseau N°0/0 (Intercepteur standard, race: 4) , attP: (x:13|y:14|z:6) , cible: Supercroiseur standard, deffP: (x:13|y:14|z:6), distance: 0
 - tir N0, arme: laserI => chance 27(12),  hit, degat (1)
[F11_4 VS F92_0]  C0 , tir vaisseau N°0/0 (Intercepteur standard, race: 6) , attP: (x:38|y:1020|z:5) , cible: Croiseur standard, deffP: (x:35|y:1020|z:5), distance: 3
 - tir N0, arme: laserI => chance 109(99),  hit, shielded (2)
[F11_4 VS F92_0]  C4 , tir vaisseau N°0/15 (Fregate standard, race: 4) , attP: (x:1|y:1020|z:5) , cible: Supercroiseur standard, deffP: (x:1|y:1020|z:5), distance: 0
 - tir N0, arme: canon à plasmaI => chance 57(12),  hit, shielded (1)
 - tir N0, arme: canon à plasmaI => chance 57(12),  miss
 - tir N0, arme: canon à plasmaI => chance 57(12),  hit, degat (1)
 - tir N0, arme: canon à plasmaI => chance 57(12),  hit, degat (1)
 - tir N0, arme: canon à plasmaI => chance 57(12),  miss
 - tir N0, arme: canon à plasmaI => chance 57(12),  hit, degat (1)
 - tir N0, arme: canon à plasmaI => chance 57(12),  miss
 - tir N0, arme: canon à plasmaI => chance 57(12),  hit, degat (1)
 - tir N0, arme: canon à plasmaI => chance 57(12),  miss
 - tir N0, arme: canon à plasmaI => chance 57(12),  hit, degat (1)
[F11_4 VS F92_0]  C4 , tir vaisseau N°0/25 (Destroyer standard, race: 4) , attP: (x:21|y:1020|z:-3) 
[F11_4 VS F92_0]  C4 , tir vaisseau N°0/25 (Destroyer standard, race: 4) , attP: (x:21|y:1020|z:-3) 
[F11_4 VS F92_0]  C4 , tir vaisseau N°0/0 (Intercepteur standard, race: 4) , attP: (x:21|y:1020|z:-3) 
[F11_4 VS F92_0]  C4 , tir vaisseau N°0/3 (Torpilleur standard, race: 4) , attP: (x:29|y:1020|z:11) , cible: Colonisateur, deffP: (x:34|y:1020|z:14), distance: 5
 - tir N0, arme: lance-torpilleI => chance 14(12),  miss
 - tir N0, arme: lance-torpilleI => chance 14(12),  miss
 - tir N0, arme: lance-torpilleI => chance 14(12),  miss
 - tir N0, arme: lance-torpilleI => chance 14(12),  miss
[F11_4 VS F92_0]  C4 , tir vaisseau N°0/15 (Fregate standard, race: 4) , attP: (x:13|y:14|z:6) , cible: Supercroiseur standard, deffP: (x:13|y:14|z:6), distance: 0
 - tir N0, arme: canon à plasmaI => chance 57(12),  miss
 - tir N0, arme: canon à plasmaI => chance 57(12),  hit, degat (1)
 - tir N0, arme: canon à plasmaI => chance 57(12),  hit, degat (1)
 - tir N0, arme: canon à plasmaI => chance 57(12),  hit, degat (1)
 - tir N0, arme: canon à plasmaI => chance 57(12),  hit, degat (1)
 - tir N0, arme: canon à plasmaI => chance 57(12),  hit, degat (1)
 - tir N0, arme: canon à plasmaI => chance 57(12),  miss
 - tir N0, arme: canon à plasmaI => chance 57(12),  hit, degat (1)
 - tir N0, arme: canon à plasmaI => chance 57(12),  hit, degat (1)
 - tir N0, arme: canon à plasmaI => chance 57(12),  hit, degat (1)
[F11_4 VS F92_0]  C4 , tir vaisseau N°0/25 (Destroyer standard, race: 4) , attP: (x:21|y:1020|z:-3) 
[F11_4 VS F92_0]  C0 , tir vaisseau N°0/3 (Torpilleur standard, race: 6) , attP: (x:34|y:1020|z:4) , cible: Supercroiseur standard, deffP: (x:34|y:1020|z:4), distance: 0
 - tir N0, arme: lance-torpilleI => chance 119(99),  hit, shielded (1)
 - tir N0, arme: lance-torpilleI => chance 119(99),  hit, shielded (1)
 - tir N0, arme: lance-torpilleI => chance 119(99),  hit, shielded (1)
 - tir N0, arme: lance-torpilleI => chance 119(99),  hit, shielded (1)
[F11_4 VS F92_0]  C4 , tir vaisseau N°0/3 (Torpilleur standard, race: 4) , attP: (x:29|y:1020|z:11) , cible: Colonisateur, deffP: (x:34|y:1020|z:14), distance: 5
 - tir N0, arme: lance-torpilleI => chance 14(12),  miss
 - tir N0, arme: lance-torpilleI => chance 14(12),  miss
 - tir N0, arme: lance-torpilleI => chance 14(12),  miss
 - tir N0, arme: lance-torpilleI => chance 14(12),  miss
[F11_4 VS F92_0]  C4 , tir vaisseau N°0/3 (Torpilleur standard, race: 4) , attP: (x:13|y:14|z:6) , cible: Intercepteur standard, deffP: (x:38|y:1020|z:5), distance: 1 006
 - tir N0, arme: lance-torpilleI - chance < 0 , exit
 - tir N1, arme: lance-torpilleI - chance < 0 , exit
 - tir N2, arme: lance-torpilleI - chance < 0 , exit
 - tir N3, arme: lance-torpilleI - chance < 0 , exit
[F11_4 VS F92_0]  C4 , tir vaisseau N°0/3 (Torpilleur standard, race: 4) , attP: (x:1|y:1020|z:5) , cible: Supercroiseur standard, deffP: (x:1|y:1020|z:5), distance: 0
 - tir N0, arme: lance-torpilleI => chance 32(12),  miss
 - tir N0, arme: lance-torpilleI => chance 32(12),  miss
 - tir N0, arme: lance-torpilleI => chance 32(12),  miss
 - tir N0, arme: lance-torpilleI => chance 32(12),  miss
[F11_4 VS F92_0]  C0 , tir vaisseau N°0/3 (Torpilleur standard, race: 6) , attP: (x:35|y:1020|z:5) , cible: Croiseur standard, deffP: (x:35|y:1020|z:5), distance: 0
 - tir N0, arme: lance-torpilleI => chance 119(99),  hit, shielded (1)
 - tir N0, arme: lance-torpilleI => chance 119(99),  hit, shielded (1)
 - tir N0, arme: lance-torpilleI => chance 119(99),  hit, shielded (1)
 - tir N0, arme: lance-torpilleI => chance 119(99),  hit, shielded (1)
[F11_4 VS F92_0]  C4 , tir vaisseau N°0/15 (Fregate standard, race: 4) , attP: (x:1|y:1020|z:5) , cible: Supercroiseur standard, deffP: (x:1|y:1020|z:5), distance: 0
 - tir N0, arme: canon à plasmaI => chance 57(12),  miss
 - tir N0, arme: canon à plasmaI => chance 57(12),  miss
 - tir N0, arme: canon à plasmaI => chance 57(12),  hit, degat (1)
 - tir N0, arme: canon à plasmaI => chance 57(12),  hit, degat (1)
 - tir N0, arme: canon à plasmaI => chance 57(12),  miss
 - tir N0, arme: canon à plasmaI => chance 57(12),  miss
 - tir N0, arme: canon à plasmaI => chance 57(12),  hit, degat (1)
 - tir N0, arme: canon à plasmaI => chance 57(12),  miss
 - tir N0, arme: canon à plasmaI => chance 57(12),  miss
 - tir N0, arme: canon à plasmaI => chance 57(12),  miss
[F11_4 VS F92_0]  C0 , tir vaisseau N°0/63 (Supercroiseur standard, race: 6) , attP: (x:13|y:14|z:6) , cible: Colonisateur, deffP: (x:13|y:14|z:6), distance: 0
 - tir N0, arme: laserI => chance 134(99),  hit, degat (1)
 - tir N0, arme: laserI => chance 134(99),  hit, degat (1)
 - tir N0, arme: laserI => chance 134(99),  hit, degat (1), cible detruire
[F11_4 VS F92_0]  C4 , tir vaisseau N°0/3 (Torpilleur standard, race: 4) , attP: (x:22|y:20|z:-3) , cible: Supercroiseur standard, deffP: (x:13|y:14|z:6), distance: 9
 - tir N0, arme: lance-torpilleI => chance 24(12),  hit, degat (2)
 - tir N0, arme: lance-torpilleI => chance 24(12),  miss
 - tir N0, arme: lance-torpilleI => chance 24(12),  hit, degat (2)
 - tir N0, arme: lance-torpilleI => chance 24(12),  miss
[F11_4 VS F92_0]  C0 , tir vaisseau N°0/63 (Supercroiseur standard, race: 6) , attP: (x:1|y:1020|z:5) , cible: Croiseur standard, deffP: (x:35|y:1020|z:5), distance: 34
 - tir N0, arme: laserI - chance < 0 , exit
 - tir N1, arme: laserI - chance < 0 , exit
 - tir N2, arme: laserI - chance < 0 , exit
 - tir N3, arme: laserI - chance < 0 , exit
 - tir N4, arme: laserI - chance < 0 , exit
 - tir N5, arme: laserI - chance < 0 , exit
 - tir N6, arme: laserI - chance < 0 , exit
 - tir N7, arme: laserI - chance < 0 , exit
 - tir N8, arme: laserI - chance < 0 , exit
 - tir N9, arme: laserI - chance < 0 , exit
 - tir N10, arme: laserI - chance < 0 , exit
 - tir N11, arme: laserI - chance < 0 , exit
 - tir N12, arme: laserI - chance < 0 , exit
 - tir N13, arme: laserI - chance < 0 , exit
 - tir N14, arme: laserI - chance < 0 , exit
 - tir N15, arme: laserI - chance < 0 , exit
 - tir N16, arme: laserI - chance < 0 , exit
 - tir N17, arme: canon à plasmaI - chance < 0 , exit
 - tir N18, arme: canon à plasmaI - chance < 0 , exit
 - tir N19, arme: canon à plasmaI - chance < 0 , exit
 - tir N20, arme: canon à plasmaI - chance < 0 , exit
 - tir N21, arme: canon à plasmaI - chance < 0 , exit
 - tir N22, arme: canon à plasmaI - chance < 0 , exit
 - tir N23, arme: canon à plasmaI - chance < 0 , exit
 - tir N24, arme: canon à plasmaI - chance < 0 , exit
 - tir N25, arme: canon à plasmaI - chance < 0 , exit
 - tir N26, arme: canon à plasmaI - chance < 0 , exit
 - tir N27, arme: canon à plasmaI - chance < 0 , exit
 - tir N28, arme: canon à plasmaI - chance < 0 , exit
 - tir N29, arme: canon à plasmaI - chance < 0 , exit
 - tir N30, arme: canon à plasmaI - chance < 0 , exit
 - tir N31, arme: canon à plasmaI - chance < 0 , exit
 - tir N32, arme: canon à plasmaI - chance < 0 , exit
 - tir N33, arme: canon à plasmaI - chance < 0 , exit
 - tir N34, arme: canon à plasmaI - chance < 0 , exit
 - tir N35, arme: lance-torpilleI - chance < 0 , exit
 - tir N36, arme: lance-torpilleI - chance < 0 , exit
 - tir N37, arme: lance-torpilleI - chance < 0 , exit
 - tir N38, arme: lance-torpilleI - chance < 0 , exit
 - tir N39, arme: lance-torpilleI - chance < 0 , exit
 - tir N40, arme: lance-torpilleI - chance < 0 , exit
 - tir N41, arme: lance-torpilleI - chance < 0 , exit
 - tir N42, arme: lance-torpilleI - chance < 0 , exit
 - tir N43, arme: lance-torpilleI - chance < 0 , exit
 - tir N44, arme: lance-torpilleI - chance < 0 , exit
 - tir N45, arme: lance-torpilleI - chance < 0 , exit
 - tir N46, arme: lance-torpilleI - chance < 0 , exit
 - tir N47, arme: lance-torpilleI - chance < 0 , exit
 - tir N48, arme: lance-torpilleI - chance < 0 , exit
 - tir N49, arme: lance-torpilleI - chance < 0 , exit
 - tir N50, arme: lance-torpilleI - chance < 0 , exit
 - tir N51, arme: lance-torpilleI - chance < 0 , exit
 - tir N52, arme: lance-torpilleI - chance < 0 , exit
[F11_4 VS F92_0]  C4 , tir vaisseau N°0/63 (Supercroiseur standard, race: 4) , attP: (x:25|y:989|z:-3) , cible: Supercroiseur standard, deffP: (x:13|y:14|z:6), distance: 975
 - tir N0, arme: laserI - chance < 0 , exit
 - tir N1, arme: laserI - chance < 0 , exit
 - tir N2, arme: laserI - chance < 0 , exit
 - tir N3, arme: laserI - chance < 0 , exit
 - tir N4, arme: laserI - chance < 0 , exit
 - tir N5, arme: laserI - chance < 0 , exit
 - tir N6, arme: laserI - chance < 0 , exit
 - tir N7, arme: laserI - chance < 0 , exit
 - tir N8, arme: laserI - chance < 0 , exit
 - tir N9, arme: laserI - chance < 0 , exit
 - tir N10, arme: laserI - chance < 0 , exit
 - tir N11, arme: laserI - chance < 0 , exit
 - tir N12, arme: laserI - chance < 0 , exit
 - tir N13, arme: laserI - chance < 0 , exit
 - tir N14, arme: laserI - chance < 0 , exit
 - tir N15, arme: laserI - chance < 0 , exit
 - tir N16, arme: laserI - chance < 0 , exit
 - tir N17, arme: laserI - chance < 0 , exit
 - tir N18, arme: laserI - chance < 0 , exit
 - tir N19, arme: laserI - chance < 0 , exit
 - tir N20, arme: canon à plasmaI - chance < 0 , exit
 - tir N21, arme: canon à plasmaI - chance < 0 , exit
 - tir N22, arme: canon à plasmaI - chance < 0 , exit
 - tir N23, arme: canon à plasmaI - chance < 0 , exit
 - tir N24, arme: canon à plasmaI - chance < 0 , exit
 - tir N25, arme: canon à plasmaI - chance < 0 , exit
 - tir N26, arme: canon à plasmaI - chance < 0 , exit
 - tir N27, arme: canon à plasmaI - chance < 0 , exit
 - tir N28, arme: canon à plasmaI - chance < 0 , exit
 - tir N29, arme: canon à plasmaI - chance < 0 , exit
 - tir N30, arme: canon à plasmaI - chance < 0 , exit
 - tir N31, arme: canon à plasmaI - chance < 0 , exit
 - tir N32, arme: canon à plasmaI - chance < 0 , exit
 - tir N33, arme: canon à plasmaI - chance < 0 , exit
 - tir N34, arme: canon à plasmaI - chance < 0 , exit
 - tir N35, arme: canon à plasmaI - chance < 0 , exit
 - tir N36, arme: canon à plasmaI - chance < 0 , exit
 - tir N37, arme: canon à plasmaI - chance < 0 , exit
 - tir N38, arme: canon à plasmaI - chance < 0 , exit
 - tir N39, arme: canon à plasmaI - chance < 0 , exit
 - tir N40, arme: lance-torpilleI - chance < 0 , exit
 - tir N41, arme: lance-torpilleI - chance < 0 , exit
 - tir N42, arme: lance-torpilleI - chance < 0 , exit
 - tir N43, arme: lance-torpilleI - chance < 0 , exit
 - tir N44, arme: lance-torpilleI - chance < 0 , exit
 - tir N45, arme: lance-torpilleI - chance < 0 , exit
 - tir N46, arme: lance-torpilleI - chance < 0 , exit
 - tir N47, arme: lance-torpilleI - chance < 0 , exit
 - tir N48, arme: lance-torpilleI - chance < 0 , exit
 - tir N49, arme: lance-torpilleI - chance < 0 , exit
 - tir N50, arme: lance-torpilleI - chance < 0 , exit
 - tir N51, arme: lance-torpilleI - chance < 0 , exit
 - tir N52, arme: lance-torpilleI - chance < 0 , exit
 - tir N53, arme: lance-torpilleI - chance < 0 , exit
 - tir N54, arme: lance-torpilleI - chance < 0 , exit
 - tir N55, arme: lance-torpilleI - chance < 0 , exit
 - tir N56, arme: lance-torpilleI - chance < 0 , exit
 - tir N57, arme: lance-torpilleI - chance < 0 , exit
 - tir N58, arme: lance-torpilleI - chance < 0 , exit
 - tir N59, arme: lance-torpilleI - chance < 0 , exit
[F11_4 VS F92_0]  C4 , tir vaisseau N°0/3 (Torpilleur standard, race: 4) , attP: (x:16|y:20|z:-3) , cible: Chasseur standard, deffP: (x:21|y:1020|z:-3), distance: 1 000
 - tir N0, arme: lance-torpilleI - chance < 0 , exit
 - tir N1, arme: lance-torpilleI - chance < 0 , exit
 - tir N2, arme: lance-torpilleI - chance < 0 , exit
 - tir N3, arme: lance-torpilleI - chance < 0 , exit
[F11_4 VS F92_0]  C4 , tir vaisseau N°0/3 (Torpilleur standard, race: 4) , attP: (x:10|y:15|z:5) , cible: Supercroiseur standard, deffP: (x:1|y:1020|z:5), distance: 1 005
 - tir N0, arme: lance-torpilleI - chance < 0 , exit
 - tir N1, arme: lance-torpilleI - chance < 0 , exit
 - tir N2, arme: lance-torpilleI - chance < 0 , exit
 - tir N3, arme: lance-torpilleI - chance < 0 , exit
[F11_4 VS F92_0]  C4 , tir vaisseau N°0/3 (Torpilleur standard, race: 4) , attP: (x:21|y:1020|z:34) 
[F11_4 VS F92_0]  C0 , tir vaisseau N°0/3 (Torpilleur standard, race: 6) , attP: (x:39|y:1020|z:5) , cible: Croiseur standard, deffP: (x:35|y:1020|z:5), distance: 4
 - tir N0, arme: lance-torpilleI => chance 115(99),  hit, shielded (1)
 - tir N0, arme: lance-torpilleI => chance 115(99),  hit, shielded (1)
 - tir N0, arme: lance-torpilleI => chance 115(99),  hit, shielded (1)
 - tir N0, arme: lance-torpilleI => chance 115(99),  hit, shielded (1)
[F11_4 VS F92_0]  C4 , tir vaisseau N°0/7 (Colonisateur, race: 4) , attP: (x:29|y:23|z:77) , cible: Torpilleur standard, deffP: (x:34|y:1020|z:4), distance: 997
 - pas darmes valides
[F11_4 VS F92_0]  C4 , tir vaisseau N°0/7 (Colonisateur, race: 4) , attP: (x:0|y:18|z:53) , cible: Supercroiseur standard, deffP: (x:13|y:14|z:6), distance: 47
 - pas darmes valides
[F11_4 VS F92_0]  C0 , tir vaisseau N°0/3 (Grand Bombardier standard, race: 6) , attP: (x:26|y:1020|z:37) , cible: Supercroiseur standard, deffP: (x:25|y:989|z:-3), distance: 40
 - pas darmes valides
[F11_4 VS F92_0]  C4 , tir vaisseau N°0/63 (Supercroiseur standard, race: 4) , attP: (x:34|y:1020|z:4) , cible: Colonisateur, deffP: (x:34|y:1020|z:14), distance: 10
 - tir N0, arme: laserI - chance < 0 , exit
 - tir N1, arme: laserI - chance < 0 , exit
 - tir N2, arme: laserI - chance < 0 , exit
 - tir N3, arme: laserI - chance < 0 , exit
 - tir N4, arme: laserI - chance < 0 , exit
 - tir N5, arme: laserI - chance < 0 , exit
 - tir N6, arme: laserI - chance < 0 , exit
 - tir N7, arme: laserI - chance < 0 , exit
 - tir N8, arme: laserI - chance < 0 , exit
 - tir N9, arme: laserI - chance < 0 , exit
 - tir N10, arme: laserI - chance < 0 , exit
 - tir N11, arme: laserI - chance < 0 , exit
 - tir N12, arme: laserI - chance < 0 , exit
 - tir N13, arme: laserI - chance < 0 , exit
 - tir N14, arme: laserI - chance < 0 , exit
 - tir N15, arme: laserI - chance < 0 , exit
 - tir N16, arme: laserI - chance < 0 , exit
 - tir N17, arme: laserI - chance < 0 , exit
 - tir N18, arme: laserI - chance < 0 , exit
 - tir N19, arme: laserI - chance < 0 , exit
 - tir N20, arme: canon à plasmaI => chance 22(12),  hit, degat (1)
 - tir N20, arme: canon à plasmaI => chance 22(12),  hit, degat (1)
 - tir N20, arme: canon à plasmaI => chance 22(12),  hit, degat (1)
 - tir N20, arme: canon à plasmaI => chance 22(12),  miss
 - tir N20, arme: canon à plasmaI => chance 22(12),  miss
 - tir N20, arme: canon à plasmaI => chance 22(12),  miss
 - tir N20, arme: canon à plasmaI => chance 22(12),  miss
 - tir N20, arme: canon à plasmaI => chance 22(12),  miss
 - tir N20, arme: canon à plasmaI => chance 22(12),  hit, degat (1)
 - tir N20, arme: canon à plasmaI => chance 22(12),  miss
 - tir N20, arme: canon à plasmaI => chance 22(12),  miss
 - tir N20, arme: canon à plasmaI => chance 22(12),  miss
 - tir N20, arme: canon à plasmaI => chance 22(12),  miss
 - tir N20, arme: canon à plasmaI => chance 22(12),  miss
 - tir N20, arme: canon à plasmaI => chance 22(12),  hit, degat (1), cible detruire
[F11_4 VS F92_0]  C4 , tir vaisseau N°0/63 (Croiseur standard, race: 4) , attP: (x:21|y:1020|z:-3) 
[F11_4 VS F92_0]  C4 , tir vaisseau N°0/63 (Croiseur standard, race: 4) , attP: (x:10|y:22|z:5) , cible: Supercroiseur standard, deffP: (x:1|y:1020|z:5), distance: 998
 - tir N0, arme: canon à plasmaI - chance < 0 , exit
 - tir N1, arme: canon à plasmaI - chance < 0 , exit
 - tir N2, arme: canon à plasmaI - chance < 0 , exit
 - tir N3, arme: canon à plasmaI - chance < 0 , exit
 - tir N4, arme: canon à plasmaI - chance < 0 , exit
 - tir N5, arme: canon à plasmaI - chance < 0 , exit
 - tir N6, arme: canon à plasmaI - chance < 0 , exit
 - tir N7, arme: canon à plasmaI - chance < 0 , exit
 - tir N8, arme: canon à plasmaI - chance < 0 , exit
 - tir N9, arme: canon à plasmaI - chance < 0 , exit
 - tir N10, arme: missileI - chance < 0 , exit
 - tir N11, arme: missileI - chance < 0 , exit
 - tir N12, arme: missileI - chance < 0 , exit
 - tir N13, arme: missileI - chance < 0 , exit
 - tir N14, arme: missileI - chance < 0 , exit
 - tir N15, arme: missileI - chance < 0 , exit
 - tir N16, arme: missileI - chance < 0 , exit
 - tir N17, arme: missileI - chance < 0 , exit
 - tir N18, arme: missileI - chance < 0 , exit
 - tir N19, arme: missileI - chance < 0 , exit
 - tir N20, arme: lance-torpilleI - chance < 0 , exit
 - tir N21, arme: lance-torpilleI - chance < 0 , exit
 - tir N22, arme: lance-torpilleI - chance < 0 , exit
 - tir N23, arme: lance-torpilleI - chance < 0 , exit
 - tir N24, arme: lance-torpilleI - chance < 0 , exit
 - tir N25, arme: lance-torpilleI - chance < 0 , exit
 - tir N26, arme: lance-torpilleI - chance < 0 , exit
 - tir N27, arme: lance-torpilleI - chance < 0 , exit
 - tir N28, arme: lance-torpilleI - chance < 0 , exit
 - tir N29, arme: lance-torpilleI - chance < 0 , exit
[F11_4 VS F92_0]  C4 , tir vaisseau N°0/63 (Croiseur standard, race: 4) , attP: (x:35|y:1020|z:5) 
[F11_4 VS F92_0]  C0 , tir vaisseau N°0/7 (Colonisateur, race: 6) , attP: (x:34|y:1020|z:14) 
[F11_4 VS F92_0]  C4 , tir vaisseau N°0/7 (Colonisateur, race: 4) , attP: (x:13|y:14|z:6) 
[F11_4 VS F92_0]  C0 , tir vaisseau N°0/15 (Fregate standard, race: 6) , attP: (x:21|y:1020|z:-3) 
FIN DE TOUR: F1  117, F2 : 67
TOUR DE COMBAT 3
[F11_4 VS F92_0]  C0 , tir vaisseau N°0/3 (Chasseur standard, race: 6) , attP: (x:35|y:1020|z:5) , cible: Torpilleur standard, deffP: (x:1|y:1020|z:5), distance: 34
 - tir N0, arme: laserI - chance < 0 , exit
 - tir N1, arme: laserI - chance < 0 , exit
 - tir N2, arme: laserI - chance < 0 , exit
 - tir N3, arme: laserI - chance < 0 , exit
[F11_4 VS F92_0]  C0 , tir vaisseau N°0/3 (Chasseur standard, race: 6) , attP: (x:35|y:1020|z:5) , cible: Torpilleur standard, deffP: (x:1|y:1020|z:5), distance: 34
 - tir N0, arme: laserI - chance < 0 , exit
 - tir N1, arme: laserI - chance < 0 , exit
 - tir N2, arme: laserI - chance < 0 , exit
 - tir N3, arme: laserI - chance < 0 , exit
[F11_4 VS F92_0]  C4 , tir vaisseau N°0/0 (Intercepteur standard, race: 4) , attP: (x:6|y:1020|z:5) , cible: Supercroiseur standard, deffP: (x:4|y:1020|z:5), distance: 2
 - tir N0, arme: laserI => chance 23(12),  miss
[F11_4 VS F92_0]  C4 , tir vaisseau N°0/25 (Destroyer standard, race: 4) , attP: (x:21|y:1020|z:-3) , cible: Chasseur standard, deffP: (x:35|y:1020|z:5), distance: 14
 - tir N0, arme: laserI - chance < 0 , exit
 - tir N1, arme: laserI - chance < 0 , exit
 - tir N2, arme: laserI - chance < 0 , exit
 - tir N3, arme: laserI - chance < 0 , exit
 - tir N4, arme: laserI - chance < 0 , exit
 - tir N5, arme: laserI - chance < 0 , exit
 - tir N6, arme: laserI - chance < 0 , exit
 - tir N7, arme: laserI - chance < 0 , exit
 - tir N8, arme: laserI - chance < 0 , exit
 - tir N9, arme: laserI - chance < 0 , exit
 - tir N10, arme: canon à plasmaI - chance < 0 , exit
 - tir N11, arme: canon à plasmaI - chance < 0 , exit
 - tir N12, arme: canon à plasmaI - chance < 0 , exit
 - tir N13, arme: canon à plasmaI - chance < 0 , exit
 - tir N14, arme: canon à plasmaI - chance < 0 , exit
 - tir N15, arme: canon à plasmaI - chance < 0 , exit
 - tir N16, arme: canon à plasmaI - chance < 0 , exit
 - tir N17, arme: canon à plasmaI - chance < 0 , exit
 - tir N18, arme: canon à plasmaI - chance < 0 , exit
 - tir N19, arme: canon à plasmaI - chance < 0 , exit
[F11_4 VS F92_0]  C0 , tir vaisseau N°0/0 (Intercepteur standard, race: 6) , attP: (x:1|y:1020|z:5) , cible: Croiseur standard, deffP: (x:1|y:1020|z:5), distance: 0
 - tir N0, arme: laserI => chance 114(99),  hit, shielded (2)
[F11_4 VS F92_0]  C4 , tir vaisseau N°0/25 (Destroyer standard, race: 4) , attP: (x:32|y:1020|z:5) , cible: Supercroiseur standard, deffP: (x:1|y:1020|z:5), distance: 31
 - tir N0, arme: laserI - chance < 0 , exit
 - tir N1, arme: laserI - chance < 0 , exit
 - tir N2, arme: laserI - chance < 0 , exit
 - tir N3, arme: laserI - chance < 0 , exit
 - tir N4, arme: laserI - chance < 0 , exit
 - tir N5, arme: laserI - chance < 0 , exit
 - tir N6, arme: laserI - chance < 0 , exit
 - tir N7, arme: laserI - chance < 0 , exit
 - tir N8, arme: laserI - chance < 0 , exit
 - tir N9, arme: laserI - chance < 0 , exit
 - tir N10, arme: canon à plasmaI - chance < 0 , exit
 - tir N11, arme: canon à plasmaI - chance < 0 , exit
 - tir N12, arme: canon à plasmaI - chance < 0 , exit
 - tir N13, arme: canon à plasmaI - chance < 0 , exit
 - tir N14, arme: canon à plasmaI - chance < 0 , exit
 - tir N15, arme: canon à plasmaI - chance < 0 , exit
 - tir N16, arme: canon à plasmaI - chance < 0 , exit
 - tir N17, arme: canon à plasmaI - chance < 0 , exit
 - tir N18, arme: canon à plasmaI - chance < 0 , exit
 - tir N19, arme: canon à plasmaI - chance < 0 , exit
[F11_4 VS F92_0]  C4 , tir vaisseau N°0/0 (Intercepteur standard, race: 4) , attP: (x:1|y:1020|z:5) , cible: Supercroiseur standard, deffP: (x:1|y:1020|z:5), distance: 0
 - tir N0, arme: laserI => chance 27(12),  hit, degat (1)
[F11_4 VS F92_0]  C4 , tir vaisseau N°0/0 (Intercepteur standard, race: 4) , attP: (x:4|y:1020|z:5) , cible: Supercroiseur standard, deffP: (x:4|y:1020|z:5), distance: 0
 - tir N0, arme: laserI => chance 27(12),  hit, degat (1)
[F11_4 VS F92_0]  C0 , tir vaisseau N°0/3 (Torpilleur standard, race: 6) , attP: (x:21|y:1020|z:-3) , cible: Destroyer standard, deffP: (x:32|y:1020|z:5), distance: 11
 - tir N0, arme: lance-torpilleI => chance 106(99),  hit, shielded (1)
 - tir N0, arme: lance-torpilleI => chance 106(99),  hit, shielded (1)
 - tir N0, arme: lance-torpilleI => chance 106(99),  hit, shielded (1)
 - tir N0, arme: lance-torpilleI => chance 106(99),  hit, shielded (1)
[F11_4 VS F92_0]  C4 , tir vaisseau N°0/25 (Destroyer standard, race: 4) , attP: (x:32|y:1020|z:5) , cible: Supercroiseur standard, deffP: (x:1|y:1020|z:5), distance: 31
 - tir N0, arme: laserI - chance < 0 , exit
 - tir N1, arme: laserI - chance < 0 , exit
 - tir N2, arme: laserI - chance < 0 , exit
 - tir N3, arme: laserI - chance < 0 , exit
 - tir N4, arme: laserI - chance < 0 , exit
 - tir N5, arme: laserI - chance < 0 , exit
 - tir N6, arme: laserI - chance < 0 , exit
 - tir N7, arme: laserI - chance < 0 , exit
 - tir N8, arme: laserI - chance < 0 , exit
 - tir N9, arme: laserI - chance < 0 , exit
 - tir N10, arme: canon à plasmaI - chance < 0 , exit
 - tir N11, arme: canon à plasmaI - chance < 0 , exit
 - tir N12, arme: canon à plasmaI - chance < 0 , exit
 - tir N13, arme: canon à plasmaI - chance < 0 , exit
 - tir N14, arme: canon à plasmaI - chance < 0 , exit
 - tir N15, arme: canon à plasmaI - chance < 0 , exit
 - tir N16, arme: canon à plasmaI - chance < 0 , exit
 - tir N17, arme: canon à plasmaI - chance < 0 , exit
 - tir N18, arme: canon à plasmaI - chance < 0 , exit
 - tir N19, arme: canon à plasmaI - chance < 0 , exit
[F11_4 VS F92_0]  C4 , tir vaisseau N°0/3 (Torpilleur standard, race: 4) , attP: (x:4|y:1020|z:5) , cible: Supercroiseur standard, deffP: (x:4|y:1020|z:5), distance: 0
 - tir N0, arme: lance-torpilleI => chance 32(12),  miss
 - tir N0, arme: lance-torpilleI => chance 32(12),  miss
 - tir N0, arme: lance-torpilleI => chance 32(12),  hit, degat (2)
 - tir N0, arme: lance-torpilleI => chance 32(12),  hit, degat (2)
[F11_4 VS F92_0]  C4 , tir vaisseau N°0/25 (Destroyer standard, race: 4) , attP: (x:32|y:1020|z:5) , cible: Supercroiseur standard, deffP: (x:1|y:1020|z:5), distance: 31
 - tir N0, arme: laserI - chance < 0 , exit
 - tir N1, arme: laserI - chance < 0 , exit
 - tir N2, arme: laserI - chance < 0 , exit
 - tir N3, arme: laserI - chance < 0 , exit
 - tir N4, arme: laserI - chance < 0 , exit
 - tir N5, arme: laserI - chance < 0 , exit
 - tir N6, arme: laserI - chance < 0 , exit
 - tir N7, arme: laserI - chance < 0 , exit
 - tir N8, arme: laserI - chance < 0 , exit
 - tir N9, arme: canon à plasmaI - chance < 0 , exit
 - tir N10, arme: canon à plasmaI - chance < 0 , exit
 - tir N11, arme: canon à plasmaI - chance < 0 , exit
 - tir N12, arme: canon à plasmaI - chance < 0 , exit
 - tir N13, arme: canon à plasmaI - chance < 0 , exit
 - tir N14, arme: canon à plasmaI - chance < 0 , exit
 - tir N15, arme: canon à plasmaI - chance < 0 , exit
 - tir N16, arme: canon à plasmaI - chance < 0 , exit
 - tir N17, arme: canon à plasmaI - chance < 0 , exit
 - tir N18, arme: canon à plasmaI - chance < 0 , exit
[F11_4 VS F92_0]  C4 , tir vaisseau N°0/15 (Fregate standard, race: 4) , attP: (x:1|y:994|z:48) , cible: Torpilleur standard, deffP: (x:40|y:994|z:48), distance: 39
 - tir N0, arme: canon à plasmaI - chance < 0 , exit
 - tir N1, arme: canon à plasmaI - chance < 0 , exit
 - tir N2, arme: canon à plasmaI - chance < 0 , exit
 - tir N3, arme: canon à plasmaI - chance < 0 , exit
 - tir N4, arme: canon à plasmaI - chance < 0 , exit
 - tir N5, arme: canon à plasmaI - chance < 0 , exit
 - tir N6, arme: canon à plasmaI - chance < 0 , exit
 - tir N7, arme: canon à plasmaI - chance < 0 , exit
 - tir N8, arme: canon à plasmaI - chance < 0 , exit
 - tir N9, arme: canon à plasmaI - chance < 0 , exit
[F11_4 VS F92_0]  C4 , tir vaisseau N°0/15 (Fregate standard, race: 4) , attP: (x:1|y:1020|z:5) , cible: Supercroiseur standard, deffP: (x:1|y:1020|z:5), distance: 0
 - tir N0, arme: canon à plasmaI => chance 57(12),  miss
 - tir N0, arme: canon à plasmaI => chance 57(12),  miss
 - tir N0, arme: canon à plasmaI => chance 57(12),  miss
 - tir N0, arme: canon à plasmaI => chance 57(12),  hit, degat (1)
 - tir N0, arme: canon à plasmaI => chance 57(12),  hit, degat (1)
 - tir N0, arme: canon à plasmaI => chance 57(12),  miss
 - tir N0, arme: canon à plasmaI => chance 57(12),  miss
 - tir N0, arme: canon à plasmaI => chance 57(12),  hit, degat (1)
 - tir N0, arme: canon à plasmaI => chance 57(12),  hit, degat (1)
 - tir N0, arme: canon à plasmaI => chance 57(12),  miss
[F11_4 VS F92_0]  C4 , tir vaisseau N°0/3 (Torpilleur standard, race: 4) , attP: (x:8|y:1020|z:5) , cible: Supercroiseur standard, deffP: (x:4|y:1020|z:5), distance: 4
 - tir N0, arme: lance-torpilleI => chance 28(12),  miss
 - tir N0, arme: lance-torpilleI => chance 28(12),  miss
 - tir N0, arme: lance-torpilleI => chance 28(12),  miss
 - tir N0, arme: lance-torpilleI => chance 28(12),  miss
[F11_4 VS F92_0]  C4 , tir vaisseau N°0/3 (Torpilleur standard, race: 4) , attP: (x:1|y:1020|z:5) , cible: Supercroiseur standard, deffP: (x:1|y:1020|z:5), distance: 0
 - tir N0, arme: lance-torpilleI => chance 32(12),  miss
 - tir N0, arme: lance-torpilleI => chance 32(12),  hit, degat (2)
 - tir N0, arme: lance-torpilleI => chance 32(12),  miss
 - tir N0, arme: lance-torpilleI => chance 32(12),  miss
[F11_4 VS F92_0]  C4 , tir vaisseau N°0/15 (Fregate standard, race: 4) , attP: (x:1|y:1020|z:5) , cible: Supercroiseur standard, deffP: (x:1|y:1020|z:5), distance: 0
 - tir N0, arme: canon à plasmaI => chance 57(12),  hit, degat (1)
 - tir N0, arme: canon à plasmaI => chance 57(12),  hit, degat (1)
 - tir N0, arme: canon à plasmaI => chance 57(12),  hit, degat (1)
 - tir N0, arme: canon à plasmaI => chance 57(12),  miss
 - tir N0, arme: canon à plasmaI => chance 57(12),  hit, degat (1)
 - tir N0, arme: canon à plasmaI => chance 57(12),  miss
 - tir N0, arme: canon à plasmaI => chance 57(12),  miss
 - tir N0, arme: canon à plasmaI => chance 57(12),  hit, degat (1)
 - tir N0, arme: canon à plasmaI => chance 57(12),  hit, degat (1)
 - tir N0, arme: canon à plasmaI => chance 57(12),  hit, degat (1)
[F11_4 VS F92_0]  C4 , tir vaisseau N°0/63 (Supercroiseur standard, race: 4) , attP: (x:38|y:1020|z:5) , cible: Intercepteur standard, deffP: (x:1|y:1020|z:5), distance: 37
 - tir N0, arme: laserI - chance < 0 , exit
 - tir N1, arme: laserI - chance < 0 , exit
 - tir N2, arme: laserI - chance < 0 , exit
 - tir N3, arme: laserI - chance < 0 , exit
 - tir N4, arme: laserI - chance < 0 , exit
 - tir N5, arme: laserI - chance < 0 , exit
 - tir N6, arme: laserI - chance < 0 , exit
 - tir N7, arme: laserI - chance < 0 , exit
 - tir N8, arme: laserI - chance < 0 , exit
 - tir N9, arme: laserI - chance < 0 , exit
 - tir N10, arme: laserI - chance < 0 , exit
 - tir N11, arme: laserI - chance < 0 , exit
 - tir N12, arme: laserI - chance < 0 , exit
 - tir N13, arme: laserI - chance < 0 , exit
 - tir N14, arme: laserI - chance < 0 , exit
 - tir N15, arme: laserI - chance < 0 , exit
 - tir N16, arme: laserI - chance < 0 , exit
 - tir N17, arme: laserI - chance < 0 , exit
 - tir N18, arme: laserI - chance < 0 , exit
 - tir N19, arme: laserI - chance < 0 , exit
 - tir N20, arme: canon à plasmaI - chance < 0 , exit
 - tir N21, arme: canon à plasmaI - chance < 0 , exit
 - tir N22, arme: canon à plasmaI - chance < 0 , exit
 - tir N23, arme: canon à plasmaI - chance < 0 , exit
 - tir N24, arme: canon à plasmaI - chance < 0 , exit
 - tir N25, arme: canon à plasmaI - chance < 0 , exit
 - tir N26, arme: canon à plasmaI - chance < 0 , exit
 - tir N27, arme: canon à plasmaI - chance < 0 , exit
 - tir N28, arme: canon à plasmaI - chance < 0 , exit
 - tir N29, arme: canon à plasmaI - chance < 0 , exit
 - tir N30, arme: canon à plasmaI - chance < 0 , exit
 - tir N31, arme: canon à plasmaI - chance < 0 , exit
 - tir N32, arme: canon à plasmaI - chance < 0 , exit
 - tir N33, arme: canon à plasmaI - chance < 0 , exit
 - tir N34, arme: canon à plasmaI - chance < 0 , exit
 - tir N35, arme: canon à plasmaI - chance < 0 , exit
 - tir N36, arme: canon à plasmaI - chance < 0 , exit
 - tir N37, arme: canon à plasmaI - chance < 0 , exit
 - tir N38, arme: canon à plasmaI - chance < 0 , exit
 - tir N39, arme: canon à plasmaI - chance < 0 , exit
 - tir N40, arme: lance-torpilleI - chance < 0 , exit
 - tir N41, arme: lance-torpilleI - chance < 0 , exit
 - tir N42, arme: lance-torpilleI - chance < 0 , exit
 - tir N43, arme: lance-torpilleI - chance < 0 , exit
 - tir N44, arme: lance-torpilleI - chance < 0 , exit
 - tir N45, arme: lance-torpilleI - chance < 0 , exit
 - tir N46, arme: lance-torpilleI - chance < 0 , exit
 - tir N47, arme: lance-torpilleI - chance < 0 , exit
 - tir N48, arme: lance-torpilleI - chance < 0 , exit
 - tir N49, arme: lance-torpilleI - chance < 0 , exit
 - tir N50, arme: lance-torpilleI - chance < 0 , exit
 - tir N51, arme: lance-torpilleI - chance < 0 , exit
 - tir N52, arme: lance-torpilleI - chance < 0 , exit
 - tir N53, arme: lance-torpilleI - chance < 0 , exit
 - tir N54, arme: lance-torpilleI - chance < 0 , exit
 - tir N55, arme: lance-torpilleI - chance < 0 , exit
 - tir N56, arme: lance-torpilleI - chance < 0 , exit
 - tir N57, arme: lance-torpilleI - chance < 0 , exit
 - tir N58, arme: lance-torpilleI - chance < 0 , exit
 - tir N59, arme: lance-torpilleI - chance < 0 , exit
[F11_4 VS F92_0]  C4 , tir vaisseau N°0/63 (Croiseur standard, race: 4) , attP: (x:30|y:1020|z:5) , cible: Intercepteur standard, deffP: (x:1|y:1020|z:5), distance: 29
 - tir N0, arme: canon à plasmaI - chance < 0 , exit
 - tir N1, arme: canon à plasmaI - chance < 0 , exit
 - tir N2, arme: canon à plasmaI - chance < 0 , exit
 - tir N3, arme: canon à plasmaI - chance < 0 , exit
 - tir N4, arme: canon à plasmaI - chance < 0 , exit
 - tir N5, arme: canon à plasmaI - chance < 0 , exit
 - tir N6, arme: canon à plasmaI - chance < 0 , exit
 - tir N7, arme: canon à plasmaI - chance < 0 , exit
 - tir N8, arme: canon à plasmaI - chance < 0 , exit
 - tir N9, arme: canon à plasmaI - chance < 0 , exit
 - tir N10, arme: missileI - chance < 0 , exit
 - tir N11, arme: missileI - chance < 0 , exit
 - tir N12, arme: missileI - chance < 0 , exit
 - tir N13, arme: missileI - chance < 0 , exit
 - tir N14, arme: missileI - chance < 0 , exit
 - tir N15, arme: missileI - chance < 0 , exit
 - tir N16, arme: missileI - chance < 0 , exit
 - tir N17, arme: missileI - chance < 0 , exit
 - tir N18, arme: missileI - chance < 0 , exit
 - tir N19, arme: missileI - chance < 0 , exit
 - tir N20, arme: lance-torpilleI - chance < 0 , exit
 - tir N21, arme: lance-torpilleI - chance < 0 , exit
 - tir N22, arme: lance-torpilleI - chance < 0 , exit
 - tir N23, arme: lance-torpilleI - chance < 0 , exit
 - tir N24, arme: lance-torpilleI - chance < 0 , exit
 - tir N25, arme: lance-torpilleI - chance < 0 , exit
 - tir N26, arme: lance-torpilleI - chance < 0 , exit
 - tir N27, arme: lance-torpilleI - chance < 0 , exit
 - tir N28, arme: lance-torpilleI - chance < 0 , exit
 - tir N29, arme: lance-torpilleI - chance < 0 , exit
[F11_4 VS F92_0]  C4 , tir vaisseau N°0/3 (Torpilleur standard, race: 4) , attP: (x:4|y:1020|z:5) , cible: Supercroiseur standard, deffP: (x:4|y:1020|z:5), distance: 0
 - tir N0, arme: lance-torpilleI => chance 32(12),  miss
 - tir N0, arme: lance-torpilleI => chance 32(12),  hit, degat (2)
 - tir N0, arme: lance-torpilleI => chance 32(12),  hit, degat (2)
 - tir N0, arme: lance-torpilleI => chance 32(12),  hit, degat (2)
[F11_4 VS F92_0]  C0 , tir vaisseau N°0/63 (Supercroiseur standard, race: 6) , attP: (x:4|y:1020|z:5) , cible: Croiseur standard, deffP: (x:1|y:1020|z:5), distance: 3
 - tir N0, arme: laserI => chance 109(99),  hit, shielded (2)
 - tir N0, arme: laserI => chance 109(99),  hit, shielded (2)
 - tir N0, arme: laserI => chance 109(99),  hit, shielded (2)
 - tir N0, arme: laserI => chance 109(99),  hit, shielded (2)
 - tir N0, arme: laserI => chance 109(99),  hit, shielded (2)
 - tir N0, arme: laserI => chance 109(99),  hit, shielded (2)
 - tir N0, arme: laserI => chance 109(99),  hit, shielded (2)
 - tir N0, arme: laserI => chance 109(99),  hit, shielded (2)
 - tir N0, arme: laserI => chance 109(99),  hit, shielded (2)
 - tir N0, arme: laserI => chance 109(99),  hit, shielded (2)
 - tir N0, arme: canon à plasmaI => chance 134(99),  hit, degat (1)
 - tir N0, arme: canon à plasmaI => chance 134(99),  hit, degat (1)
 - tir N0, arme: canon à plasmaI => chance 134(99),  hit, degat (1)
 - tir N0, arme: canon à plasmaI => chance 134(99),  hit, degat (1)
 - tir N0, arme: canon à plasmaI => chance 134(99),  hit, degat (1)
 - tir N0, arme: canon à plasmaI => chance 134(99),  hit, degat (1)
 - tir N0, arme: canon à plasmaI => chance 134(99),  hit, degat (1)
 - tir N0, arme: canon à plasmaI => chance 134(99),  hit, degat (1)
 - tir N0, arme: canon à plasmaI => chance 134(99),  hit, degat (1)
 - tir N0, arme: canon à plasmaI => chance 134(99),  hit, degat (1)
 - tir N0, arme: canon à plasmaI => chance 134(99),  hit, degat (1)
 - tir N0, arme: canon à plasmaI => chance 134(99),  hit, degat (1)
 - tir N0, arme: canon à plasmaI => chance 134(99),  hit, degat (1)
 - tir N0, arme: canon à plasmaI => chance 134(99),  hit, degat (1)
 - tir N0, arme: canon à plasmaI => chance 134(99),  hit, degat (1)
 - tir N0, arme: lance-torpilleI => chance 116(99),  hit, degat (2)
 - tir N0, arme: lance-torpilleI => chance 116(99),  hit, degat (2)
 - tir N0, arme: lance-torpilleI => chance 116(99),  hit, degat (2)
 - tir N0, arme: lance-torpilleI => chance 116(99),  hit, degat (2)
 - tir N0, arme: lance-torpilleI => chance 116(99),  hit, degat (2)
 - tir N0, arme: lance-torpilleI => chance 116(99),  hit, degat (2)
 - tir N0, arme: lance-torpilleI => chance 116(99),  hit, degat (2)
 - tir N0, arme: lance-torpilleI => chance 116(99),  hit, degat (2)
 - tir N0, arme: lance-torpilleI => chance 116(99),  hit, degat (2)
 - tir N0, arme: lance-torpilleI => chance 116(99),  hit, degat (2)
 - tir N0, arme: lance-torpilleI => chance 116(99),  hit, degat (2)
 - tir N0, arme: lance-torpilleI => chance 116(99),  hit, degat (2)
 - tir N0, arme: lance-torpilleI => chance 116(99),  hit, degat (2)
 - tir N0, arme: lance-torpilleI => chance 116(99),  hit, degat (2)
[F11_4 VS F92_0]  C4 , tir vaisseau N°0/3 (Torpilleur standard, race: 4) , attP: (x:1|y:1020|z:5) , cible: Supercroiseur standard, deffP: (x:1|y:1020|z:5), distance: 0
 - tir N0, arme: lance-torpilleI => chance 32(12),  miss
 - tir N0, arme: lance-torpilleI => chance 32(12),  hit, degat (2)
 - tir N0, arme: lance-torpilleI => chance 32(12),  miss
 - tir N0, arme: lance-torpilleI => chance 32(12),  miss
[F11_4 VS F92_0]  C4 , tir vaisseau N°0/3 (Torpilleur standard, race: 4) , attP: (x:35|y:1020|z:5) , cible: Supercroiseur standard, deffP: (x:1|y:1020|z:5), distance: 34
 - tir N0, arme: lance-torpilleI - chance < 0 , exit
 - tir N1, arme: lance-torpilleI - chance < 0 , exit
 - tir N2, arme: lance-torpilleI - chance < 0 , exit
 - tir N3, arme: lance-torpilleI - chance < 0 , exit
[F11_4 VS F92_0]  C4 , tir vaisseau N°0/63 (Croiseur standard, race: 4) , attP: (x:1|y:1020|z:5) , cible: Supercroiseur standard, deffP: (x:1|y:1020|z:5), distance: 0
 - tir N0, arme: canon à plasmaI => chance 57(12),  hit, degat (1)
 - tir N0, arme: canon à plasmaI => chance 57(12),  hit, degat (1)
 - tir N0, arme: canon à plasmaI => chance 57(12),  hit, degat (1)
 - tir N0, arme: canon à plasmaI => chance 57(12),  hit, degat (1)
 - tir N0, arme: canon à plasmaI => chance 57(12),  miss
 - tir N0, arme: canon à plasmaI => chance 57(12),  miss
 - tir N0, arme: canon à plasmaI => chance 57(12),  hit, degat (1)
 - tir N0, arme: canon à plasmaI => chance 57(12),  hit, degat (1)
 - tir N0, arme: canon à plasmaI => chance 57(12),  miss
 - tir N0, arme: canon à plasmaI => chance 57(12),  hit, degat (1)
 - tir N0, arme: missileI => chance 52(12),  hit, degat (1)
 - tir N0, arme: missileI => chance 52(12),  hit, degat (1)
 - tir N0, arme: missileI => chance 52(12),  hit, degat (1)
 - tir N0, arme: missileI => chance 52(12),  hit, degat (1)
 - tir N0, arme: missileI => chance 52(12),  hit, degat (1)
 - tir N0, arme: missileI => chance 52(12),  hit, degat (1)
 - tir N0, arme: missileI => chance 52(12),  miss
 - tir N0, arme: missileI => chance 52(12),  miss
 - tir N0, arme: missileI => chance 52(12),  miss
 - tir N0, arme: missileI => chance 52(12),  miss
 - tir N0, arme: lance-torpilleI => chance 32(12),  miss
 - tir N0, arme: lance-torpilleI => chance 32(12),  hit, degat (2)
 - tir N0, arme: lance-torpilleI => chance 32(12),  hit, degat (2)
 - tir N0, arme: lance-torpilleI => chance 32(12),  miss
 - tir N0, arme: lance-torpilleI => chance 32(12),  miss
 - tir N0, arme: lance-torpilleI => chance 32(12),  miss
 - tir N0, arme: lance-torpilleI => chance 32(12),  miss
 - tir N0, arme: lance-torpilleI => chance 32(12),  miss
 - tir N0, arme: lance-torpilleI => chance 32(12),  miss
 - tir N0, arme: lance-torpilleI => chance 32(12),  hit, degat (2)
[F11_4 VS F92_0]  C0 , tir vaisseau N°0/63 (Supercroiseur standard, race: 6) , attP: (x:1|y:1020|z:5) , cible: Fregate standard, deffP: (x:1|y:1020|z:5), distance: 0
 - tir N0, arme: laserI => chance 124(99),  hit, shielded (2)
 - tir N0, arme: laserI => chance 124(99),  hit, shielded (2)
 - tir N0, arme: laserI => chance 124(99),  hit, shielded (2)
 - tir N0, arme: laserI => chance 124(99),  hit, shielded (2)
 - tir N0, arme: laserI => chance 124(99),  hit, shielded (2)
 - tir N0, arme: laserI => chance 124(99),  hit, degat (1)
 - tir N0, arme: laserI => chance 124(99),  hit, degat (1)
 - tir N0, arme: laserI => chance 124(99),  hit, degat (1)
 - tir N0, arme: laserI => chance 124(99),  hit, degat (1)
 - tir N0, arme: canon à plasmaI => chance 144(99),  hit, degat (1)
 - tir N0, arme: canon à plasmaI => chance 144(99),  hit, degat (1)
 - tir N0, arme: canon à plasmaI => chance 144(99),  hit, degat (1)
 - tir N0, arme: canon à plasmaI => chance 144(99),  hit, degat (1)
 - tir N0, arme: canon à plasmaI => chance 144(99),  hit, degat (1)
 - tir N0, arme: canon à plasmaI => chance 144(99),  hit, degat (1)
 - tir N0, arme: canon à plasmaI => chance 144(99),  hit, degat (1)
 - tir N0, arme: canon à plasmaI => chance 144(99),  hit, degat (1)
 - tir N0, arme: lance-torpilleI => chance 109(99),  hit, degat (2)
 - tir N0, arme: lance-torpilleI => chance 109(99),  hit, degat (2)
 - tir N0, arme: lance-torpilleI => chance 109(99),  hit, degat (2)
 - tir N0, arme: lance-torpilleI => chance 109(99),  hit, degat (2)
 - tir N0, arme: lance-torpilleI => chance 109(99),  hit, degat (2)
 - tir N0, arme: lance-torpilleI => chance 109(99),  hit, degat (2)
 - tir N0, arme: lance-torpilleI => chance 109(99),  hit, degat (2)
 - tir N0, arme: lance-torpilleI => chance 109(99),  hit, degat (2)
 - tir N0, arme: lance-torpilleI => chance 109(99),  hit, degat (2)
 - tir N0, arme: lance-torpilleI => chance 109(99),  hit, degat (2), cible detruire
[F11_4 VS F92_0]  C4 , tir vaisseau N°0/63 (Supercroiseur standard, race: 4) , attP: (x:34|y:1020|z:5) , cible: Intercepteur standard, deffP: (x:1|y:1020|z:5), distance: 33
 - tir N0, arme: laserI - chance < 0 , exit
 - tir N1, arme: laserI - chance < 0 , exit
 - tir N2, arme: laserI - chance < 0 , exit
 - tir N3, arme: laserI - chance < 0 , exit
 - tir N4, arme: laserI - chance < 0 , exit
 - tir N5, arme: laserI - chance < 0 , exit
 - tir N6, arme: laserI - chance < 0 , exit
 - tir N7, arme: laserI - chance < 0 , exit
 - tir N8, arme: laserI - chance < 0 , exit
 - tir N9, arme: laserI - chance < 0 , exit
 - tir N10, arme: laserI - chance < 0 , exit
 - tir N11, arme: laserI - chance < 0 , exit
 - tir N12, arme: laserI - chance < 0 , exit
 - tir N13, arme: laserI - chance < 0 , exit
 - tir N14, arme: laserI - chance < 0 , exit
 - tir N15, arme: laserI - chance < 0 , exit
 - tir N16, arme: laserI - chance < 0 , exit
 - tir N17, arme: laserI - chance < 0 , exit
 - tir N18, arme: laserI - chance < 0 , exit
 - tir N19, arme: laserI - chance < 0 , exit
 - tir N20, arme: canon à plasmaI - chance < 0 , exit
 - tir N21, arme: canon à plasmaI - chance < 0 , exit
 - tir N22, arme: canon à plasmaI - chance < 0 , exit
 - tir N23, arme: canon à plasmaI - chance < 0 , exit
 - tir N24, arme: canon à plasmaI - chance < 0 , exit
 - tir N25, arme: canon à plasmaI - chance < 0 , exit
 - tir N26, arme: canon à plasmaI - chance < 0 , exit
 - tir N27, arme: canon à plasmaI - chance < 0 , exit
 - tir N28, arme: canon à plasmaI - chance < 0 , exit
 - tir N29, arme: canon à plasmaI - chance < 0 , exit
 - tir N30, arme: canon à plasmaI - chance < 0 , exit
 - tir N31, arme: canon à plasmaI - chance < 0 , exit
 - tir N32, arme: canon à plasmaI - chance < 0 , exit
 - tir N33, arme: canon à plasmaI - chance < 0 , exit
 - tir N34, arme: canon à plasmaI - chance < 0 , exit
 - tir N35, arme: canon à plasmaI - chance < 0 , exit
 - tir N36, arme: canon à plasmaI - chance < 0 , exit
 - tir N37, arme: canon à plasmaI - chance < 0 , exit
 - tir N38, arme: canon à plasmaI - chance < 0 , exit
 - tir N39, arme: canon à plasmaI - chance < 0 , exit
 - tir N40, arme: lance-torpilleI - chance < 0 , exit
 - tir N41, arme: lance-torpilleI - chance < 0 , exit
 - tir N42, arme: lance-torpilleI - chance < 0 , exit
 - tir N43, arme: lance-torpilleI - chance < 0 , exit
 - tir N44, arme: lance-torpilleI - chance < 0 , exit
 - tir N45, arme: lance-torpilleI - chance < 0 , exit
 - tir N46, arme: lance-torpilleI - chance < 0 , exit
 - tir N47, arme: lance-torpilleI - chance < 0 , exit
 - tir N48, arme: lance-torpilleI - chance < 0 , exit
 - tir N49, arme: lance-torpilleI - chance < 0 , exit
 - tir N50, arme: lance-torpilleI - chance < 0 , exit
 - tir N51, arme: lance-torpilleI - chance < 0 , exit
 - tir N52, arme: lance-torpilleI - chance < 0 , exit
 - tir N53, arme: lance-torpilleI - chance < 0 , exit
 - tir N54, arme: lance-torpilleI - chance < 0 , exit
 - tir N55, arme: lance-torpilleI - chance < 0 , exit
 - tir N56, arme: lance-torpilleI - chance < 0 , exit
 - tir N57, arme: lance-torpilleI - chance < 0 , exit
 - tir N58, arme: lance-torpilleI - chance < 0 , exit
 - tir N59, arme: lance-torpilleI - chance < 0 , exit
[F11_4 VS F92_0]  C4 , tir vaisseau N°0/3 (Torpilleur standard, race: 4) , attP: (x:13|y:14|z:6) , cible: Supercroiseur standard, deffP: (x:4|y:1020|z:5), distance: 1 006
 - tir N0, arme: lance-torpilleI - chance < 0 , exit
 - tir N1, arme: lance-torpilleI - chance < 0 , exit
 - tir N2, arme: lance-torpilleI - chance < 0 , exit
 - tir N3, arme: lance-torpilleI - chance < 0 , exit
[F11_4 VS F92_0]  C0 , tir vaisseau N°0/3 (Torpilleur standard, race: 6) , attP: (x:40|y:994|z:48) , cible: Colonisateur, deffP: (x:40|y:34|z:48), distance: 960
 - tir N0, arme: lance-torpilleI - chance < 0 , exit
 - tir N1, arme: lance-torpilleI - chance < 0 , exit
 - tir N2, arme: lance-torpilleI - chance < 0 , exit
 - tir N3, arme: lance-torpilleI - chance < 0 , exit
[F11_4 VS F92_0]  C4 , tir vaisseau N°0/7 (Colonisateur, race: 4) , attP: (x:-11|y:29|z:24) , cible: Intercepteur standard, deffP: (x:1|y:1020|z:5), distance: 991
 - pas darmes valides
[F11_4 VS F92_0]  C0 , tir vaisseau N°0/3 (Torpilleur standard, race: 6) , attP: (x:40|y:994|z:48) , cible: Colonisateur, deffP: (x:40|y:34|z:48), distance: 960
 - tir N0, arme: lance-torpilleI - chance < 0 , exit
 - tir N1, arme: lance-torpilleI - chance < 0 , exit
 - tir N2, arme: lance-torpilleI - chance < 0 , exit
 - tir N3, arme: lance-torpilleI - chance < 0 , exit
[F11_4 VS F92_0]  C4 , tir vaisseau N°0/3 (Torpilleur standard, race: 4) , attP: (x:1|y:1020|z:5) , cible: Supercroiseur standard, deffP: (x:1|y:1020|z:5), distance: 0
 - tir N0, arme: lance-torpilleI => chance 32(12),  miss
 - tir N0, arme: lance-torpilleI => chance 32(12),  hit, degat (2)
 - tir N0, arme: lance-torpilleI => chance 32(12),  hit, degat (2)
 - tir N0, arme: lance-torpilleI => chance 32(12),  miss
[F11_4 VS F92_0]  C4 , tir vaisseau N°0/63 (Croiseur standard, race: 4) , attP: (x:1|y:1020|z:5) , cible: Intercepteur standard, deffP: (x:1|y:1020|z:5), distance: 0
 - tir N0, arme: canon à plasmaI => chance 32(12),  miss
 - tir N0, arme: canon à plasmaI => chance 32(12),  miss
 - tir N0, arme: canon à plasmaI => chance 32(12),  miss
 - tir N0, arme: missileI => chance 42(12),  hit, degat (1)
 - tir N0, arme: missileI => chance 42(12),  miss
 - tir N0, arme: missileI => chance 42(12),  hit, degat (1), cible detruire
[F11_4 VS F92_0]  C0 , tir vaisseau N°0/3 (Grand Bombardier standard, race: 6) , attP: (x:14|y:1020|z:2) , cible: Croiseur standard, deffP: (x:1|y:1020|z:5), distance: 13
 - pas darmes valides
[F11_4 VS F92_0]  C4 , tir vaisseau N°0/7 (Colonisateur, race: 4) , attP: (x:40|y:34|z:48) , cible: Supercroiseur standard, deffP: (x:4|y:1020|z:5), distance: 986
 - pas darmes valides
FIN DE TOUR: F1  191, F2 : 119
TOUR DE COMBAT 4
[F11_4 VS F92_0]  C0 , tir vaisseau N°0/3 (Chasseur standard, race: 6) , attP: (x:1|y:1020|z:5) , cible: Supercroiseur standard, deffP: (x:1|y:1020|z:5), distance: 0
 - tir N0, arme: laserI => chance 115(100),  hit, shielded (2)
 - tir N0, arme: laserI => chance 115(100),  hit, shielded (2)
 - tir N0, arme: laserI => chance 115(100),  hit, shielded (2)
 - tir N0, arme: laserI => chance 115(100),  hit, shielded (2)
[F11_4 VS F92_0]  C4 , tir vaisseau N°0/0 (Intercepteur standard, race: 4) , attP: (x:1|y:1020|z:5) , cible: Supercroiseur standard, deffP: (x:1|y:1020|z:5), distance: 0
 - tir N0, arme: laserI => chance 27(12),  miss
[F11_4 VS F92_0]  C0 , tir vaisseau N°0/3 (Chasseur standard, race: 6) , attP: (x:1|y:1020|z:5) , cible: Supercroiseur standard, deffP: (x:1|y:1020|z:5), distance: 0
 - tir N0, arme: laserI => chance 115(100),  hit, shielded (2)
 - tir N0, arme: laserI => chance 115(100),  hit, shielded (2)
 - tir N0, arme: laserI => chance 115(100),  hit, shielded (2)
 - tir N0, arme: laserI => chance 115(100),  hit, shielded (2)
[F11_4 VS F92_0]  C4 , tir vaisseau N°0/0 (Intercepteur standard, race: 4) , attP: (x:1|y:1020|z:5) , cible: Supercroiseur standard, deffP: (x:1|y:1020|z:5), distance: 0
 - tir N0, arme: laserI => chance 27(12),  miss
[F11_4 VS F92_0]  C4 , tir vaisseau N°0/15 (Fregate standard, race: 4) , attP: (x:1|y:1020|z:5) , cible: Supercroiseur standard, deffP: (x:1|y:1020|z:5), distance: 0
 - tir N0, arme: canon à plasmaI => chance 57(12),  hit, degat (1)
 - tir N0, arme: canon à plasmaI => chance 57(12),  miss
 - tir N0, arme: canon à plasmaI => chance 57(12),  miss
 - tir N0, arme: canon à plasmaI => chance 57(12),  hit, degat (1)
 - tir N0, arme: canon à plasmaI => chance 57(12),  miss
 - tir N0, arme: canon à plasmaI => chance 57(12),  hit, degat (1)
 - tir N0, arme: canon à plasmaI => chance 57(12),  hit, degat (1)
 - tir N0, arme: canon à plasmaI => chance 57(12),  hit, degat (1)
 - tir N0, arme: canon à plasmaI => chance 57(12),  miss
 - tir N0, arme: canon à plasmaI => chance 57(12),  hit, degat (1)
[F11_4 VS F92_0]  C4 , tir vaisseau N°0/25 (Destroyer standard, race: 4) , attP: (x:35|y:1020|z:5) , cible: Chasseur standard, deffP: (x:1|y:1020|z:5), distance: 34
 - tir N0, arme: laserI - chance < 0 , exit
 - tir N1, arme: laserI - chance < 0 , exit
 - tir N2, arme: laserI - chance < 0 , exit
 - tir N3, arme: laserI - chance < 0 , exit
 - tir N4, arme: laserI - chance < 0 , exit
 - tir N5, arme: laserI - chance < 0 , exit
 - tir N6, arme: laserI - chance < 0 , exit
 - tir N7, arme: laserI - chance < 0 , exit
 - tir N8, arme: laserI - chance < 0 , exit
 - tir N9, arme: laserI - chance < 0 , exit
 - tir N10, arme: canon à plasmaI - chance < 0 , exit
 - tir N11, arme: canon à plasmaI - chance < 0 , exit
 - tir N12, arme: canon à plasmaI - chance < 0 , exit
 - tir N13, arme: canon à plasmaI - chance < 0 , exit
 - tir N14, arme: canon à plasmaI - chance < 0 , exit
 - tir N15, arme: canon à plasmaI - chance < 0 , exit
 - tir N16, arme: canon à plasmaI - chance < 0 , exit
 - tir N17, arme: canon à plasmaI - chance < 0 , exit
 - tir N18, arme: canon à plasmaI - chance < 0 , exit
 - tir N19, arme: canon à plasmaI - chance < 0 , exit
[F11_4 VS F92_0]  C4 , tir vaisseau N°0/3 (Torpilleur standard, race: 4) , attP: (x:59|y:1020|z:14) , cible: Grand Bombardier standard, deffP: (x:59|y:1020|z:14), distance: 0
 - tir N0, arme: lance-torpilleI => chance 14(12),  miss
 - tir N0, arme: lance-torpilleI => chance 14(12),  hit, degat (2)
 - tir N0, arme: lance-torpilleI => chance 14(12),  miss
 - tir N0, arme: lance-torpilleI => chance 14(12),  miss
[F11_4 VS F92_0]  C4 , tir vaisseau N°0/25 (Destroyer standard, race: 4) , attP: (x:32|y:1020|z:5) , cible: Torpilleur standard, deffP: (x:35|y:1020|z:5), distance: 3
 - tir N0, arme: laserI => chance 42(12),  miss
 - tir N0, arme: laserI => chance 42(12),  hit, degat (1)
 - tir N0, arme: laserI => chance 42(12),  hit, degat (1)
 - tir N0, arme: laserI => chance 42(12),  miss
 - tir N0, arme: laserI => chance 42(12),  miss
 - tir N0, arme: laserI => chance 42(12),  hit, degat (1)
 - tir N0, arme: laserI => chance 42(12),  miss
 - tir N0, arme: laserI => chance 42(12),  miss
 - tir N0, arme: laserI => chance 42(12),  miss
 - tir N0, arme: laserI => chance 42(12),  hit, degat (1)
 - tir N0, arme: canon à plasmaI => chance 39(12),  miss
 - tir N0, arme: canon à plasmaI => chance 39(12),  hit, degat (1), cible detruire
[F11_4 VS F92_0]  C4 , tir vaisseau N°0/3 (Torpilleur standard, race: 4) , attP: (x:59|y:1020|z:14) , cible: Grand Bombardier standard, deffP: (x:59|y:1020|z:14), distance: 0
 - tir N0, arme: lance-torpilleI => chance 14(12),  miss
 - tir N0, arme: lance-torpilleI => chance 14(12),  hit, degat (2)
 - tir N0, arme: lance-torpilleI => chance 14(12),  miss
 - tir N0, arme: lance-torpilleI => chance 14(12),  miss
[F11_4 VS F92_0]  C4 , tir vaisseau N°0/3 (Torpilleur standard, race: 4) , attP: (x:59|y:1020|z:14) , cible: Grand Bombardier standard, deffP: (x:59|y:1020|z:14), distance: 0
 - tir N0, arme: lance-torpilleI => chance 14(12),  hit, degat (2)
 - tir N0, arme: lance-torpilleI => chance 14(12),  miss
 - tir N0, arme: lance-torpilleI => chance 14(12),  miss
 - tir N0, arme: lance-torpilleI => chance 14(12),  miss
[F11_4 VS F92_0]  C4 , tir vaisseau N°0/0 (Intercepteur standard, race: 4) , attP: (x:1|y:1020|z:5) , cible: Supercroiseur standard, deffP: (x:1|y:1020|z:5), distance: 0
 - tir N0, arme: laserI => chance 27(12),  miss
[F11_4 VS F92_0]  C4 , tir vaisseau N°0/63 (Supercroiseur standard, race: 4) , attP: (x:1|y:1020|z:5) , cible: Supercroiseur standard, deffP: (x:1|y:1020|z:5), distance: 0
 - tir N0, arme: laserI => chance 27(12),  hit, degat (1)
 - tir N0, arme: laserI => chance 27(12),  miss
 - tir N0, arme: laserI => chance 27(12),  hit, degat (1)
 - tir N0, arme: laserI => chance 27(12),  miss
 - tir N0, arme: laserI => chance 27(12),  miss
 - tir N0, arme: laserI => chance 27(12),  hit, degat (1)
 - tir N0, arme: laserI => chance 27(12),  miss
 - tir N0, arme: laserI => chance 27(12),  miss
 - tir N0, arme: laserI => chance 27(12),  miss
 - tir N0, arme: laserI => chance 27(12),  miss
 - tir N0, arme: laserI => chance 27(12),  miss
 - tir N0, arme: laserI => chance 27(12),  miss
 - tir N0, arme: laserI => chance 27(12),  miss
 - tir N0, arme: laserI => chance 27(12),  hit, degat (1)
 - tir N0, arme: laserI => chance 27(12),  miss
 - tir N0, arme: laserI => chance 27(12),  miss
 - tir N0, arme: laserI => chance 27(12),  miss
 - tir N0, arme: laserI => chance 27(12),  hit, degat (1)
 - tir N0, arme: laserI => chance 27(12),  miss
 - tir N0, arme: laserI => chance 27(12),  miss
 - tir N0, arme: canon à plasmaI => chance 57(12),  hit, degat (1)
 - tir N0, arme: canon à plasmaI => chance 57(12),  hit, degat (1)
 - tir N0, arme: canon à plasmaI => chance 57(12),  hit, degat (1)
 - tir N0, arme: canon à plasmaI => chance 57(12),  miss
 - tir N0, arme: canon à plasmaI => chance 57(12),  hit, degat (1)
 - tir N0, arme: canon à plasmaI => chance 57(12),  hit, degat (1)
 - tir N0, arme: canon à plasmaI => chance 57(12),  miss
 - tir N0, arme: canon à plasmaI => chance 57(12),  hit, degat (1)
 - tir N0, arme: canon à plasmaI => chance 57(12),  miss
 - tir N0, arme: canon à plasmaI => chance 57(12),  hit, degat (1)
 - tir N0, arme: canon à plasmaI => chance 57(12),  hit, degat (1)
 - tir N0, arme: canon à plasmaI => chance 57(12),  hit, degat (1)
 - tir N0, arme: canon à plasmaI => chance 57(12),  miss
 - tir N0, arme: canon à plasmaI => chance 57(12),  miss
 - tir N0, arme: canon à plasmaI => chance 57(12),  hit, degat (1)
 - tir N0, arme: canon à plasmaI => chance 57(12),  miss
 - tir N0, arme: canon à plasmaI => chance 57(12),  hit, degat (1)
 - tir N0, arme: canon à plasmaI => chance 57(12),  hit, degat (1)
 - tir N0, arme: canon à plasmaI => chance 57(12),  hit, degat (1)
 - tir N0, arme: canon à plasmaI => chance 57(12),  miss
 - tir N0, arme: lance-torpilleI => chance 32(12),  miss
 - tir N0, arme: lance-torpilleI => chance 32(12),  miss
 - tir N0, arme: lance-torpilleI => chance 32(12),  miss
 - tir N0, arme: lance-torpilleI => chance 32(12),  miss
 - tir N0, arme: lance-torpilleI => chance 32(12),  hit, degat (2)
 - tir N0, arme: lance-torpilleI => chance 32(12),  miss
 - tir N0, arme: lance-torpilleI => chance 32(12),  miss
 - tir N0, arme: lance-torpilleI => chance 32(12),  miss
 - tir N0, arme: lance-torpilleI => chance 32(12),  miss
 - tir N0, arme: lance-torpilleI => chance 32(12),  hit, degat (2)
 - tir N0, arme: lance-torpilleI => chance 32(12),  miss
 - tir N0, arme: lance-torpilleI => chance 32(12),  miss
 - tir N0, arme: lance-torpilleI => chance 32(12),  hit, degat (2)
 - tir N0, arme: lance-torpilleI => chance 32(12),  miss
 - tir N0, arme: lance-torpilleI => chance 32(12),  hit, degat (2)
 - tir N0, arme: lance-torpilleI => chance 32(12),  hit, degat (2)
 - tir N0, arme: lance-torpilleI => chance 32(12),  miss
 - tir N0, arme: lance-torpilleI => chance 32(12),  hit, degat (2)
 - tir N0, arme: lance-torpilleI => chance 32(12),  miss
 - tir N0, arme: lance-torpilleI => chance 32(12),  miss
[F11_4 VS F92_0]  C4 , tir vaisseau N°0/15 (Fregate standard, race: 4) , attP: (x:1|y:982|z:5) , cible: Supercroiseur standard, deffP: (x:1|y:1020|z:5), distance: 38
 - tir N0, arme: canon à plasmaI - chance < 0 , exit
 - tir N1, arme: canon à plasmaI - chance < 0 , exit
 - tir N2, arme: canon à plasmaI - chance < 0 , exit
 - tir N3, arme: canon à plasmaI - chance < 0 , exit
 - tir N4, arme: canon à plasmaI - chance < 0 , exit
 - tir N5, arme: canon à plasmaI - chance < 0 , exit
 - tir N6, arme: canon à plasmaI - chance < 0 , exit
 - tir N7, arme: canon à plasmaI - chance < 0 , exit
 - tir N8, arme: canon à plasmaI - chance < 0 , exit
 - tir N9, arme: canon à plasmaI - chance < 0 , exit
[F11_4 VS F92_0]  C4 , tir vaisseau N°0/25 (Destroyer standard, race: 4) , attP: (x:1|y:1020|z:5) , cible: Supercroiseur standard, deffP: (x:1|y:1020|z:5), distance: 0
 - tir N0, arme: laserI => chance 27(12),  hit, degat (1)
 - tir N0, arme: laserI => chance 27(12),  miss
 - tir N0, arme: laserI => chance 27(12),  miss
 - tir N0, arme: laserI => chance 27(12),  miss
 - tir N0, arme: laserI => chance 27(12),  miss
 - tir N0, arme: laserI => chance 27(12),  miss
 - tir N0, arme: laserI => chance 27(12),  miss
 - tir N0, arme: laserI => chance 27(12),  miss
 - tir N0, arme: laserI => chance 27(12),  hit, degat (1)
 - tir N0, arme: laserI => chance 27(12),  miss
 - tir N0, arme: canon à plasmaI => chance 57(12),  miss
 - tir N0, arme: canon à plasmaI => chance 57(12),  miss
 - tir N0, arme: canon à plasmaI => chance 57(12),  miss
 - tir N0, arme: canon à plasmaI => chance 57(12),  miss
 - tir N0, arme: canon à plasmaI => chance 57(12),  hit, degat (1)
 - tir N0, arme: canon à plasmaI => chance 57(12),  hit, degat (1)
 - tir N0, arme: canon à plasmaI => chance 57(12),  miss
 - tir N0, arme: canon à plasmaI => chance 57(12),  hit, degat (1)
 - tir N0, arme: canon à plasmaI => chance 57(12),  miss
 - tir N0, arme: canon à plasmaI => chance 57(12),  miss
[F11_4 VS F92_0]  C4 , tir vaisseau N°0/3 (Torpilleur standard, race: 4) , attP: (x:35|y:1020|z:5) , cible: Chasseur standard, deffP: (x:1|y:1020|z:5), distance: 34
 - tir N0, arme: lance-torpilleI - chance < 0 , exit
 - tir N1, arme: lance-torpilleI - chance < 0 , exit
 - tir N2, arme: lance-torpilleI - chance < 0 , exit
 - tir N3, arme: lance-torpilleI - chance < 0 , exit
[F11_4 VS F92_0]  C0 , tir vaisseau N°0/3 (Torpilleur standard, race: 6) , attP: (x:35|y:1020|z:5) 
[F11_4 VS F92_0]  C4 , tir vaisseau N°0/25 (Destroyer standard, race: 4) , attP: (x:1|y:1020|z:5) , cible: Supercroiseur standard, deffP: (x:1|y:1020|z:5), distance: 0
 - tir N0, arme: laserI => chance 27(12),  miss
 - tir N0, arme: laserI => chance 27(12),  miss
 - tir N0, arme: laserI => chance 27(12),  miss
 - tir N0, arme: laserI => chance 27(12),  hit, degat (1)
 - tir N0, arme: laserI => chance 27(12),  miss
 - tir N0, arme: laserI => chance 27(12),  miss
 - tir N0, arme: laserI => chance 27(12),  miss
 - tir N0, arme: laserI => chance 27(12),  miss
 - tir N0, arme: laserI => chance 27(12),  miss
 - tir N0, arme: canon à plasmaI => chance 57(12),  miss
 - tir N0, arme: canon à plasmaI => chance 57(12),  hit, degat (1)
 - tir N0, arme: canon à plasmaI => chance 57(12),  miss
 - tir N0, arme: canon à plasmaI => chance 57(12),  hit, degat (1)
 - tir N0, arme: canon à plasmaI => chance 57(12),  miss
 - tir N0, arme: canon à plasmaI => chance 57(12),  hit, degat (1)
 - tir N0, arme: canon à plasmaI => chance 57(12),  hit, degat (1)
 - tir N0, arme: canon à plasmaI => chance 57(12),  hit, degat (1)
 - tir N0, arme: canon à plasmaI => chance 57(12),  miss
 - tir N0, arme: canon à plasmaI => chance 57(12),  miss
[F11_4 VS F92_0]  C4 , tir vaisseau N°0/3 (Torpilleur standard, race: 4) , attP: (x:59|y:1020|z:14) , cible: Grand Bombardier standard, deffP: (x:59|y:1020|z:14), distance: 0
 - tir N0, arme: lance-torpilleI => chance 14(12),  miss
 - tir N0, arme: lance-torpilleI => chance 14(12),  miss
 - tir N0, arme: lance-torpilleI => chance 14(12),  miss
 - tir N0, arme: lance-torpilleI => chance 14(12),  miss
[F11_4 VS F92_0]  C4 , tir vaisseau N°0/63 (Supercroiseur standard, race: 4) , attP: (x:1|y:1020|z:5) , cible: Supercroiseur standard, deffP: (x:1|y:1020|z:5), distance: 0
 - tir N0, arme: laserI => chance 27(12),  miss
 - tir N0, arme: laserI => chance 27(12),  miss
 - tir N0, arme: laserI => chance 27(12),  miss
 - tir N0, arme: laserI => chance 27(12),  hit, degat (1)
 - tir N0, arme: laserI => chance 27(12),  miss
 - tir N0, arme: laserI => chance 27(12),  miss
 - tir N0, arme: laserI => chance 27(12),  hit, degat (1)
 - tir N0, arme: laserI => chance 27(12),  miss
 - tir N0, arme: laserI => chance 27(12),  miss
 - tir N0, arme: laserI => chance 27(12),  miss
 - tir N0, arme: laserI => chance 27(12),  miss
 - tir N0, arme: laserI => chance 27(12),  hit, degat (1)
 - tir N0, arme: laserI => chance 27(12),  hit, degat (1)
 - tir N0, arme: laserI => chance 27(12),  hit, degat (1)
 - tir N0, arme: laserI => chance 27(12),  miss
 - tir N0, arme: laserI => chance 27(12),  hit, degat (1)
 - tir N0, arme: laserI => chance 27(12),  hit, degat (1)
 - tir N0, arme: laserI => chance 27(12),  hit, degat (1)
 - tir N0, arme: laserI => chance 27(12),  miss
 - tir N0, arme: laserI => chance 27(12),  miss
 - tir N0, arme: canon à plasmaI => chance 57(12),  hit, degat (1)
 - tir N0, arme: canon à plasmaI => chance 57(12),  hit, degat (1)
 - tir N0, arme: canon à plasmaI => chance 57(12),  miss
 - tir N0, arme: canon à plasmaI => chance 57(12),  miss
 - tir N0, arme: canon à plasmaI => chance 57(12),  miss
 - tir N0, arme: canon à plasmaI => chance 57(12),  hit, degat (1)
 - tir N0, arme: canon à plasmaI => chance 57(12),  hit, degat (1)
 - tir N0, arme: canon à plasmaI => chance 57(12),  hit, degat (1)
 - tir N0, arme: canon à plasmaI => chance 57(12),  hit, degat (1)
 - tir N0, arme: canon à plasmaI => chance 57(12),  miss
 - tir N0, arme: canon à plasmaI => chance 57(12),  hit, degat (1)
 - tir N0, arme: canon à plasmaI => chance 57(12),  miss
 - tir N0, arme: canon à plasmaI => chance 57(12),  hit, degat (1)
 - tir N0, arme: canon à plasmaI => chance 57(12),  hit, degat (1)
 - tir N0, arme: canon à plasmaI => chance 57(12),  miss
 - tir N0, arme: canon à plasmaI => chance 57(12),  hit, degat (1)
 - tir N0, arme: canon à plasmaI => chance 57(12),  hit, degat (1)
 - tir N0, arme: canon à plasmaI => chance 57(12),  miss
 - tir N0, arme: canon à plasmaI => chance 57(12),  miss
 - tir N0, arme: canon à plasmaI => chance 57(12),  miss
 - tir N0, arme: lance-torpilleI => chance 32(12),  hit, degat (2)
 - tir N0, arme: lance-torpilleI => chance 32(12),  miss
 - tir N0, arme: lance-torpilleI => chance 32(12),  miss
 - tir N0, arme: lance-torpilleI => chance 32(12),  miss
 - tir N0, arme: lance-torpilleI => chance 32(12),  hit, degat (2)
 - tir N0, arme: lance-torpilleI => chance 32(12),  miss
 - tir N0, arme: lance-torpilleI => chance 32(12),  miss
 - tir N0, arme: lance-torpilleI => chance 32(12),  miss
 - tir N0, arme: lance-torpilleI => chance 32(12),  hit, degat (2)
 - tir N0, arme: lance-torpilleI => chance 32(12),  miss
 - tir N0, arme: lance-torpilleI => chance 32(12),  miss
 - tir N0, arme: lance-torpilleI => chance 32(12),  hit, degat (2)
 - tir N0, arme: lance-torpilleI => chance 32(12),  miss
 - tir N0, arme: lance-torpilleI => chance 32(12),  hit, degat (2)
 - tir N0, arme: lance-torpilleI => chance 32(12),  miss
 - tir N0, arme: lance-torpilleI => chance 32(12),  miss
 - tir N0, arme: lance-torpilleI => chance 32(12),  miss
 - tir N0, arme: lance-torpilleI => chance 32(12),  miss
 - tir N0, arme: lance-torpilleI => chance 32(12),  miss
 - tir N0, arme: lance-torpilleI => chance 32(12),  hit, degat (2)
[F11_4 VS F92_0]  C0 , tir vaisseau N°0/3 (Torpilleur standard, race: 6) , attP: (x:8|y:1020|z:5) , cible: Torpilleur standard, deffP: (x:59|y:1020|z:14), distance: 51
 - tir N0, arme: lance-torpilleI - chance < 0 , exit
 - tir N1, arme: lance-torpilleI - chance < 0 , exit
 - tir N2, arme: lance-torpilleI - chance < 0 , exit
 - tir N3, arme: lance-torpilleI - chance < 0 , exit
[F11_4 VS F92_0]  C4 , tir vaisseau N°0/3 (Torpilleur standard, race: 4) , attP: (x:40|y:994|z:48) , cible: Torpilleur standard, deffP: (x:8|y:1020|z:5), distance: 43
 - tir N0, arme: lance-torpilleI - chance < 0 , exit
 - tir N1, arme: lance-torpilleI - chance < 0 , exit
 - tir N2, arme: lance-torpilleI - chance < 0 , exit
 - tir N3, arme: lance-torpilleI - chance < 0 , exit
[F11_4 VS F92_0]  C0 , tir vaisseau N°0/3 (Torpilleur standard, race: 6) , attP: (x:1|y:1020|z:5) , cible: Croiseur standard, deffP: (x:1|y:1020|z:5), distance: 0
 - tir N0, arme: lance-torpilleI => chance 119(99),  hit, degat (2)
 - tir N0, arme: lance-torpilleI => chance 119(99),  hit, degat (2)
 - tir N0, arme: lance-torpilleI => chance 119(99),  hit, degat (2)
 - tir N0, arme: lance-torpilleI => chance 119(99),  hit, degat (2)
[F11_4 VS F92_0]  C4 , tir vaisseau N°0/3 (Torpilleur standard, race: 4) , attP: (x:59|y:1020|z:14) , cible: Grand Bombardier standard, deffP: (x:59|y:1020|z:14), distance: 0
 - tir N0, arme: lance-torpilleI => chance 14(12),  miss
 - tir N0, arme: lance-torpilleI => chance 14(12),  miss
 - tir N0, arme: lance-torpilleI => chance 14(12),  miss
 - tir N0, arme: lance-torpilleI => chance 14(12),  miss
[F11_4 VS F92_0]  C4 , tir vaisseau N°0/3 (Torpilleur standard, race: 4) , attP: (x:1|y:1020|z:5) , cible: Supercroiseur standard, deffP: (x:1|y:1020|z:5), distance: 0
 - tir N0, arme: lance-torpilleI => chance 32(12),  miss
 - tir N0, arme: lance-torpilleI => chance 32(12),  miss
 - tir N0, arme: lance-torpilleI => chance 32(12),  miss
 - tir N0, arme: lance-torpilleI => chance 32(12),  miss
[F11_4 VS F92_0]  C0 , tir vaisseau N°0/63 (Supercroiseur standard, race: 6) , attP: (x:1|y:1020|z:5) , cible: Croiseur standard, deffP: (x:1|y:1020|z:5), distance: 0
 - tir N0, arme: laserI => chance 114(99),  hit, degat (1)
 - tir N0, arme: laserI => chance 114(99),  hit, degat (1)
[F11_4 VS F92_0]  C4 , tir vaisseau N°0/63 (Croiseur standard, race: 4) , attP: (x:39|y:1020|z:5) , cible: Supercroiseur standard, deffP: (x:1|y:1020|z:5), distance: 38
 - tir N0, arme: canon à plasmaI - chance < 0 , exit
 - tir N1, arme: canon à plasmaI - chance < 0 , exit
 - tir N2, arme: canon à plasmaI - chance < 0 , exit
 - tir N3, arme: canon à plasmaI - chance < 0 , exit
 - tir N4, arme: canon à plasmaI - chance < 0 , exit
 - tir N5, arme: canon à plasmaI - chance < 0 , exit
 - tir N6, arme: canon à plasmaI - chance < 0 , exit
 - tir N7, arme: canon à plasmaI - chance < 0 , exit
 - tir N8, arme: canon à plasmaI - chance < 0 , exit
 - tir N9, arme: canon à plasmaI - chance < 0 , exit
 - tir N10, arme: missileI - chance < 0 , exit
 - tir N11, arme: missileI - chance < 0 , exit
 - tir N12, arme: missileI - chance < 0 , exit
 - tir N13, arme: missileI - chance < 0 , exit
 - tir N14, arme: missileI - chance < 0 , exit
 - tir N15, arme: missileI - chance < 0 , exit
 - tir N16, arme: missileI - chance < 0 , exit
 - tir N17, arme: missileI - chance < 0 , exit
 - tir N18, arme: missileI - chance < 0 , exit
 - tir N19, arme: missileI - chance < 0 , exit
 - tir N20, arme: lance-torpilleI - chance < 0 , exit
 - tir N21, arme: lance-torpilleI - chance < 0 , exit
 - tir N22, arme: lance-torpilleI - chance < 0 , exit
 - tir N23, arme: lance-torpilleI - chance < 0 , exit
 - tir N24, arme: lance-torpilleI - chance < 0 , exit
 - tir N25, arme: lance-torpilleI - chance < 0 , exit
 - tir N26, arme: lance-torpilleI - chance < 0 , exit
 - tir N27, arme: lance-torpilleI - chance < 0 , exit
 - tir N28, arme: lance-torpilleI - chance < 0 , exit
 - tir N29, arme: lance-torpilleI - chance < 0 , exit
[F11_4 VS F92_0]  C4 , tir vaisseau N°0/7 (Colonisateur, race: 4) , attP: (x:0|y:40|z:79) , cible: Supercroiseur standard, deffP: (x:1|y:1020|z:5), distance: 980
 - pas darmes valides
[F11_4 VS F92_0]  C0 , tir vaisseau N°0/3 (Grand Bombardier standard, race: 6) , attP: (x:59|y:1020|z:14) , cible: Destroyer standard, deffP: (x:32|y:1020|z:5), distance: 27
 - pas darmes valides
[F11_4 VS F92_0]  C4 , tir vaisseau N°0/7 (Colonisateur, race: 4) , attP: (x:89|y:5|z:37) , cible: Torpilleur standard, deffP: (x:8|y:1020|z:5), distance: 1 015
 - pas darmes valides
[F11_4 VS F92_0]  C4 , tir vaisseau N°0/63 (Croiseur standard, race: 4) , attP: (x:1|y:1020|z:5) , cible: Supercroiseur standard, deffP: (x:1|y:1020|z:5), distance: 0
 - tir N0, arme: canon à plasmaI => chance 57(12),  hit, degat (1)
 - tir N0, arme: canon à plasmaI => chance 57(12),  hit, degat (1)
 - tir N0, arme: canon à plasmaI => chance 57(12),  miss
 - tir N0, arme: canon à plasmaI => chance 57(12),  miss
 - tir N0, arme: canon à plasmaI => chance 57(12),  hit, degat (1)
 - tir N0, arme: canon à plasmaI => chance 57(12),  miss
 - tir N0, arme: canon à plasmaI => chance 57(12),  hit, degat (1)
 - tir N0, arme: canon à plasmaI => chance 57(12),  hit, degat (1)
 - tir N0, arme: canon à plasmaI => chance 57(12),  miss
 - tir N0, arme: canon à plasmaI => chance 57(12),  hit, degat (1)
 - tir N0, arme: missileI => chance 52(12),  miss
 - tir N0, arme: missileI => chance 52(12),  miss
 - tir N0, arme: missileI => chance 52(12),  hit, degat (1)
 - tir N0, arme: missileI => chance 52(12),  miss
 - tir N0, arme: missileI => chance 52(12),  miss
 - tir N0, arme: missileI => chance 52(12),  hit, degat (1)
 - tir N0, arme: missileI => chance 52(12),  miss
 - tir N0, arme: missileI => chance 52(12),  miss
 - tir N0, arme: missileI => chance 52(12),  hit, degat (1)
 - tir N0, arme: missileI => chance 52(12),  hit, degat (1)
 - tir N0, arme: lance-torpilleI => chance 32(12),  miss
 - tir N0, arme: lance-torpilleI => chance 32(12),  miss
 - tir N0, arme: lance-torpilleI => chance 32(12),  hit, degat (2)
 - tir N0, arme: lance-torpilleI => chance 32(12),  miss
 - tir N0, arme: lance-torpilleI => chance 32(12),  miss
 - tir N0, arme: lance-torpilleI => chance 32(12),  miss
 - tir N0, arme: lance-torpilleI => chance 32(12),  miss
 - tir N0, arme: lance-torpilleI => chance 32(12),  miss
 - tir N0, arme: lance-torpilleI => chance 32(12),  miss
 - tir N0, arme: lance-torpilleI => chance 32(12),  miss
[F11_4 VS F92_0]  C0 , tir vaisseau N°0/63 (Supercroiseur standard, race: 6) , attP: (x:1|y:1020|z:5) , cible: Croiseur standard, deffP: (x:1|y:1020|z:5), distance: 0
 - tir N0, arme: laserI => chance 114(99),  hit, degat (1)
 - tir N0, arme: laserI => chance 114(99),  hit, degat (1)
 - tir N0, arme: laserI => chance 114(99),  hit, degat (1)
 - tir N0, arme: laserI => chance 114(99),  hit, degat (1)
 - tir N0, arme: laserI => chance 114(99),  hit, degat (1)
 - tir N0, arme: laserI => chance 114(99),  hit, degat (1)
 - tir N0, arme: canon à plasmaI => chance 144(99),  hit, degat (1)
 - tir N0, arme: canon à plasmaI => chance 144(99),  hit, degat (1)
 - tir N0, arme: canon à plasmaI => chance 144(99),  hit, degat (1)
 - tir N0, arme: canon à plasmaI => chance 144(99),  hit, degat (1)
 - tir N0, arme: canon à plasmaI => chance 144(99),  hit, degat (1)
 - tir N0, arme: lance-torpilleI => chance 119(99),  hit, degat (2)
 - tir N0, arme: lance-torpilleI => chance 119(99),  hit, degat (2)
 - tir N0, arme: lance-torpilleI => chance 119(99),  hit, degat (2)
 - tir N0, arme: lance-torpilleI => chance 119(99),  hit, degat (2), cible detruire
[F11_4 VS F92_0]  C4 , tir vaisseau N°0/63 (Croiseur standard, race: 4) , attP: (x:1|y:1020|z:5) 
FIN DE TOUR: F1  219, F2 : 220
TOUR DE COMBAT 5
[F11_4 VS F92_0]  C0 , tir vaisseau N°0/3 (Chasseur standard, race: 6) , attP: (x:-11|y:1020|z:12) , cible: Destroyer standard, deffP: (x:1|y:1020|z:5), distance: 12
 - tir N0, arme: laserI - chance < 0 , exit
 - tir N1, arme: laserI - chance < 0 , exit
 - tir N2, arme: laserI - chance < 0 , exit
 - tir N3, arme: laserI - chance < 0 , exit
[F11_4 VS F92_0]  C0 , tir vaisseau N°0/3 (Chasseur standard, race: 6) , attP: (x:74|y:1020|z:94) , cible: Destroyer standard, deffP: (x:1|y:1020|z:5), distance: 89
 - tir N0, arme: laserI - chance < 0 , exit
 - tir N1, arme: laserI - chance < 0 , exit
 - tir N2, arme: laserI - chance < 0 , exit
 - tir N3, arme: laserI - chance < 0 , exit
[F11_4 VS F92_0]  C4 , tir vaisseau N°0/0 (Intercepteur standard, race: 4) , attP: (x:1|y:1020|z:5) , cible: Supercroiseur standard, deffP: (x:1|y:1020|z:5), distance: 0
 - tir N0, arme: laserI => chance 27(12),  hit, degat (1)
[F11_4 VS F92_0]  C4 , tir vaisseau N°0/25 (Destroyer standard, race: 4) , attP: (x:1|y:1020|z:5) , cible: Supercroiseur standard, deffP: (x:1|y:1020|z:5), distance: 0
 - tir N0, arme: laserI => chance 27(12),  miss
 - tir N0, arme: laserI => chance 27(12),  miss
 - tir N0, arme: laserI => chance 27(12),  miss
 - tir N0, arme: laserI => chance 27(12),  miss
 - tir N0, arme: laserI => chance 27(12),  hit, degat (1)
 - tir N0, arme: laserI => chance 27(12),  miss
 - tir N0, arme: laserI => chance 27(12),  miss
 - tir N0, arme: laserI => chance 27(12),  hit, degat (1)
 - tir N0, arme: laserI => chance 27(12),  miss
 - tir N0, arme: laserI => chance 27(12),  miss
 - tir N0, arme: canon à plasmaI => chance 57(12),  miss
 - tir N0, arme: canon à plasmaI => chance 57(12),  hit, degat (1)
 - tir N0, arme: canon à plasmaI => chance 57(12),  miss
 - tir N0, arme: canon à plasmaI => chance 57(12),  hit, degat (1)
 - tir N0, arme: canon à plasmaI => chance 57(12),  miss
 - tir N0, arme: canon à plasmaI => chance 57(12),  miss
 - tir N0, arme: canon à plasmaI => chance 57(12),  hit, degat (1)
 - tir N0, arme: canon à plasmaI => chance 57(12),  hit, degat (1)
 - tir N0, arme: canon à plasmaI => chance 57(12),  miss
 - tir N0, arme: canon à plasmaI => chance 57(12),  hit, degat (1)
[F11_4 VS F92_0]  C4 , tir vaisseau N°0/0 (Intercepteur standard, race: 4) , attP: (x:1|y:1020|z:5) , cible: Supercroiseur standard, deffP: (x:1|y:1020|z:5), distance: 0
 - tir N0, arme: laserI => chance 27(12),  miss
[F11_4 VS F92_0]  C4 , tir vaisseau N°0/15 (Fregate standard, race: 4) , attP: (x:1|y:1020|z:5) , cible: Supercroiseur standard, deffP: (x:1|y:1020|z:5), distance: 0
 - tir N0, arme: canon à plasmaI => chance 57(12),  hit, degat (1)
 - tir N0, arme: canon à plasmaI => chance 57(12),  hit, degat (1)
 - tir N0, arme: canon à plasmaI => chance 57(12),  miss
 - tir N0, arme: canon à plasmaI => chance 57(12),  hit, degat (1)
 - tir N0, arme: canon à plasmaI => chance 57(12),  hit, degat (1)
 - tir N0, arme: canon à plasmaI => chance 57(12),  miss
 - tir N0, arme: canon à plasmaI => chance 57(12),  hit, degat (1), cible detruire
[F11_4 VS F92_0]  C4 , tir vaisseau N°0/15 (Fregate standard, race: 4) , attP: (x:55|y:1020|z:17) , cible: Torpilleur standard, deffP: (x:55|y:1020|z:17), distance: 0
 - tir N0, arme: canon à plasmaI => chance 47(12),  miss
 - tir N0, arme: canon à plasmaI => chance 47(12),  miss
 - tir N0, arme: canon à plasmaI => chance 47(12),  miss
 - tir N0, arme: canon à plasmaI => chance 47(12),  miss
 - tir N0, arme: canon à plasmaI => chance 47(12),  hit, degat (1)
 - tir N0, arme: canon à plasmaI => chance 47(12),  miss
 - tir N0, arme: canon à plasmaI => chance 47(12),  hit, degat (1)
 - tir N0, arme: canon à plasmaI => chance 47(12),  hit, degat (1)
 - tir N0, arme: canon à plasmaI => chance 47(12),  hit, degat (1)
 - tir N0, arme: canon à plasmaI => chance 47(12),  hit, degat (1), cible detruire
[F11_4 VS F92_0]  C4 , tir vaisseau N°0/25 (Destroyer standard, race: 4) , attP: (x:1|y:1020|z:5) 
[F11_4 VS F92_0]  C4 , tir vaisseau N°0/0 (Intercepteur standard, race: 4) , attP: (x:1|y:1020|z:5) 
[F11_4 VS F92_0]  C4 , tir vaisseau N°0/25 (Destroyer standard, race: 4) , attP: (x:1|y:1020|z:5) 
[F11_4 VS F92_0]  C4 , tir vaisseau N°0/25 (Destroyer standard, race: 4) , attP: (x:1|y:1020|z:5) 
[F11_4 VS F92_0]  C4 , tir vaisseau N°0/3 (Torpilleur standard, race: 4) , attP: (x:33|y:1020|z:5) 
[F11_4 VS F92_0]  C0 , tir vaisseau N°0/3 (Torpilleur standard, race: 6) , attP: (x:82|y:1020|z:17) , cible: Colonisateur, deffP: (x:7|y:11|z:50), distance: 1 009
 - tir N0, arme: lance-torpilleI - chance < 0 , exit
 - tir N1, arme: lance-torpilleI - chance < 0 , exit
 - tir N2, arme: lance-torpilleI - chance < 0 , exit
 - tir N3, arme: lance-torpilleI - chance < 0 , exit
[F11_4 VS F92_0]  C4 , tir vaisseau N°0/3 (Torpilleur standard, race: 4) , attP: (x:1|y:1020|z:5) , cible: Torpilleur standard, deffP: (x:82|y:1020|z:17), distance: 81
 - tir N0, arme: lance-torpilleI - chance < 0 , exit
 - tir N1, arme: lance-torpilleI - chance < 0 , exit
 - tir N2, arme: lance-torpilleI - chance < 0 , exit
 - tir N3, arme: lance-torpilleI - chance < 0 , exit
[F11_4 VS F92_0]  C4 , tir vaisseau N°0/3 (Torpilleur standard, race: 4) , attP: (x:1|y:1020|z:5) 
[F11_4 VS F92_0]  C4 , tir vaisseau N°0/3 (Torpilleur standard, race: 4) , attP: (x:33|y:1020|z:5) 
[F11_4 VS F92_0]  C4 , tir vaisseau N°0/3 (Torpilleur standard, race: 4) , attP: (x:19|y:1020|z:78) , cible: Grand Bombardier standard, deffP: (x:19|y:1020|z:78), distance: 0
 - tir N0, arme: lance-torpilleI => chance 14(12),  hit, degat (2), cible detruire
[F11_4 VS F92_0]  C4 , tir vaisseau N°0/63 (Supercroiseur standard, race: 4) , attP: (x:1|y:1020|z:5) 
[F11_4 VS F92_0]  C4 , tir vaisseau N°0/3 (Torpilleur standard, race: 4) , attP: (x:59|y:1020|z:14) pas de cible
[F11_4 VS F92_0]  C4 , tir vaisseau N°0/3 (Torpilleur standard, race: 4) , attP: (x:19|y:1020|z:78) 
[F11_4 VS F92_0]  C0 , tir vaisseau N°0/3 (Torpilleur standard, race: 6) , attP: (x:55|y:1020|z:17) 
[F11_4 VS F92_0]  C4 , tir vaisseau N°0/63 (Croiseur standard, race: 4) , attP: (x:1|y:1020|z:5) 
[F11_4 VS F92_0]  C4 , tir vaisseau N°0/3 (Torpilleur standard, race: 4) , attP: (x:1|y:1020|z:5) 
[F11_4 VS F92_0]  C4 , tir vaisseau N°0/7 (Colonisateur, race: 4) , attP: (x:7|y:11|z:50) 
[F11_4 VS F92_0]  C4 , tir vaisseau N°0/63 (Supercroiseur standard, race: 4) , attP: (x:1|y:1020|z:5) 
[F11_4 VS F92_0]  C4 , tir vaisseau N°0/63 (Croiseur standard, race: 4) , attP: (x:1|y:1020|z:5) 
[F11_4 VS F92_0]  C4 , tir vaisseau N°0/7 (Colonisateur, race: 4) , attP: (x:60|y:16|z:97) 
[F11_4 VS F92_0]  C0 , tir vaisseau N°0/63 (Supercroiseur standard, race: 6) , attP: (x:1|y:1020|z:5) 
[F11_4 VS F92_0]  C0 , tir vaisseau N°0/63 (Supercroiseur standard, race: 6) , attP: (x:46|y:1020|z:5) , cible: Fregate standard, deffP: (x:1|y:1020|z:5), distance: 45
 - tir N0, arme: laserI - chance < 0 , exit
 - tir N1, arme: laserI - chance < 0 , exit
 - tir N2, arme: laserI - chance < 0 , exit
 - tir N3, arme: laserI - chance < 0 , exit
 - tir N4, arme: laserI - chance < 0 , exit
 - tir N5, arme: laserI - chance < 0 , exit
 - tir N6, arme: canon à plasmaI - chance < 0 , exit
 - tir N7, arme: canon à plasmaI - chance < 0 , exit
 - tir N8, arme: canon à plasmaI - chance < 0 , exit
 - tir N9, arme: canon à plasmaI - chance < 0 , exit
 - tir N10, arme: canon à plasmaI - chance < 0 , exit
 - tir N11, arme: lance-torpilleI - chance < 0 , exit
 - tir N12, arme: lance-torpilleI - chance < 0 , exit
 - tir N13, arme: lance-torpilleI - chance < 0 , exit
 - tir N14, arme: lance-torpilleI - chance < 0 , exit
 - tir N15, arme: lance-torpilleI - chance < 0 , exit
 - tir N16, arme: lance-torpilleI - chance < 0 , exit
 - tir N17, arme: lance-torpilleI - chance < 0 , exit
 - tir N18, arme: lance-torpilleI - chance < 0 , exit
[F11_4 VS F92_0]  C0 , tir vaisseau N°0/3 (Grand Bombardier standard, race: 6) , attP: (x:19|y:1020|z:78) 
FIN DE TOUR: F1  219, F2 : 240
TOUR DE COMBAT 6
[F11_4 VS F92_0]  C0 , tir vaisseau N°0/3 (Chasseur standard, race: 6) , attP: (x:-23|y:1020|z:81) , cible: Croiseur standard, deffP: (x:6|y:1020|z:5), distance: 76
 - tir N0, arme: laserI - chance < 0 , exit
 - tir N1, arme: laserI - chance < 0 , exit
 - tir N2, arme: laserI - chance < 0 , exit
 - tir N3, arme: laserI - chance < 0 , exit
[F11_4 VS F92_0]  C4 , tir vaisseau N°0/0 (Intercepteur standard, race: 4) , attP: (x:6|y:1020|z:5) , cible: Supercroiseur standard, deffP: (x:6|y:1020|z:5), distance: 0
 - tir N0, arme: laserI => chance 27(12),  hit, degat (1)
[F11_4 VS F92_0]  C0 , tir vaisseau N°0/3 (Chasseur standard, race: 6) , attP: (x:72|y:1020|z:99) , cible: Destroyer standard, deffP: (x:6|y:1020|z:5), distance: 94
 - tir N0, arme: laserI - chance < 0 , exit
 - tir N1, arme: laserI - chance < 0 , exit
 - tir N2, arme: laserI - chance < 0 , exit
 - tir N3, arme: laserI - chance < 0 , exit
[F11_4 VS F92_0]  C4 , tir vaisseau N°0/0 (Intercepteur standard, race: 4) , attP: (x:6|y:1020|z:5) , cible: Supercroiseur standard, deffP: (x:6|y:1020|z:5), distance: 0
 - tir N0, arme: laserI => chance 27(12),  miss
[F11_4 VS F92_0]  C4 , tir vaisseau N°0/25 (Destroyer standard, race: 4) , attP: (x:6|y:1020|z:5) , cible: Supercroiseur standard, deffP: (x:6|y:1020|z:5), distance: 0
 - tir N0, arme: laserI => chance 27(12),  miss
 - tir N0, arme: laserI => chance 27(12),  hit, degat (1)
 - tir N0, arme: laserI => chance 27(12),  miss
 - tir N0, arme: laserI => chance 27(12),  miss
 - tir N0, arme: laserI => chance 27(12),  miss
 - tir N0, arme: laserI => chance 27(12),  hit, degat (1)
 - tir N0, arme: laserI => chance 27(12),  hit, degat (1)
 - tir N0, arme: laserI => chance 27(12),  miss
 - tir N0, arme: laserI => chance 27(12),  miss
 - tir N0, arme: laserI => chance 27(12),  hit, degat (1)
 - tir N0, arme: canon à plasmaI => chance 57(12),  hit, degat (1)
 - tir N0, arme: canon à plasmaI => chance 57(12),  miss
 - tir N0, arme: canon à plasmaI => chance 57(12),  hit, degat (1)
 - tir N0, arme: canon à plasmaI => chance 57(12),  miss
 - tir N0, arme: canon à plasmaI => chance 57(12),  hit, degat (1)
 - tir N0, arme: canon à plasmaI => chance 57(12),  hit, degat (1)
 - tir N0, arme: canon à plasmaI => chance 57(12),  miss
 - tir N0, arme: canon à plasmaI => chance 57(12),  hit, degat (1)
 - tir N0, arme: canon à plasmaI => chance 57(12),  hit, degat (1)
 - tir N0, arme: canon à plasmaI => chance 57(12),  hit, degat (1)
[F11_4 VS F92_0]  C4 , tir vaisseau N°0/0 (Intercepteur standard, race: 4) , attP: (x:6|y:1020|z:5) , cible: Supercroiseur standard, deffP: (x:6|y:1020|z:5), distance: 0
 - tir N0, arme: laserI => chance 27(12),  miss
[F11_4 VS F92_0]  C4 , tir vaisseau N°0/3 (Torpilleur standard, race: 4) , attP: (x:-11|y:1020|z:12) , cible: Chasseur standard, deffP: (x:-23|y:1020|z:81), distance: 69
 - tir N0, arme: lance-torpilleI - chance < 0 , exit
 - tir N1, arme: lance-torpilleI - chance < 0 , exit
 - tir N2, arme: lance-torpilleI - chance < 0 , exit
 - tir N3, arme: lance-torpilleI - chance < 0 , exit
[F11_4 VS F92_0]  C4 , tir vaisseau N°0/25 (Destroyer standard, race: 4) , attP: (x:-10|y:1020|z:12) , cible: Chasseur standard, deffP: (x:-23|y:1020|z:81), distance: 69
 - tir N0, arme: laserI - chance < 0 , exit
 - tir N1, arme: laserI - chance < 0 , exit
 - tir N2, arme: laserI - chance < 0 , exit
 - tir N3, arme: laserI - chance < 0 , exit
 - tir N4, arme: laserI - chance < 0 , exit
 - tir N5, arme: laserI - chance < 0 , exit
 - tir N6, arme: laserI - chance < 0 , exit
 - tir N7, arme: laserI - chance < 0 , exit
 - tir N8, arme: laserI - chance < 0 , exit
 - tir N9, arme: canon à plasmaI - chance < 0 , exit
 - tir N10, arme: canon à plasmaI - chance < 0 , exit
 - tir N11, arme: canon à plasmaI - chance < 0 , exit
 - tir N12, arme: canon à plasmaI - chance < 0 , exit
 - tir N13, arme: canon à plasmaI - chance < 0 , exit
 - tir N14, arme: canon à plasmaI - chance < 0 , exit
 - tir N15, arme: canon à plasmaI - chance < 0 , exit
 - tir N16, arme: canon à plasmaI - chance < 0 , exit
 - tir N17, arme: canon à plasmaI - chance < 0 , exit
 - tir N18, arme: canon à plasmaI - chance < 0 , exit
[F11_4 VS F92_0]  C4 , tir vaisseau N°0/25 (Destroyer standard, race: 4) , attP: (x:-10|y:1020|z:12) , cible: Chasseur standard, deffP: (x:-23|y:1020|z:81), distance: 69
 - tir N0, arme: laserI - chance < 0 , exit
 - tir N1, arme: laserI - chance < 0 , exit
 - tir N2, arme: laserI - chance < 0 , exit
 - tir N3, arme: laserI - chance < 0 , exit
 - tir N4, arme: laserI - chance < 0 , exit
 - tir N5, arme: laserI - chance < 0 , exit
 - tir N6, arme: laserI - chance < 0 , exit
 - tir N7, arme: laserI - chance < 0 , exit
 - tir N8, arme: laserI - chance < 0 , exit
 - tir N9, arme: laserI - chance < 0 , exit
 - tir N10, arme: canon à plasmaI - chance < 0 , exit
 - tir N11, arme: canon à plasmaI - chance < 0 , exit
 - tir N12, arme: canon à plasmaI - chance < 0 , exit
 - tir N13, arme: canon à plasmaI - chance < 0 , exit
 - tir N14, arme: canon à plasmaI - chance < 0 , exit
 - tir N15, arme: canon à plasmaI - chance < 0 , exit
 - tir N16, arme: canon à plasmaI - chance < 0 , exit
 - tir N17, arme: canon à plasmaI - chance < 0 , exit
 - tir N18, arme: canon à plasmaI - chance < 0 , exit
 - tir N19, arme: canon à plasmaI - chance < 0 , exit
[F11_4 VS F92_0]  C4 , tir vaisseau N°0/3 (Torpilleur standard, race: 4) , attP: (x:6|y:1020|z:5) , cible: Supercroiseur standard, deffP: (x:6|y:1020|z:5), distance: 0
 - tir N0, arme: lance-torpilleI => chance 32(12),  hit, degat (2)
 - tir N0, arme: lance-torpilleI => chance 32(12),  miss
 - tir N0, arme: lance-torpilleI => chance 32(12),  miss
 - tir N0, arme: lance-torpilleI => chance 32(12),  miss
[F11_4 VS F92_0]  C4 , tir vaisseau N°0/3 (Torpilleur standard, race: 4) , attP: (x:6|y:1020|z:5) , cible: Supercroiseur standard, deffP: (x:6|y:1020|z:5), distance: 0
 - tir N0, arme: lance-torpilleI => chance 32(12),  miss
 - tir N0, arme: lance-torpilleI => chance 32(12),  miss
 - tir N0, arme: lance-torpilleI => chance 32(12),  miss
 - tir N0, arme: lance-torpilleI => chance 32(12),  miss
[F11_4 VS F92_0]  C4 , tir vaisseau N°0/3 (Torpilleur standard, race: 4) , attP: (x:6|y:1020|z:5) , cible: Supercroiseur standard, deffP: (x:6|y:1020|z:5), distance: 0
 - tir N0, arme: lance-torpilleI => chance 32(12),  miss
 - tir N0, arme: lance-torpilleI => chance 32(12),  hit, degat (2)
 - tir N0, arme: lance-torpilleI => chance 32(12),  miss
 - tir N0, arme: lance-torpilleI => chance 32(12),  miss
[F11_4 VS F92_0]  C4 , tir vaisseau N°0/25 (Destroyer standard, race: 4) , attP: (x:6|y:1020|z:5) , cible: Supercroiseur standard, deffP: (x:6|y:1020|z:5), distance: 0
 - tir N0, arme: laserI => chance 27(12),  hit, degat (1)
 - tir N0, arme: laserI => chance 27(12),  hit, degat (1)
 - tir N0, arme: laserI => chance 27(12),  miss
 - tir N0, arme: laserI => chance 27(12),  hit, degat (1)
 - tir N0, arme: laserI => chance 27(12),  miss
 - tir N0, arme: laserI => chance 27(12),  miss
 - tir N0, arme: laserI => chance 27(12),  miss
 - tir N0, arme: laserI => chance 27(12),  miss
 - tir N0, arme: laserI => chance 27(12),  hit, degat (1)
 - tir N0, arme: laserI => chance 27(12),  miss
 - tir N0, arme: canon à plasmaI => chance 57(12),  hit, degat (1)
 - tir N0, arme: canon à plasmaI => chance 57(12),  hit, degat (1)
 - tir N0, arme: canon à plasmaI => chance 57(12),  miss
 - tir N0, arme: canon à plasmaI => chance 57(12),  hit, degat (1)
 - tir N0, arme: canon à plasmaI => chance 57(12),  hit, degat (1)
 - tir N0, arme: canon à plasmaI => chance 57(12),  hit, degat (1)
 - tir N0, arme: canon à plasmaI => chance 57(12),  hit, degat (1)
 - tir N0, arme: canon à plasmaI => chance 57(12),  miss
 - tir N0, arme: canon à plasmaI => chance 57(12),  miss
 - tir N0, arme: canon à plasmaI => chance 57(12),  hit, degat (1)
[F11_4 VS F92_0]  C4 , tir vaisseau N°0/15 (Fregate standard, race: 4) , attP: (x:-11|y:1020|z:12) , cible: Chasseur standard, deffP: (x:-23|y:1020|z:81), distance: 69
 - tir N0, arme: canon à plasmaI - chance < 0 , exit
 - tir N1, arme: canon à plasmaI - chance < 0 , exit
 - tir N2, arme: canon à plasmaI - chance < 0 , exit
 - tir N3, arme: canon à plasmaI - chance < 0 , exit
 - tir N4, arme: canon à plasmaI - chance < 0 , exit
 - tir N5, arme: canon à plasmaI - chance < 0 , exit
 - tir N6, arme: canon à plasmaI - chance < 0 , exit
 - tir N7, arme: canon à plasmaI - chance < 0 , exit
 - tir N8, arme: canon à plasmaI - chance < 0 , exit
 - tir N9, arme: canon à plasmaI - chance < 0 , exit
[F11_4 VS F92_0]  C4 , tir vaisseau N°0/3 (Torpilleur standard, race: 4) , attP: (x:74|y:1020|z:92) , cible: Chasseur standard, deffP: (x:72|y:1020|z:99), distance: 7
 - tir N0, arme: lance-torpilleI => chance 12(11),  miss
 - tir N0, arme: lance-torpilleI => chance 12(11),  miss
 - tir N0, arme: lance-torpilleI => chance 12(11),  miss
 - tir N0, arme: lance-torpilleI => chance 12(11),  miss
[F11_4 VS F92_0]  C4 , tir vaisseau N°0/15 (Fregate standard, race: 4) , attP: (x:6|y:1020|z:5) , cible: Supercroiseur standard, deffP: (x:6|y:1020|z:5), distance: 0
 - tir N0, arme: canon à plasmaI => chance 57(12),  miss
 - tir N0, arme: canon à plasmaI => chance 57(12),  hit, degat (1)
 - tir N0, arme: canon à plasmaI => chance 57(12),  miss
 - tir N0, arme: canon à plasmaI => chance 57(12),  miss
 - tir N0, arme: canon à plasmaI => chance 57(12),  hit, degat (1)
 - tir N0, arme: canon à plasmaI => chance 57(12),  miss
 - tir N0, arme: canon à plasmaI => chance 57(12),  hit, degat (1)
 - tir N0, arme: canon à plasmaI => chance 57(12),  hit, degat (1)
 - tir N0, arme: canon à plasmaI => chance 57(12),  hit, degat (1)
 - tir N0, arme: canon à plasmaI => chance 57(12),  hit, degat (1)
[F11_4 VS F92_0]  C4 , tir vaisseau N°0/3 (Torpilleur standard, race: 4) , attP: (x:6|y:1020|z:5) , cible: Supercroiseur standard, deffP: (x:6|y:1020|z:5), distance: 0
 - tir N0, arme: lance-torpilleI => chance 32(12),  miss
 - tir N0, arme: lance-torpilleI => chance 32(12),  miss
 - tir N0, arme: lance-torpilleI => chance 32(12),  miss
 - tir N0, arme: lance-torpilleI => chance 32(12),  miss
[F11_4 VS F92_0]  C4 , tir vaisseau N°0/3 (Torpilleur standard, race: 4) , attP: (x:6|y:1020|z:52) , cible: Supercroiseur standard, deffP: (x:6|y:1020|z:5), distance: 47
 - tir N0, arme: lance-torpilleI - chance < 0 , exit
 - tir N1, arme: lance-torpilleI - chance < 0 , exit
 - tir N2, arme: lance-torpilleI - chance < 0 , exit
 - tir N3, arme: lance-torpilleI - chance < 0 , exit
[F11_4 VS F92_0]  C4 , tir vaisseau N°0/63 (Supercroiseur standard, race: 4) , attP: (x:6|y:1020|z:5) , cible: Supercroiseur standard, deffP: (x:6|y:1020|z:5), distance: 0
 - tir N0, arme: laserI => chance 27(12),  miss
 - tir N0, arme: laserI => chance 27(12),  miss
 - tir N0, arme: laserI => chance 27(12),  miss
 - tir N0, arme: laserI => chance 27(12),  miss
 - tir N0, arme: laserI => chance 27(12),  miss
 - tir N0, arme: laserI => chance 27(12),  hit, degat (1)
 - tir N0, arme: laserI => chance 27(12),  hit, degat (1)
 - tir N0, arme: laserI => chance 27(12),  miss
 - tir N0, arme: laserI => chance 27(12),  miss
 - tir N0, arme: laserI => chance 27(12),  hit, degat (1)
 - tir N0, arme: laserI => chance 27(12),  miss
 - tir N0, arme: laserI => chance 27(12),  miss
 - tir N0, arme: laserI => chance 27(12),  miss
 - tir N0, arme: laserI => chance 27(12),  miss
 - tir N0, arme: laserI => chance 27(12),  miss
 - tir N0, arme: laserI => chance 27(12),  miss
 - tir N0, arme: laserI => chance 27(12),  miss
 - tir N0, arme: laserI => chance 27(12),  miss
 - tir N0, arme: laserI => chance 27(12),  miss
 - tir N0, arme: laserI => chance 27(12),  hit, degat (1)
 - tir N0, arme: canon à plasmaI => chance 57(12),  miss
 - tir N0, arme: canon à plasmaI => chance 57(12),  miss
 - tir N0, arme: canon à plasmaI => chance 57(12),  hit, degat (1)
 - tir N0, arme: canon à plasmaI => chance 57(12),  miss
 - tir N0, arme: canon à plasmaI => chance 57(12),  miss
 - tir N0, arme: canon à plasmaI => chance 57(12),  miss
 - tir N0, arme: canon à plasmaI => chance 57(12),  miss
 - tir N0, arme: canon à plasmaI => chance 57(12),  hit, degat (1)
 - tir N0, arme: canon à plasmaI => chance 57(12),  miss
 - tir N0, arme: canon à plasmaI => chance 57(12),  hit, degat (1)
 - tir N0, arme: canon à plasmaI => chance 57(12),  hit, degat (1)
 - tir N0, arme: canon à plasmaI => chance 57(12),  hit, degat (1)
 - tir N0, arme: canon à plasmaI => chance 57(12),  hit, degat (1)
 - tir N0, arme: canon à plasmaI => chance 57(12),  miss
 - tir N0, arme: canon à plasmaI => chance 57(12),  miss
 - tir N0, arme: canon à plasmaI => chance 57(12),  hit, degat (1)
 - tir N0, arme: canon à plasmaI => chance 57(12),  hit, degat (1)
 - tir N0, arme: canon à plasmaI => chance 57(12),  miss
 - tir N0, arme: canon à plasmaI => chance 57(12),  miss
 - tir N0, arme: canon à plasmaI => chance 57(12),  miss
 - tir N0, arme: lance-torpilleI => chance 32(12),  hit, degat (2), cible detruire
[F11_4 VS F92_0]  C4 , tir vaisseau N°0/3 (Torpilleur standard, race: 4) , attP: (x:-11|y:1020|z:12) , cible: Chasseur standard, deffP: (x:-23|y:1020|z:81), distance: 69
 - tir N0, arme: lance-torpilleI - chance < 0 , exit
 - tir N1, arme: lance-torpilleI - chance < 0 , exit
 - tir N2, arme: lance-torpilleI - chance < 0 , exit
 - tir N3, arme: lance-torpilleI - chance < 0 , exit
[F11_4 VS F92_0]  C4 , tir vaisseau N°0/63 (Supercroiseur standard, race: 4) , attP: (x:-8|y:1020|z:12) , cible: Chasseur standard, deffP: (x:-23|y:1020|z:81), distance: 69
 - tir N0, arme: laserI - chance < 0 , exit
 - tir N1, arme: laserI - chance < 0 , exit
 - tir N2, arme: laserI - chance < 0 , exit
 - tir N3, arme: laserI - chance < 0 , exit
 - tir N4, arme: laserI - chance < 0 , exit
 - tir N5, arme: laserI - chance < 0 , exit
 - tir N6, arme: laserI - chance < 0 , exit
 - tir N7, arme: laserI - chance < 0 , exit
 - tir N8, arme: laserI - chance < 0 , exit
 - tir N9, arme: laserI - chance < 0 , exit
 - tir N10, arme: laserI - chance < 0 , exit
 - tir N11, arme: laserI - chance < 0 , exit
 - tir N12, arme: laserI - chance < 0 , exit
 - tir N13, arme: laserI - chance < 0 , exit
 - tir N14, arme: laserI - chance < 0 , exit
 - tir N15, arme: laserI - chance < 0 , exit
 - tir N16, arme: laserI - chance < 0 , exit
 - tir N17, arme: laserI - chance < 0 , exit
 - tir N18, arme: laserI - chance < 0 , exit
 - tir N19, arme: laserI - chance < 0 , exit
 - tir N20, arme: canon à plasmaI - chance < 0 , exit
 - tir N21, arme: canon à plasmaI - chance < 0 , exit
 - tir N22, arme: canon à plasmaI - chance < 0 , exit
 - tir N23, arme: canon à plasmaI - chance < 0 , exit
 - tir N24, arme: canon à plasmaI - chance < 0 , exit
 - tir N25, arme: canon à plasmaI - chance < 0 , exit
 - tir N26, arme: canon à plasmaI - chance < 0 , exit
 - tir N27, arme: canon à plasmaI - chance < 0 , exit
 - tir N28, arme: canon à plasmaI - chance < 0 , exit
 - tir N29, arme: canon à plasmaI - chance < 0 , exit
 - tir N30, arme: canon à plasmaI - chance < 0 , exit
 - tir N31, arme: canon à plasmaI - chance < 0 , exit
 - tir N32, arme: canon à plasmaI - chance < 0 , exit
 - tir N33, arme: canon à plasmaI - chance < 0 , exit
 - tir N34, arme: canon à plasmaI - chance < 0 , exit
 - tir N35, arme: canon à plasmaI - chance < 0 , exit
 - tir N36, arme: canon à plasmaI - chance < 0 , exit
 - tir N37, arme: canon à plasmaI - chance < 0 , exit
 - tir N38, arme: canon à plasmaI - chance < 0 , exit
 - tir N39, arme: canon à plasmaI - chance < 0 , exit
 - tir N40, arme: lance-torpilleI - chance < 0 , exit
 - tir N41, arme: lance-torpilleI - chance < 0 , exit
 - tir N42, arme: lance-torpilleI - chance < 0 , exit
 - tir N43, arme: lance-torpilleI - chance < 0 , exit
 - tir N44, arme: lance-torpilleI - chance < 0 , exit
 - tir N45, arme: lance-torpilleI - chance < 0 , exit
 - tir N46, arme: lance-torpilleI - chance < 0 , exit
 - tir N47, arme: lance-torpilleI - chance < 0 , exit
 - tir N48, arme: lance-torpilleI - chance < 0 , exit
 - tir N49, arme: lance-torpilleI - chance < 0 , exit
 - tir N50, arme: lance-torpilleI - chance < 0 , exit
 - tir N51, arme: lance-torpilleI - chance < 0 , exit
 - tir N52, arme: lance-torpilleI - chance < 0 , exit
 - tir N53, arme: lance-torpilleI - chance < 0 , exit
 - tir N54, arme: lance-torpilleI - chance < 0 , exit
 - tir N55, arme: lance-torpilleI - chance < 0 , exit
 - tir N56, arme: lance-torpilleI - chance < 0 , exit
 - tir N57, arme: lance-torpilleI - chance < 0 , exit
 - tir N58, arme: lance-torpilleI - chance < 0 , exit
 - tir N59, arme: lance-torpilleI - chance < 0 , exit
[F11_4 VS F92_0]  C4 , tir vaisseau N°0/63 (Croiseur standard, race: 4) , attP: (x:6|y:1020|z:5) 
[F11_4 VS F92_0]  C4 , tir vaisseau N°0/63 (Croiseur standard, race: 4) , attP: (x:6|y:1020|z:5) 
[F11_4 VS F92_0]  C0 , tir vaisseau N°0/3 (Torpilleur standard, race: 6) , attP: (x:93|y:1020|z:29) , cible: Croiseur standard, deffP: (x:6|y:1020|z:5), distance: 87
 - tir N0, arme: lance-torpilleI - chance < 0 , exit
 - tir N1, arme: lance-torpilleI - chance < 0 , exit
 - tir N2, arme: lance-torpilleI - chance < 0 , exit
 - tir N3, arme: lance-torpilleI - chance < 0 , exit
[F11_4 VS F92_0]  C4 , tir vaisseau N°0/7 (Colonisateur, race: 4) , attP: (x:18|y:22|z:21) 
[F11_4 VS F92_0]  C4 , tir vaisseau N°0/7 (Colonisateur, race: 4) , attP: (x:31|y:27|z:68) , cible: Torpilleur standard, deffP: (x:93|y:1020|z:29), distance: 993
 - pas darmes valides
[F11_4 VS F92_0]  C0 , tir vaisseau N°0/63 (Supercroiseur standard, race: 6) , attP: (x:6|y:1020|z:5) 
FIN DE TOUR: F1  219, F2 : 286
TOUR DE COMBAT 7
[F11_4 VS F92_0]  C0 , tir vaisseau N°0/3 (Chasseur standard, race: 6) , attP: (x:62|y:1020|z:71) , cible: Supercroiseur standard, deffP: (x:-17|y:1020|z:81), distance: 79
 - tir N0, arme: laserI - chance < 0 , exit
 - tir N1, arme: laserI - chance < 0 , exit
 - tir N2, arme: laserI - chance < 0 , exit
 - tir N3, arme: laserI - chance < 0 , exit
[F11_4 VS F92_0]  C0 , tir vaisseau N°0/3 (Chasseur standard, race: 6) , attP: (x:64|y:1020|z:90) , cible: Fregate standard, deffP: (x:-23|y:1020|z:81), distance: 87
 - tir N0, arme: laserI - chance < 0 , exit
 - tir N1, arme: laserI - chance < 0 , exit
 - tir N2, arme: laserI - chance < 0 , exit
 - tir N3, arme: laserI - chance < 0 , exit
[F11_4 VS F92_0]  C4 , tir vaisseau N°0/15 (Fregate standard, race: 4) , attP: (x:-23|y:1020|z:81) , cible: Chasseur standard, deffP: (x:64|y:1020|z:90), distance: 87
 - tir N0, arme: canon à plasmaI - chance < 0 , exit
 - tir N1, arme: canon à plasmaI - chance < 0 , exit
 - tir N2, arme: canon à plasmaI - chance < 0 , exit
 - tir N3, arme: canon à plasmaI - chance < 0 , exit
 - tir N4, arme: canon à plasmaI - chance < 0 , exit
 - tir N5, arme: canon à plasmaI - chance < 0 , exit
 - tir N6, arme: canon à plasmaI - chance < 0 , exit
 - tir N7, arme: canon à plasmaI - chance < 0 , exit
 - tir N8, arme: canon à plasmaI - chance < 0 , exit
 - tir N9, arme: canon à plasmaI - chance < 0 , exit
[F11_4 VS F92_0]  C4 , tir vaisseau N°0/25 (Destroyer standard, race: 4) , attP: (x:-21|y:1020|z:81) , cible: Chasseur standard, deffP: (x:64|y:1020|z:90), distance: 85
 - tir N0, arme: laserI - chance < 0 , exit
 - tir N1, arme: laserI - chance < 0 , exit
 - tir N2, arme: laserI - chance < 0 , exit
 - tir N3, arme: laserI - chance < 0 , exit
 - tir N4, arme: laserI - chance < 0 , exit
 - tir N5, arme: laserI - chance < 0 , exit
 - tir N6, arme: laserI - chance < 0 , exit
 - tir N7, arme: laserI - chance < 0 , exit
 - tir N8, arme: laserI - chance < 0 , exit
 - tir N9, arme: laserI - chance < 0 , exit
 - tir N10, arme: canon à plasmaI - chance < 0 , exit
 - tir N11, arme: canon à plasmaI - chance < 0 , exit
 - tir N12, arme: canon à plasmaI - chance < 0 , exit
 - tir N13, arme: canon à plasmaI - chance < 0 , exit
 - tir N14, arme: canon à plasmaI - chance < 0 , exit
 - tir N15, arme: canon à plasmaI - chance < 0 , exit
 - tir N16, arme: canon à plasmaI - chance < 0 , exit
 - tir N17, arme: canon à plasmaI - chance < 0 , exit
 - tir N18, arme: canon à plasmaI - chance < 0 , exit
 - tir N19, arme: canon à plasmaI - chance < 0 , exit
[F11_4 VS F92_0]  C4 , tir vaisseau N°0/25 (Destroyer standard, race: 4) , attP: (x:-23|y:1020|z:81) , cible: Chasseur standard, deffP: (x:64|y:1020|z:90), distance: 87
 - tir N0, arme: laserI - chance < 0 , exit
 - tir N1, arme: laserI - chance < 0 , exit
 - tir N2, arme: laserI - chance < 0 , exit
 - tir N3, arme: laserI - chance < 0 , exit
 - tir N4, arme: laserI - chance < 0 , exit
 - tir N5, arme: laserI - chance < 0 , exit
 - tir N6, arme: laserI - chance < 0 , exit
 - tir N7, arme: laserI - chance < 0 , exit
 - tir N8, arme: laserI - chance < 0 , exit
 - tir N9, arme: laserI - chance < 0 , exit
 - tir N10, arme: canon à plasmaI - chance < 0 , exit
 - tir N11, arme: canon à plasmaI - chance < 0 , exit
 - tir N12, arme: canon à plasmaI - chance < 0 , exit
 - tir N13, arme: canon à plasmaI - chance < 0 , exit
 - tir N14, arme: canon à plasmaI - chance < 0 , exit
 - tir N15, arme: canon à plasmaI - chance < 0 , exit
 - tir N16, arme: canon à plasmaI - chance < 0 , exit
 - tir N17, arme: canon à plasmaI - chance < 0 , exit
 - tir N18, arme: canon à plasmaI - chance < 0 , exit
 - tir N19, arme: canon à plasmaI - chance < 0 , exit
[F11_4 VS F92_0]  C4 , tir vaisseau N°0/15 (Fregate standard, race: 4) , attP: (x:-23|y:1020|z:81) , cible: Chasseur standard, deffP: (x:64|y:1020|z:90), distance: 87
 - tir N0, arme: canon à plasmaI - chance < 0 , exit
 - tir N1, arme: canon à plasmaI - chance < 0 , exit
 - tir N2, arme: canon à plasmaI - chance < 0 , exit
 - tir N3, arme: canon à plasmaI - chance < 0 , exit
 - tir N4, arme: canon à plasmaI - chance < 0 , exit
 - tir N5, arme: canon à plasmaI - chance < 0 , exit
 - tir N6, arme: canon à plasmaI - chance < 0 , exit
 - tir N7, arme: canon à plasmaI - chance < 0 , exit
 - tir N8, arme: canon à plasmaI - chance < 0 , exit
 - tir N9, arme: canon à plasmaI - chance < 0 , exit
[F11_4 VS F92_0]  C4 , tir vaisseau N°0/0 (Intercepteur standard, race: 4) , attP: (x:-23|y:1020|z:81) , cible: Chasseur standard, deffP: (x:64|y:1020|z:90), distance: 87
 - tir N0, arme: laserI - chance < 0 , exit
[F11_4 VS F92_0]  C4 , tir vaisseau N°0/0 (Intercepteur standard, race: 4) , attP: (x:-23|y:1020|z:81) , cible: Chasseur standard, deffP: (x:64|y:1020|z:90), distance: 87
 - tir N0, arme: laserI - chance < 0 , exit
[F11_4 VS F92_0]  C4 , tir vaisseau N°0/0 (Intercepteur standard, race: 4) , attP: (x:-23|y:1020|z:81) , cible: Chasseur standard, deffP: (x:64|y:1020|z:90), distance: 87
 - tir N0, arme: laserI - chance < 0 , exit
[F11_4 VS F92_0]  C4 , tir vaisseau N°0/3 (Torpilleur standard, race: 4) , attP: (x:-23|y:1020|z:81) , cible: Chasseur standard, deffP: (x:64|y:1020|z:90), distance: 87
 - tir N0, arme: lance-torpilleI - chance < 0 , exit
 - tir N1, arme: lance-torpilleI - chance < 0 , exit
 - tir N2, arme: lance-torpilleI - chance < 0 , exit
 - tir N3, arme: lance-torpilleI - chance < 0 , exit
[F11_4 VS F92_0]  C4 , tir vaisseau N°0/25 (Destroyer standard, race: 4) , attP: (x:-21|y:1020|z:81) , cible: Chasseur standard, deffP: (x:64|y:1020|z:90), distance: 85
 - tir N0, arme: laserI - chance < 0 , exit
 - tir N1, arme: laserI - chance < 0 , exit
 - tir N2, arme: laserI - chance < 0 , exit
 - tir N3, arme: laserI - chance < 0 , exit
 - tir N4, arme: laserI - chance < 0 , exit
 - tir N5, arme: laserI - chance < 0 , exit
 - tir N6, arme: laserI - chance < 0 , exit
 - tir N7, arme: laserI - chance < 0 , exit
 - tir N8, arme: laserI - chance < 0 , exit
 - tir N9, arme: canon à plasmaI - chance < 0 , exit
 - tir N10, arme: canon à plasmaI - chance < 0 , exit
 - tir N11, arme: canon à plasmaI - chance < 0 , exit
 - tir N12, arme: canon à plasmaI - chance < 0 , exit
 - tir N13, arme: canon à plasmaI - chance < 0 , exit
 - tir N14, arme: canon à plasmaI - chance < 0 , exit
 - tir N15, arme: canon à plasmaI - chance < 0 , exit
 - tir N16, arme: canon à plasmaI - chance < 0 , exit
 - tir N17, arme: canon à plasmaI - chance < 0 , exit
 - tir N18, arme: canon à plasmaI - chance < 0 , exit
[F11_4 VS F92_0]  C4 , tir vaisseau N°0/3 (Torpilleur standard, race: 4) , attP: (x:-23|y:1020|z:81) , cible: Chasseur standard, deffP: (x:64|y:1020|z:90), distance: 87
 - tir N0, arme: lance-torpilleI - chance < 0 , exit
 - tir N1, arme: lance-torpilleI - chance < 0 , exit
 - tir N2, arme: lance-torpilleI - chance < 0 , exit
 - tir N3, arme: lance-torpilleI - chance < 0 , exit
[F11_4 VS F92_0]  C4 , tir vaisseau N°0/63 (Supercroiseur standard, race: 4) , attP: (x:15|y:1020|z:81) , cible: Chasseur standard, deffP: (x:64|y:1020|z:90), distance: 49
 - tir N0, arme: laserI - chance < 0 , exit
 - tir N1, arme: laserI - chance < 0 , exit
 - tir N2, arme: laserI - chance < 0 , exit
 - tir N3, arme: laserI - chance < 0 , exit
 - tir N4, arme: laserI - chance < 0 , exit
 - tir N5, arme: laserI - chance < 0 , exit
 - tir N6, arme: laserI - chance < 0 , exit
 - tir N7, arme: laserI - chance < 0 , exit
 - tir N8, arme: laserI - chance < 0 , exit
 - tir N9, arme: laserI - chance < 0 , exit
 - tir N10, arme: laserI - chance < 0 , exit
 - tir N11, arme: laserI - chance < 0 , exit
 - tir N12, arme: laserI - chance < 0 , exit
 - tir N13, arme: laserI - chance < 0 , exit
 - tir N14, arme: laserI - chance < 0 , exit
 - tir N15, arme: laserI - chance < 0 , exit
 - tir N16, arme: laserI - chance < 0 , exit
 - tir N17, arme: laserI - chance < 0 , exit
 - tir N18, arme: laserI - chance < 0 , exit
 - tir N19, arme: laserI - chance < 0 , exit
 - tir N20, arme: canon à plasmaI - chance < 0 , exit
 - tir N21, arme: canon à plasmaI - chance < 0 , exit
 - tir N22, arme: canon à plasmaI - chance < 0 , exit
 - tir N23, arme: canon à plasmaI - chance < 0 , exit
 - tir N24, arme: canon à plasmaI - chance < 0 , exit
 - tir N25, arme: canon à plasmaI - chance < 0 , exit
 - tir N26, arme: canon à plasmaI - chance < 0 , exit
 - tir N27, arme: canon à plasmaI - chance < 0 , exit
 - tir N28, arme: canon à plasmaI - chance < 0 , exit
 - tir N29, arme: canon à plasmaI - chance < 0 , exit
 - tir N30, arme: canon à plasmaI - chance < 0 , exit
 - tir N31, arme: canon à plasmaI - chance < 0 , exit
 - tir N32, arme: canon à plasmaI - chance < 0 , exit
 - tir N33, arme: canon à plasmaI - chance < 0 , exit
 - tir N34, arme: canon à plasmaI - chance < 0 , exit
 - tir N35, arme: canon à plasmaI - chance < 0 , exit
 - tir N36, arme: canon à plasmaI - chance < 0 , exit
 - tir N37, arme: canon à plasmaI - chance < 0 , exit
 - tir N38, arme: canon à plasmaI - chance < 0 , exit
 - tir N39, arme: canon à plasmaI - chance < 0 , exit
 - tir N40, arme: lance-torpilleI - chance < 0 , exit
 - tir N41, arme: lance-torpilleI - chance < 0 , exit
 - tir N42, arme: lance-torpilleI - chance < 0 , exit
 - tir N43, arme: lance-torpilleI - chance < 0 , exit
 - tir N44, arme: lance-torpilleI - chance < 0 , exit
 - tir N45, arme: lance-torpilleI - chance < 0 , exit
 - tir N46, arme: lance-torpilleI - chance < 0 , exit
 - tir N47, arme: lance-torpilleI - chance < 0 , exit
 - tir N48, arme: lance-torpilleI - chance < 0 , exit
 - tir N49, arme: lance-torpilleI - chance < 0 , exit
 - tir N50, arme: lance-torpilleI - chance < 0 , exit
 - tir N51, arme: lance-torpilleI - chance < 0 , exit
 - tir N52, arme: lance-torpilleI - chance < 0 , exit
 - tir N53, arme: lance-torpilleI - chance < 0 , exit
 - tir N54, arme: lance-torpilleI - chance < 0 , exit
 - tir N55, arme: lance-torpilleI - chance < 0 , exit
 - tir N56, arme: lance-torpilleI - chance < 0 , exit
 - tir N57, arme: lance-torpilleI - chance < 0 , exit
 - tir N58, arme: lance-torpilleI - chance < 0 , exit
 - tir N59, arme: lance-torpilleI - chance < 0 , exit
[F11_4 VS F92_0]  C4 , tir vaisseau N°0/25 (Destroyer standard, race: 4) , attP: (x:-23|y:1020|z:81) , cible: Chasseur standard, deffP: (x:64|y:1020|z:90), distance: 87
 - tir N0, arme: laserI - chance < 0 , exit
 - tir N1, arme: laserI - chance < 0 , exit
 - tir N2, arme: laserI - chance < 0 , exit
 - tir N3, arme: laserI - chance < 0 , exit
 - tir N4, arme: laserI - chance < 0 , exit
 - tir N5, arme: laserI - chance < 0 , exit
 - tir N6, arme: laserI - chance < 0 , exit
 - tir N7, arme: laserI - chance < 0 , exit
 - tir N8, arme: laserI - chance < 0 , exit
 - tir N9, arme: laserI - chance < 0 , exit
 - tir N10, arme: canon à plasmaI - chance < 0 , exit
 - tir N11, arme: canon à plasmaI - chance < 0 , exit
 - tir N12, arme: canon à plasmaI - chance < 0 , exit
 - tir N13, arme: canon à plasmaI - chance < 0 , exit
 - tir N14, arme: canon à plasmaI - chance < 0 , exit
 - tir N15, arme: canon à plasmaI - chance < 0 , exit
 - tir N16, arme: canon à plasmaI - chance < 0 , exit
 - tir N17, arme: canon à plasmaI - chance < 0 , exit
 - tir N18, arme: canon à plasmaI - chance < 0 , exit
 - tir N19, arme: canon à plasmaI - chance < 0 , exit
[F11_4 VS F92_0]  C4 , tir vaisseau N°0/63 (Supercroiseur standard, race: 4) , attP: (x:-17|y:1020|z:81) , cible: Chasseur standard, deffP: (x:64|y:1020|z:90), distance: 81
 - tir N0, arme: laserI - chance < 0 , exit
 - tir N1, arme: laserI - chance < 0 , exit
 - tir N2, arme: laserI - chance < 0 , exit
 - tir N3, arme: laserI - chance < 0 , exit
 - tir N4, arme: laserI - chance < 0 , exit
 - tir N5, arme: laserI - chance < 0 , exit
 - tir N6, arme: laserI - chance < 0 , exit
 - tir N7, arme: laserI - chance < 0 , exit
 - tir N8, arme: laserI - chance < 0 , exit
 - tir N9, arme: laserI - chance < 0 , exit
 - tir N10, arme: laserI - chance < 0 , exit
 - tir N11, arme: laserI - chance < 0 , exit
 - tir N12, arme: laserI - chance < 0 , exit
 - tir N13, arme: laserI - chance < 0 , exit
 - tir N14, arme: laserI - chance < 0 , exit
 - tir N15, arme: laserI - chance < 0 , exit
 - tir N16, arme: laserI - chance < 0 , exit
 - tir N17, arme: laserI - chance < 0 , exit
 - tir N18, arme: laserI - chance < 0 , exit
 - tir N19, arme: laserI - chance < 0 , exit
 - tir N20, arme: canon à plasmaI - chance < 0 , exit
 - tir N21, arme: canon à plasmaI - chance < 0 , exit
 - tir N22, arme: canon à plasmaI - chance < 0 , exit
 - tir N23, arme: canon à plasmaI - chance < 0 , exit
 - tir N24, arme: canon à plasmaI - chance < 0 , exit
 - tir N25, arme: canon à plasmaI - chance < 0 , exit
 - tir N26, arme: canon à plasmaI - chance < 0 , exit
 - tir N27, arme: canon à plasmaI - chance < 0 , exit
 - tir N28, arme: canon à plasmaI - chance < 0 , exit
 - tir N29, arme: canon à plasmaI - chance < 0 , exit
 - tir N30, arme: canon à plasmaI - chance < 0 , exit
 - tir N31, arme: canon à plasmaI - chance < 0 , exit
 - tir N32, arme: canon à plasmaI - chance < 0 , exit
 - tir N33, arme: canon à plasmaI - chance < 0 , exit
 - tir N34, arme: canon à plasmaI - chance < 0 , exit
 - tir N35, arme: canon à plasmaI - chance < 0 , exit
 - tir N36, arme: canon à plasmaI - chance < 0 , exit
 - tir N37, arme: canon à plasmaI - chance < 0 , exit
 - tir N38, arme: canon à plasmaI - chance < 0 , exit
 - tir N39, arme: canon à plasmaI - chance < 0 , exit
 - tir N40, arme: lance-torpilleI - chance < 0 , exit
 - tir N41, arme: lance-torpilleI - chance < 0 , exit
 - tir N42, arme: lance-torpilleI - chance < 0 , exit
 - tir N43, arme: lance-torpilleI - chance < 0 , exit
 - tir N44, arme: lance-torpilleI - chance < 0 , exit
 - tir N45, arme: lance-torpilleI - chance < 0 , exit
 - tir N46, arme: lance-torpilleI - chance < 0 , exit
 - tir N47, arme: lance-torpilleI - chance < 0 , exit
 - tir N48, arme: lance-torpilleI - chance < 0 , exit
 - tir N49, arme: lance-torpilleI - chance < 0 , exit
 - tir N50, arme: lance-torpilleI - chance < 0 , exit
 - tir N51, arme: lance-torpilleI - chance < 0 , exit
 - tir N52, arme: lance-torpilleI - chance < 0 , exit
 - tir N53, arme: lance-torpilleI - chance < 0 , exit
 - tir N54, arme: lance-torpilleI - chance < 0 , exit
 - tir N55, arme: lance-torpilleI - chance < 0 , exit
 - tir N56, arme: lance-torpilleI - chance < 0 , exit
 - tir N57, arme: lance-torpilleI - chance < 0 , exit
 - tir N58, arme: lance-torpilleI - chance < 0 , exit
 - tir N59, arme: lance-torpilleI - chance < 0 , exit
[F11_4 VS F92_0]  C4 , tir vaisseau N°0/63 (Croiseur standard, race: 4) , attP: (x:15|y:1020|z:81) , cible: Chasseur standard, deffP: (x:64|y:1020|z:90), distance: 49
 - tir N0, arme: canon à plasmaI - chance < 0 , exit
 - tir N1, arme: canon à plasmaI - chance < 0 , exit
 - tir N2, arme: canon à plasmaI - chance < 0 , exit
 - tir N3, arme: canon à plasmaI - chance < 0 , exit
 - tir N4, arme: canon à plasmaI - chance < 0 , exit
 - tir N5, arme: canon à plasmaI - chance < 0 , exit
 - tir N6, arme: canon à plasmaI - chance < 0 , exit
 - tir N7, arme: canon à plasmaI - chance < 0 , exit
 - tir N8, arme: canon à plasmaI - chance < 0 , exit
 - tir N9, arme: canon à plasmaI - chance < 0 , exit
 - tir N10, arme: missileI - chance < 0 , exit
 - tir N11, arme: missileI - chance < 0 , exit
 - tir N12, arme: missileI - chance < 0 , exit
 - tir N13, arme: missileI - chance < 0 , exit
 - tir N14, arme: missileI - chance < 0 , exit
 - tir N15, arme: missileI - chance < 0 , exit
 - tir N16, arme: missileI - chance < 0 , exit
 - tir N17, arme: missileI - chance < 0 , exit
 - tir N18, arme: missileI - chance < 0 , exit
 - tir N19, arme: missileI - chance < 0 , exit
 - tir N20, arme: lance-torpilleI - chance < 0 , exit
 - tir N21, arme: lance-torpilleI - chance < 0 , exit
 - tir N22, arme: lance-torpilleI - chance < 0 , exit
 - tir N23, arme: lance-torpilleI - chance < 0 , exit
 - tir N24, arme: lance-torpilleI - chance < 0 , exit
 - tir N25, arme: lance-torpilleI - chance < 0 , exit
 - tir N26, arme: lance-torpilleI - chance < 0 , exit
 - tir N27, arme: lance-torpilleI - chance < 0 , exit
 - tir N28, arme: lance-torpilleI - chance < 0 , exit
 - tir N29, arme: lance-torpilleI - chance < 0 , exit
[F11_4 VS F92_0]  C4 , tir vaisseau N°0/3 (Torpilleur standard, race: 4) , attP: (x:-23|y:1020|z:81) , cible: Chasseur standard, deffP: (x:64|y:1020|z:90), distance: 87
 - tir N0, arme: lance-torpilleI - chance < 0 , exit
 - tir N1, arme: lance-torpilleI - chance < 0 , exit
 - tir N2, arme: lance-torpilleI - chance < 0 , exit
 - tir N3, arme: lance-torpilleI - chance < 0 , exit
[F11_4 VS F92_0]  C4 , tir vaisseau N°0/3 (Torpilleur standard, race: 4) , attP: (x:-23|y:1020|z:81) , cible: Chasseur standard, deffP: (x:64|y:1020|z:90), distance: 87
 - tir N0, arme: lance-torpilleI - chance < 0 , exit
 - tir N1, arme: lance-torpilleI - chance < 0 , exit
 - tir N2, arme: lance-torpilleI - chance < 0 , exit
 - tir N3, arme: lance-torpilleI - chance < 0 , exit
[F11_4 VS F92_0]  C4 , tir vaisseau N°0/3 (Torpilleur standard, race: 4) , attP: (x:72|y:1020|z:99) , cible: Chasseur standard, deffP: (x:62|y:1020|z:71), distance: 28
 - tir N0, arme: lance-torpilleI - chance < 0 , exit
 - tir N1, arme: lance-torpilleI - chance < 0 , exit
 - tir N2, arme: lance-torpilleI - chance < 0 , exit
 - tir N3, arme: lance-torpilleI - chance < 0 , exit
[F11_4 VS F92_0]  C4 , tir vaisseau N°0/3 (Torpilleur standard, race: 4) , attP: (x:-23|y:1020|z:81) , cible: Chasseur standard, deffP: (x:64|y:1020|z:90), distance: 87
 - tir N0, arme: lance-torpilleI - chance < 0 , exit
 - tir N1, arme: lance-torpilleI - chance < 0 , exit
 - tir N2, arme: lance-torpilleI - chance < 0 , exit
 - tir N3, arme: lance-torpilleI - chance < 0 , exit
[F11_4 VS F92_0]  C4 , tir vaisseau N°0/63 (Croiseur standard, race: 4) , attP: (x:15|y:1020|z:81) , cible: Chasseur standard, deffP: (x:64|y:1020|z:90), distance: 49
 - tir N0, arme: canon à plasmaI - chance < 0 , exit
 - tir N1, arme: canon à plasmaI - chance < 0 , exit
 - tir N2, arme: canon à plasmaI - chance < 0 , exit
 - tir N3, arme: canon à plasmaI - chance < 0 , exit
 - tir N4, arme: canon à plasmaI - chance < 0 , exit
 - tir N5, arme: canon à plasmaI - chance < 0 , exit
 - tir N6, arme: canon à plasmaI - chance < 0 , exit
 - tir N7, arme: canon à plasmaI - chance < 0 , exit
 - tir N8, arme: canon à plasmaI - chance < 0 , exit
 - tir N9, arme: canon à plasmaI - chance < 0 , exit
 - tir N10, arme: missileI - chance < 0 , exit
 - tir N11, arme: missileI - chance < 0 , exit
 - tir N12, arme: missileI - chance < 0 , exit
 - tir N13, arme: missileI - chance < 0 , exit
 - tir N14, arme: missileI - chance < 0 , exit
 - tir N15, arme: missileI - chance < 0 , exit
 - tir N16, arme: missileI - chance < 0 , exit
 - tir N17, arme: missileI - chance < 0 , exit
 - tir N18, arme: missileI - chance < 0 , exit
 - tir N19, arme: missileI - chance < 0 , exit
 - tir N20, arme: lance-torpilleI - chance < 0 , exit
 - tir N21, arme: lance-torpilleI - chance < 0 , exit
 - tir N22, arme: lance-torpilleI - chance < 0 , exit
 - tir N23, arme: lance-torpilleI - chance < 0 , exit
 - tir N24, arme: lance-torpilleI - chance < 0 , exit
 - tir N25, arme: lance-torpilleI - chance < 0 , exit
 - tir N26, arme: lance-torpilleI - chance < 0 , exit
 - tir N27, arme: lance-torpilleI - chance < 0 , exit
 - tir N28, arme: lance-torpilleI - chance < 0 , exit
 - tir N29, arme: lance-torpilleI - chance < 0 , exit
[F11_4 VS F92_0]  C4 , tir vaisseau N°0/3 (Torpilleur standard, race: 4) , attP: (x:-23|y:1020|z:81) , cible: Chasseur standard, deffP: (x:64|y:1020|z:90), distance: 87
 - tir N0, arme: lance-torpilleI - chance < 0 , exit
 - tir N1, arme: lance-torpilleI - chance < 0 , exit
 - tir N2, arme: lance-torpilleI - chance < 0 , exit
 - tir N3, arme: lance-torpilleI - chance < 0 , exit
[F11_4 VS F92_0]  C0 , tir vaisseau N°0/3 (Torpilleur standard, race: 6) , attP: (x:65|y:1020|z:34) , cible: Croiseur standard, deffP: (x:15|y:1020|z:81), distance: 50
 - tir N0, arme: lance-torpilleI - chance < 0 , exit
 - tir N1, arme: lance-torpilleI - chance < 0 , exit
 - tir N2, arme: lance-torpilleI - chance < 0 , exit
 - tir N3, arme: lance-torpilleI - chance < 0 , exit
[F11_4 VS F92_0]  C4 , tir vaisseau N°0/7 (Colonisateur, race: 4) , attP: (x:2|y:38|z:39) , cible: Torpilleur standard, deffP: (x:65|y:1020|z:34), distance: 982
 - pas darmes valides
[F11_4 VS F92_0]  C4 , tir vaisseau N°0/3 (Torpilleur standard, race: 4) , attP: (x:-23|y:1020|z:81) , cible: Chasseur standard, deffP: (x:64|y:1020|z:90), distance: 87
 - tir N0, arme: lance-torpilleI - chance < 0 , exit
 - tir N1, arme: lance-torpilleI - chance < 0 , exit
 - tir N2, arme: lance-torpilleI - chance < 0 , exit
 - tir N3, arme: lance-torpilleI - chance < 0 , exit
[F11_4 VS F92_0]  C4 , tir vaisseau N°0/7 (Colonisateur, race: 4) , attP: (x:-28|y:33|z:32) , cible: Torpilleur standard, deffP: (x:65|y:1020|z:34), distance: 987
 - pas darmes valides
FIN DE TOUR: F1  219, F2 : 286
TOUR DE COMBAT 8
[F11_4 VS F92_0]  C0 , tir vaisseau N°0/3 (Chasseur standard, race: 6) , attP: (x:15|y:1020|z:43) , cible: Destroyer standard, deffP: (x:62|y:1020|z:71), distance: 47
 - tir N0, arme: laserI - chance < 0 , exit
 - tir N1, arme: laserI - chance < 0 , exit
 - tir N2, arme: laserI - chance < 0 , exit
 - tir N3, arme: laserI - chance < 0 , exit
[F11_4 VS F92_0]  C0 , tir vaisseau N°0/3 (Chasseur standard, race: 6) , attP: (x:35|y:1020|z:62) , cible: Colonisateur, deffP: (x:13|y:9|z:68), distance: 1 011
 - tir N0, arme: laserI - chance < 0 , exit
 - tir N1, arme: laserI - chance < 0 , exit
 - tir N2, arme: laserI - chance < 0 , exit
 - tir N3, arme: laserI - chance < 0 , exit
[F11_4 VS F92_0]  C4 , tir vaisseau N°0/15 (Fregate standard, race: 4) , attP: (x:62|y:1020|z:71) , cible: Chasseur standard, deffP: (x:15|y:1020|z:43), distance: 47
 - tir N0, arme: canon à plasmaI - chance < 0 , exit
 - tir N1, arme: canon à plasmaI - chance < 0 , exit
 - tir N2, arme: canon à plasmaI - chance < 0 , exit
 - tir N3, arme: canon à plasmaI - chance < 0 , exit
 - tir N4, arme: canon à plasmaI - chance < 0 , exit
 - tir N5, arme: canon à plasmaI - chance < 0 , exit
 - tir N6, arme: canon à plasmaI - chance < 0 , exit
 - tir N7, arme: canon à plasmaI - chance < 0 , exit
 - tir N8, arme: canon à plasmaI - chance < 0 , exit
 - tir N9, arme: canon à plasmaI - chance < 0 , exit
[F11_4 VS F92_0]  C4 , tir vaisseau N°0/25 (Destroyer standard, race: 4) , attP: (x:62|y:1020|z:71) , cible: Chasseur standard, deffP: (x:15|y:1020|z:43), distance: 47
 - tir N0, arme: laserI - chance < 0 , exit
 - tir N1, arme: laserI - chance < 0 , exit
 - tir N2, arme: laserI - chance < 0 , exit
 - tir N3, arme: laserI - chance < 0 , exit
 - tir N4, arme: laserI - chance < 0 , exit
 - tir N5, arme: laserI - chance < 0 , exit
 - tir N6, arme: laserI - chance < 0 , exit
 - tir N7, arme: laserI - chance < 0 , exit
 - tir N8, arme: laserI - chance < 0 , exit
 - tir N9, arme: laserI - chance < 0 , exit
 - tir N10, arme: canon à plasmaI - chance < 0 , exit
 - tir N11, arme: canon à plasmaI - chance < 0 , exit
 - tir N12, arme: canon à plasmaI - chance < 0 , exit
 - tir N13, arme: canon à plasmaI - chance < 0 , exit
 - tir N14, arme: canon à plasmaI - chance < 0 , exit
 - tir N15, arme: canon à plasmaI - chance < 0 , exit
 - tir N16, arme: canon à plasmaI - chance < 0 , exit
 - tir N17, arme: canon à plasmaI - chance < 0 , exit
 - tir N18, arme: canon à plasmaI - chance < 0 , exit
 - tir N19, arme: canon à plasmaI - chance < 0 , exit
[F11_4 VS F92_0]  C4 , tir vaisseau N°0/0 (Intercepteur standard, race: 4) , attP: (x:62|y:1020|z:71) , cible: Chasseur standard, deffP: (x:15|y:1020|z:43), distance: 47
 - tir N0, arme: laserI - chance < 0 , exit
[F11_4 VS F92_0]  C4 , tir vaisseau N°0/25 (Destroyer standard, race: 4) , attP: (x:62|y:1020|z:71) , cible: Chasseur standard, deffP: (x:15|y:1020|z:43), distance: 47
 - tir N0, arme: laserI - chance < 0 , exit
 - tir N1, arme: laserI - chance < 0 , exit
 - tir N2, arme: laserI - chance < 0 , exit
 - tir N3, arme: laserI - chance < 0 , exit
 - tir N4, arme: laserI - chance < 0 , exit
 - tir N5, arme: laserI - chance < 0 , exit
 - tir N6, arme: laserI - chance < 0 , exit
 - tir N7, arme: laserI - chance < 0 , exit
 - tir N8, arme: laserI - chance < 0 , exit
 - tir N9, arme: laserI - chance < 0 , exit
 - tir N10, arme: canon à plasmaI - chance < 0 , exit
 - tir N11, arme: canon à plasmaI - chance < 0 , exit
 - tir N12, arme: canon à plasmaI - chance < 0 , exit
 - tir N13, arme: canon à plasmaI - chance < 0 , exit
 - tir N14, arme: canon à plasmaI - chance < 0 , exit
 - tir N15, arme: canon à plasmaI - chance < 0 , exit
 - tir N16, arme: canon à plasmaI - chance < 0 , exit
 - tir N17, arme: canon à plasmaI - chance < 0 , exit
 - tir N18, arme: canon à plasmaI - chance < 0 , exit
 - tir N19, arme: canon à plasmaI - chance < 0 , exit
[F11_4 VS F92_0]  C4 , tir vaisseau N°0/0 (Intercepteur standard, race: 4) , attP: (x:62|y:1020|z:71) , cible: Chasseur standard, deffP: (x:15|y:1020|z:43), distance: 47
 - tir N0, arme: laserI - chance < 0 , exit
[F11_4 VS F92_0]  C4 , tir vaisseau N°0/15 (Fregate standard, race: 4) , attP: (x:62|y:1020|z:71) , cible: Chasseur standard, deffP: (x:15|y:1020|z:43), distance: 47
 - tir N0, arme: canon à plasmaI - chance < 0 , exit
 - tir N1, arme: canon à plasmaI - chance < 0 , exit
 - tir N2, arme: canon à plasmaI - chance < 0 , exit
 - tir N3, arme: canon à plasmaI - chance < 0 , exit
 - tir N4, arme: canon à plasmaI - chance < 0 , exit
 - tir N5, arme: canon à plasmaI - chance < 0 , exit
 - tir N6, arme: canon à plasmaI - chance < 0 , exit
 - tir N7, arme: canon à plasmaI - chance < 0 , exit
 - tir N8, arme: canon à plasmaI - chance < 0 , exit
 - tir N9, arme: canon à plasmaI - chance < 0 , exit
[F11_4 VS F92_0]  C4 , tir vaisseau N°0/3 (Torpilleur standard, race: 4) , attP: (x:62|y:1020|z:71) , cible: Chasseur standard, deffP: (x:15|y:1020|z:43), distance: 47
 - tir N0, arme: lance-torpilleI - chance < 0 , exit
 - tir N1, arme: lance-torpilleI - chance < 0 , exit
 - tir N2, arme: lance-torpilleI - chance < 0 , exit
 - tir N3, arme: lance-torpilleI - chance < 0 , exit
[F11_4 VS F92_0]  C4 , tir vaisseau N°0/0 (Intercepteur standard, race: 4) , attP: (x:62|y:1020|z:71) , cible: Chasseur standard, deffP: (x:15|y:1020|z:43), distance: 47
 - tir N0, arme: laserI - chance < 0 , exit
[F11_4 VS F92_0]  C4 , tir vaisseau N°0/3 (Torpilleur standard, race: 4) , attP: (x:64|y:1020|z:90) , cible: Chasseur standard, deffP: (x:35|y:1020|z:62), distance: 29
 - tir N0, arme: lance-torpilleI - chance < 0 , exit
 - tir N1, arme: lance-torpilleI - chance < 0 , exit
 - tir N2, arme: lance-torpilleI - chance < 0 , exit
 - tir N3, arme: lance-torpilleI - chance < 0 , exit
[F11_4 VS F92_0]  C4 , tir vaisseau N°0/3 (Torpilleur standard, race: 4) , attP: (x:62|y:1020|z:71) , cible: Chasseur standard, deffP: (x:15|y:1020|z:43), distance: 47
 - tir N0, arme: lance-torpilleI - chance < 0 , exit
 - tir N1, arme: lance-torpilleI - chance < 0 , exit
 - tir N2, arme: lance-torpilleI - chance < 0 , exit
 - tir N3, arme: lance-torpilleI - chance < 0 , exit
[F11_4 VS F92_0]  C4 , tir vaisseau N°0/63 (Supercroiseur standard, race: 4) , attP: (x:62|y:1020|z:72) , cible: Chasseur standard, deffP: (x:15|y:1020|z:43), distance: 47
 - tir N0, arme: laserI - chance < 0 , exit
 - tir N1, arme: laserI - chance < 0 , exit
 - tir N2, arme: laserI - chance < 0 , exit
 - tir N3, arme: laserI - chance < 0 , exit
 - tir N4, arme: laserI - chance < 0 , exit
 - tir N5, arme: laserI - chance < 0 , exit
 - tir N6, arme: laserI - chance < 0 , exit
 - tir N7, arme: laserI - chance < 0 , exit
 - tir N8, arme: laserI - chance < 0 , exit
 - tir N9, arme: laserI - chance < 0 , exit
 - tir N10, arme: laserI - chance < 0 , exit
 - tir N11, arme: laserI - chance < 0 , exit
 - tir N12, arme: laserI - chance < 0 , exit
 - tir N13, arme: laserI - chance < 0 , exit
 - tir N14, arme: laserI - chance < 0 , exit
 - tir N15, arme: laserI - chance < 0 , exit
 - tir N16, arme: laserI - chance < 0 , exit
 - tir N17, arme: laserI - chance < 0 , exit
 - tir N18, arme: laserI - chance < 0 , exit
 - tir N19, arme: laserI - chance < 0 , exit
 - tir N20, arme: canon à plasmaI - chance < 0 , exit
 - tir N21, arme: canon à plasmaI - chance < 0 , exit
 - tir N22, arme: canon à plasmaI - chance < 0 , exit
 - tir N23, arme: canon à plasmaI - chance < 0 , exit
 - tir N24, arme: canon à plasmaI - chance < 0 , exit
 - tir N25, arme: canon à plasmaI - chance < 0 , exit
 - tir N26, arme: canon à plasmaI - chance < 0 , exit
 - tir N27, arme: canon à plasmaI - chance < 0 , exit
 - tir N28, arme: canon à plasmaI - chance < 0 , exit
 - tir N29, arme: canon à plasmaI - chance < 0 , exit
 - tir N30, arme: canon à plasmaI - chance < 0 , exit
 - tir N31, arme: canon à plasmaI - chance < 0 , exit
 - tir N32, arme: canon à plasmaI - chance < 0 , exit
 - tir N33, arme: canon à plasmaI - chance < 0 , exit
 - tir N34, arme: canon à plasmaI - chance < 0 , exit
 - tir N35, arme: canon à plasmaI - chance < 0 , exit
 - tir N36, arme: canon à plasmaI - chance < 0 , exit
 - tir N37, arme: canon à plasmaI - chance < 0 , exit
 - tir N38, arme: canon à plasmaI - chance < 0 , exit
 - tir N39, arme: canon à plasmaI - chance < 0 , exit
 - tir N40, arme: lance-torpilleI - chance < 0 , exit
 - tir N41, arme: lance-torpilleI - chance < 0 , exit
 - tir N42, arme: lance-torpilleI - chance < 0 , exit
 - tir N43, arme: lance-torpilleI - chance < 0 , exit
 - tir N44, arme: lance-torpilleI - chance < 0 , exit
 - tir N45, arme: lance-torpilleI - chance < 0 , exit
 - tir N46, arme: lance-torpilleI - chance < 0 , exit
 - tir N47, arme: lance-torpilleI - chance < 0 , exit
 - tir N48, arme: lance-torpilleI - chance < 0 , exit
 - tir N49, arme: lance-torpilleI - chance < 0 , exit
 - tir N50, arme: lance-torpilleI - chance < 0 , exit
 - tir N51, arme: lance-torpilleI - chance < 0 , exit
 - tir N52, arme: lance-torpilleI - chance < 0 , exit
 - tir N53, arme: lance-torpilleI - chance < 0 , exit
 - tir N54, arme: lance-torpilleI - chance < 0 , exit
 - tir N55, arme: lance-torpilleI - chance < 0 , exit
 - tir N56, arme: lance-torpilleI - chance < 0 , exit
 - tir N57, arme: lance-torpilleI - chance < 0 , exit
 - tir N58, arme: lance-torpilleI - chance < 0 , exit
 - tir N59, arme: lance-torpilleI - chance < 0 , exit
[F11_4 VS F92_0]  C4 , tir vaisseau N°0/3 (Torpilleur standard, race: 4) , attP: (x:62|y:1020|z:71) , cible: Chasseur standard, deffP: (x:15|y:1020|z:43), distance: 47
 - tir N0, arme: lance-torpilleI - chance < 0 , exit
 - tir N1, arme: lance-torpilleI - chance < 0 , exit
 - tir N2, arme: lance-torpilleI - chance < 0 , exit
 - tir N3, arme: lance-torpilleI - chance < 0 , exit
[F11_4 VS F92_0]  C4 , tir vaisseau N°0/25 (Destroyer standard, race: 4) , attP: (x:62|y:1020|z:71) , cible: Chasseur standard, deffP: (x:15|y:1020|z:43), distance: 47
 - tir N0, arme: laserI - chance < 0 , exit
 - tir N1, arme: laserI - chance < 0 , exit
 - tir N2, arme: laserI - chance < 0 , exit
 - tir N3, arme: laserI - chance < 0 , exit
 - tir N4, arme: laserI - chance < 0 , exit
 - tir N5, arme: laserI - chance < 0 , exit
 - tir N6, arme: laserI - chance < 0 , exit
 - tir N7, arme: laserI - chance < 0 , exit
 - tir N8, arme: laserI - chance < 0 , exit
 - tir N9, arme: canon à plasmaI - chance < 0 , exit
 - tir N10, arme: canon à plasmaI - chance < 0 , exit
 - tir N11, arme: canon à plasmaI - chance < 0 , exit
 - tir N12, arme: canon à plasmaI - chance < 0 , exit
 - tir N13, arme: canon à plasmaI - chance < 0 , exit
 - tir N14, arme: canon à plasmaI - chance < 0 , exit
 - tir N15, arme: canon à plasmaI - chance < 0 , exit
 - tir N16, arme: canon à plasmaI - chance < 0 , exit
 - tir N17, arme: canon à plasmaI - chance < 0 , exit
 - tir N18, arme: canon à plasmaI - chance < 0 , exit
[F11_4 VS F92_0]  C4 , tir vaisseau N°0/3 (Torpilleur standard, race: 4) , attP: (x:62|y:1020|z:71) , cible: Chasseur standard, deffP: (x:15|y:1020|z:43), distance: 47
 - tir N0, arme: lance-torpilleI - chance < 0 , exit
 - tir N1, arme: lance-torpilleI - chance < 0 , exit
 - tir N2, arme: lance-torpilleI - chance < 0 , exit
 - tir N3, arme: lance-torpilleI - chance < 0 , exit
[F11_4 VS F92_0]  C4 , tir vaisseau N°0/25 (Destroyer standard, race: 4) , attP: (x:62|y:1020|z:71) , cible: Chasseur standard, deffP: (x:15|y:1020|z:43), distance: 47
 - tir N0, arme: laserI - chance < 0 , exit
 - tir N1, arme: laserI - chance < 0 , exit
 - tir N2, arme: laserI - chance < 0 , exit
 - tir N3, arme: laserI - chance < 0 , exit
 - tir N4, arme: laserI - chance < 0 , exit
 - tir N5, arme: laserI - chance < 0 , exit
 - tir N6, arme: laserI - chance < 0 , exit
 - tir N7, arme: laserI - chance < 0 , exit
 - tir N8, arme: laserI - chance < 0 , exit
 - tir N9, arme: laserI - chance < 0 , exit
 - tir N10, arme: canon à plasmaI - chance < 0 , exit
 - tir N11, arme: canon à plasmaI - chance < 0 , exit
 - tir N12, arme: canon à plasmaI - chance < 0 , exit
 - tir N13, arme: canon à plasmaI - chance < 0 , exit
 - tir N14, arme: canon à plasmaI - chance < 0 , exit
 - tir N15, arme: canon à plasmaI - chance < 0 , exit
 - tir N16, arme: canon à plasmaI - chance < 0 , exit
 - tir N17, arme: canon à plasmaI - chance < 0 , exit
 - tir N18, arme: canon à plasmaI - chance < 0 , exit
 - tir N19, arme: canon à plasmaI - chance < 0 , exit
[F11_4 VS F92_0]  C4 , tir vaisseau N°0/3 (Torpilleur standard, race: 4) , attP: (x:62|y:1020|z:71) , cible: Chasseur standard, deffP: (x:15|y:1020|z:43), distance: 47
 - tir N0, arme: lance-torpilleI - chance < 0 , exit
 - tir N1, arme: lance-torpilleI - chance < 0 , exit
 - tir N2, arme: lance-torpilleI - chance < 0 , exit
 - tir N3, arme: lance-torpilleI - chance < 0 , exit
[F11_4 VS F92_0]  C4 , tir vaisseau N°0/63 (Croiseur standard, race: 4) , attP: (x:62|y:1020|z:72) , cible: Chasseur standard, deffP: (x:15|y:1020|z:43), distance: 47
 - tir N0, arme: canon à plasmaI - chance < 0 , exit
 - tir N1, arme: canon à plasmaI - chance < 0 , exit
 - tir N2, arme: canon à plasmaI - chance < 0 , exit
 - tir N3, arme: canon à plasmaI - chance < 0 , exit
 - tir N4, arme: canon à plasmaI - chance < 0 , exit
 - tir N5, arme: canon à plasmaI - chance < 0 , exit
 - tir N6, arme: canon à plasmaI - chance < 0 , exit
 - tir N7, arme: canon à plasmaI - chance < 0 , exit
 - tir N8, arme: canon à plasmaI - chance < 0 , exit
 - tir N9, arme: canon à plasmaI - chance < 0 , exit
 - tir N10, arme: missileI - chance < 0 , exit
 - tir N11, arme: missileI - chance < 0 , exit
 - tir N12, arme: missileI - chance < 0 , exit
 - tir N13, arme: missileI - chance < 0 , exit
 - tir N14, arme: missileI - chance < 0 , exit
 - tir N15, arme: missileI - chance < 0 , exit
 - tir N16, arme: missileI - chance < 0 , exit
 - tir N17, arme: missileI - chance < 0 , exit
 - tir N18, arme: missileI - chance < 0 , exit
 - tir N19, arme: missileI - chance < 0 , exit
 - tir N20, arme: lance-torpilleI - chance < 0 , exit
 - tir N21, arme: lance-torpilleI - chance < 0 , exit
 - tir N22, arme: lance-torpilleI - chance < 0 , exit
 - tir N23, arme: lance-torpilleI - chance < 0 , exit
 - tir N24, arme: lance-torpilleI - chance < 0 , exit
 - tir N25, arme: lance-torpilleI - chance < 0 , exit
 - tir N26, arme: lance-torpilleI - chance < 0 , exit
 - tir N27, arme: lance-torpilleI - chance < 0 , exit
 - tir N28, arme: lance-torpilleI - chance < 0 , exit
 - tir N29, arme: lance-torpilleI - chance < 0 , exit
[F11_4 VS F92_0]  C4 , tir vaisseau N°0/3 (Torpilleur standard, race: 4) , attP: (x:62|y:1020|z:71) , cible: Chasseur standard, deffP: (x:15|y:1020|z:43), distance: 47
 - tir N0, arme: lance-torpilleI - chance < 0 , exit
 - tir N1, arme: lance-torpilleI - chance < 0 , exit
 - tir N2, arme: lance-torpilleI - chance < 0 , exit
 - tir N3, arme: lance-torpilleI - chance < 0 , exit
[F11_4 VS F92_0]  C0 , tir vaisseau N°0/3 (Torpilleur standard, race: 6) , attP: (x:37|y:1020|z:6) , cible: Colonisateur, deffP: (x:13|y:9|z:68), distance: 1 011
 - tir N0, arme: lance-torpilleI - chance < 0 , exit
 - tir N1, arme: lance-torpilleI - chance < 0 , exit
 - tir N2, arme: lance-torpilleI - chance < 0 , exit
 - tir N3, arme: lance-torpilleI - chance < 0 , exit
[F11_4 VS F92_0]  C4 , tir vaisseau N°0/63 (Supercroiseur standard, race: 4) , attP: (x:62|y:1020|z:72) , cible: Chasseur standard, deffP: (x:15|y:1020|z:43), distance: 47
 - tir N0, arme: laserI - chance < 0 , exit
 - tir N1, arme: laserI - chance < 0 , exit
 - tir N2, arme: laserI - chance < 0 , exit
 - tir N3, arme: laserI - chance < 0 , exit
 - tir N4, arme: laserI - chance < 0 , exit
 - tir N5, arme: laserI - chance < 0 , exit
 - tir N6, arme: laserI - chance < 0 , exit
 - tir N7, arme: laserI - chance < 0 , exit
 - tir N8, arme: laserI - chance < 0 , exit
 - tir N9, arme: laserI - chance < 0 , exit
 - tir N10, arme: laserI - chance < 0 , exit
 - tir N11, arme: laserI - chance < 0 , exit
 - tir N12, arme: laserI - chance < 0 , exit
 - tir N13, arme: laserI - chance < 0 , exit
 - tir N14, arme: laserI - chance < 0 , exit
 - tir N15, arme: laserI - chance < 0 , exit
 - tir N16, arme: laserI - chance < 0 , exit
 - tir N17, arme: laserI - chance < 0 , exit
 - tir N18, arme: laserI - chance < 0 , exit
 - tir N19, arme: laserI - chance < 0 , exit
 - tir N20, arme: canon à plasmaI - chance < 0 , exit
 - tir N21, arme: canon à plasmaI - chance < 0 , exit
 - tir N22, arme: canon à plasmaI - chance < 0 , exit
 - tir N23, arme: canon à plasmaI - chance < 0 , exit
 - tir N24, arme: canon à plasmaI - chance < 0 , exit
 - tir N25, arme: canon à plasmaI - chance < 0 , exit
 - tir N26, arme: canon à plasmaI - chance < 0 , exit
 - tir N27, arme: canon à plasmaI - chance < 0 , exit
 - tir N28, arme: canon à plasmaI - chance < 0 , exit
 - tir N29, arme: canon à plasmaI - chance < 0 , exit
 - tir N30, arme: canon à plasmaI - chance < 0 , exit
 - tir N31, arme: canon à plasmaI - chance < 0 , exit
 - tir N32, arme: canon à plasmaI - chance < 0 , exit
 - tir N33, arme: canon à plasmaI - chance < 0 , exit
 - tir N34, arme: canon à plasmaI - chance < 0 , exit
 - tir N35, arme: canon à plasmaI - chance < 0 , exit
 - tir N36, arme: canon à plasmaI - chance < 0 , exit
 - tir N37, arme: canon à plasmaI - chance < 0 , exit
 - tir N38, arme: canon à plasmaI - chance < 0 , exit
 - tir N39, arme: canon à plasmaI - chance < 0 , exit
 - tir N40, arme: lance-torpilleI - chance < 0 , exit
 - tir N41, arme: lance-torpilleI - chance < 0 , exit
 - tir N42, arme: lance-torpilleI - chance < 0 , exit
 - tir N43, arme: lance-torpilleI - chance < 0 , exit
 - tir N44, arme: lance-torpilleI - chance < 0 , exit
 - tir N45, arme: lance-torpilleI - chance < 0 , exit
 - tir N46, arme: lance-torpilleI - chance < 0 , exit
 - tir N47, arme: lance-torpilleI - chance < 0 , exit
 - tir N48, arme: lance-torpilleI - chance < 0 , exit
 - tir N49, arme: lance-torpilleI - chance < 0 , exit
 - tir N50, arme: lance-torpilleI - chance < 0 , exit
 - tir N51, arme: lance-torpilleI - chance < 0 , exit
 - tir N52, arme: lance-torpilleI - chance < 0 , exit
 - tir N53, arme: lance-torpilleI - chance < 0 , exit
 - tir N54, arme: lance-torpilleI - chance < 0 , exit
 - tir N55, arme: lance-torpilleI - chance < 0 , exit
 - tir N56, arme: lance-torpilleI - chance < 0 , exit
 - tir N57, arme: lance-torpilleI - chance < 0 , exit
 - tir N58, arme: lance-torpilleI - chance < 0 , exit
 - tir N59, arme: lance-torpilleI - chance < 0 , exit
[F11_4 VS F92_0]  C4 , tir vaisseau N°0/3 (Torpilleur standard, race: 4) , attP: (x:62|y:1020|z:71) , cible: Chasseur standard, deffP: (x:15|y:1020|z:43), distance: 47
 - tir N0, arme: lance-torpilleI - chance < 0 , exit
 - tir N1, arme: lance-torpilleI - chance < 0 , exit
 - tir N2, arme: lance-torpilleI - chance < 0 , exit
 - tir N3, arme: lance-torpilleI - chance < 0 , exit
[F11_4 VS F92_0]  C4 , tir vaisseau N°0/63 (Croiseur standard, race: 4) , attP: (x:62|y:1020|z:72) , cible: Chasseur standard, deffP: (x:15|y:1020|z:43), distance: 47
 - tir N0, arme: canon à plasmaI - chance < 0 , exit
 - tir N1, arme: canon à plasmaI - chance < 0 , exit
 - tir N2, arme: canon à plasmaI - chance < 0 , exit
 - tir N3, arme: canon à plasmaI - chance < 0 , exit
 - tir N4, arme: canon à plasmaI - chance < 0 , exit
 - tir N5, arme: canon à plasmaI - chance < 0 , exit
 - tir N6, arme: canon à plasmaI - chance < 0 , exit
 - tir N7, arme: canon à plasmaI - chance < 0 , exit
 - tir N8, arme: canon à plasmaI - chance < 0 , exit
 - tir N9, arme: canon à plasmaI - chance < 0 , exit
 - tir N10, arme: missileI - chance < 0 , exit
 - tir N11, arme: missileI - chance < 0 , exit
 - tir N12, arme: missileI - chance < 0 , exit
 - tir N13, arme: missileI - chance < 0 , exit
 - tir N14, arme: missileI - chance < 0 , exit
 - tir N15, arme: missileI - chance < 0 , exit
 - tir N16, arme: missileI - chance < 0 , exit
 - tir N17, arme: missileI - chance < 0 , exit
 - tir N18, arme: missileI - chance < 0 , exit
 - tir N19, arme: missileI - chance < 0 , exit
 - tir N20, arme: lance-torpilleI - chance < 0 , exit
 - tir N21, arme: lance-torpilleI - chance < 0 , exit
 - tir N22, arme: lance-torpilleI - chance < 0 , exit
 - tir N23, arme: lance-torpilleI - chance < 0 , exit
 - tir N24, arme: lance-torpilleI - chance < 0 , exit
 - tir N25, arme: lance-torpilleI - chance < 0 , exit
 - tir N26, arme: lance-torpilleI - chance < 0 , exit
 - tir N27, arme: lance-torpilleI - chance < 0 , exit
 - tir N28, arme: lance-torpilleI - chance < 0 , exit
 - tir N29, arme: lance-torpilleI - chance < 0 , exit
[F11_4 VS F92_0]  C4 , tir vaisseau N°0/7 (Colonisateur, race: 4) , attP: (x:87|y:4|z:3) , cible: Torpilleur standard, deffP: (x:37|y:1020|z:6), distance: 1 016
 - pas darmes valides
[F11_4 VS F92_0]  C4 , tir vaisseau N°0/7 (Colonisateur, race: 4) , attP: (x:13|y:9|z:68) , cible: Torpilleur standard, deffP: (x:37|y:1020|z:6), distance: 1 011
 - pas darmes valides
FIN DE TOUR: F1  219, F2 : 286
TOUR DE COMBAT 9
[F11_4 VS F92_0]  C0 , tir vaisseau N°0/3 (Chasseur standard, race: 6) , attP: (x:27|y:1020|z:15) , cible: Destroyer standard, deffP: (x:33|y:1020|z:62), distance: 47
 - tir N0, arme: laserI - chance < 0 , exit
 - tir N1, arme: laserI - chance < 0 , exit
 - tir N2, arme: laserI - chance < 0 , exit
 - tir N3, arme: laserI - chance < 0 , exit
[F11_4 VS F92_0]  C0 , tir vaisseau N°0/3 (Chasseur standard, race: 6) , attP: (x:95|y:1020|z:34) , cible: Croiseur standard, deffP: (x:31|y:1020|z:63), distance: 64
 - tir N0, arme: laserI - chance < 0 , exit
 - tir N1, arme: laserI - chance < 0 , exit
 - tir N2, arme: laserI - chance < 0 , exit
 - tir N3, arme: laserI - chance < 0 , exit
[F11_4 VS F92_0]  C4 , tir vaisseau N°0/0 (Intercepteur standard, race: 4) , attP: (x:35|y:1020|z:62) , cible: Chasseur standard, deffP: (x:95|y:1020|z:34), distance: 60
 - tir N0, arme: laserI - chance < 0 , exit
[F11_4 VS F92_0]  C4 , tir vaisseau N°0/0 (Intercepteur standard, race: 4) , attP: (x:35|y:1020|z:62) , cible: Chasseur standard, deffP: (x:95|y:1020|z:34), distance: 60
 - tir N0, arme: laserI - chance < 0 , exit
[F11_4 VS F92_0]  C4 , tir vaisseau N°0/15 (Fregate standard, race: 4) , attP: (x:34|y:1020|z:62) , cible: Chasseur standard, deffP: (x:95|y:1020|z:34), distance: 61
 - tir N0, arme: canon à plasmaI - chance < 0 , exit
 - tir N1, arme: canon à plasmaI - chance < 0 , exit
 - tir N2, arme: canon à plasmaI - chance < 0 , exit
 - tir N3, arme: canon à plasmaI - chance < 0 , exit
 - tir N4, arme: canon à plasmaI - chance < 0 , exit
 - tir N5, arme: canon à plasmaI - chance < 0 , exit
 - tir N6, arme: canon à plasmaI - chance < 0 , exit
 - tir N7, arme: canon à plasmaI - chance < 0 , exit
 - tir N8, arme: canon à plasmaI - chance < 0 , exit
 - tir N9, arme: canon à plasmaI - chance < 0 , exit
[F11_4 VS F92_0]  C0 , tir vaisseau N°0/3 (Torpilleur standard, race: 6) , attP: (x:9|y:1020|z:18) , cible: Colonisateur, deffP: (x:24|y:20|z:57), distance: 1 000
 - tir N0, arme: lance-torpilleI - chance < 0 , exit
 - tir N1, arme: lance-torpilleI - chance < 0 , exit
 - tir N2, arme: lance-torpilleI - chance < 0 , exit
 - tir N3, arme: lance-torpilleI - chance < 0 , exit
[F11_4 VS F92_0]  C4 , tir vaisseau N°0/3 (Torpilleur standard, race: 4) , attP: (x:35|y:1020|z:62) , cible: Chasseur standard, deffP: (x:95|y:1020|z:34), distance: 60
 - tir N0, arme: lance-torpilleI - chance < 0 , exit
 - tir N1, arme: lance-torpilleI - chance < 0 , exit
 - tir N2, arme: lance-torpilleI - chance < 0 , exit
 - tir N3, arme: lance-torpilleI - chance < 0 , exit
[F11_4 VS F92_0]  C4 , tir vaisseau N°0/0 (Intercepteur standard, race: 4) , attP: (x:35|y:1020|z:62) , cible: Chasseur standard, deffP: (x:95|y:1020|z:34), distance: 60
 - tir N0, arme: laserI - chance < 0 , exit
[F11_4 VS F92_0]  C4 , tir vaisseau N°0/25 (Destroyer standard, race: 4) , attP: (x:33|y:1020|z:62) , cible: Chasseur standard, deffP: (x:95|y:1020|z:34), distance: 62
 - tir N0, arme: laserI - chance < 0 , exit
 - tir N1, arme: laserI - chance < 0 , exit
 - tir N2, arme: laserI - chance < 0 , exit
 - tir N3, arme: laserI - chance < 0 , exit
 - tir N4, arme: laserI - chance < 0 , exit
 - tir N5, arme: laserI - chance < 0 , exit
 - tir N6, arme: laserI - chance < 0 , exit
 - tir N7, arme: laserI - chance < 0 , exit
 - tir N8, arme: laserI - chance < 0 , exit
 - tir N9, arme: canon à plasmaI - chance < 0 , exit
 - tir N10, arme: canon à plasmaI - chance < 0 , exit
 - tir N11, arme: canon à plasmaI - chance < 0 , exit
 - tir N12, arme: canon à plasmaI - chance < 0 , exit
 - tir N13, arme: canon à plasmaI - chance < 0 , exit
 - tir N14, arme: canon à plasmaI - chance < 0 , exit
 - tir N15, arme: canon à plasmaI - chance < 0 , exit
 - tir N16, arme: canon à plasmaI - chance < 0 , exit
 - tir N17, arme: canon à plasmaI - chance < 0 , exit
 - tir N18, arme: canon à plasmaI - chance < 0 , exit
[F11_4 VS F92_0]  C4 , tir vaisseau N°0/3 (Torpilleur standard, race: 4) , attP: (x:35|y:1020|z:62) , cible: Chasseur standard, deffP: (x:95|y:1020|z:34), distance: 60
 - tir N0, arme: lance-torpilleI - chance < 0 , exit
 - tir N1, arme: lance-torpilleI - chance < 0 , exit
 - tir N2, arme: lance-torpilleI - chance < 0 , exit
 - tir N3, arme: lance-torpilleI - chance < 0 , exit
[F11_4 VS F92_0]  C4 , tir vaisseau N°0/25 (Destroyer standard, race: 4) , attP: (x:33|y:1020|z:62) , cible: Chasseur standard, deffP: (x:95|y:1020|z:34), distance: 62
 - tir N0, arme: laserI - chance < 0 , exit
 - tir N1, arme: laserI - chance < 0 , exit
 - tir N2, arme: laserI - chance < 0 , exit
 - tir N3, arme: laserI - chance < 0 , exit
 - tir N4, arme: laserI - chance < 0 , exit
 - tir N5, arme: laserI - chance < 0 , exit
 - tir N6, arme: laserI - chance < 0 , exit
 - tir N7, arme: laserI - chance < 0 , exit
 - tir N8, arme: laserI - chance < 0 , exit
 - tir N9, arme: laserI - chance < 0 , exit
 - tir N10, arme: canon à plasmaI - chance < 0 , exit
 - tir N11, arme: canon à plasmaI - chance < 0 , exit
 - tir N12, arme: canon à plasmaI - chance < 0 , exit
 - tir N13, arme: canon à plasmaI - chance < 0 , exit
 - tir N14, arme: canon à plasmaI - chance < 0 , exit
 - tir N15, arme: canon à plasmaI - chance < 0 , exit
 - tir N16, arme: canon à plasmaI - chance < 0 , exit
 - tir N17, arme: canon à plasmaI - chance < 0 , exit
 - tir N18, arme: canon à plasmaI - chance < 0 , exit
 - tir N19, arme: canon à plasmaI - chance < 0 , exit
[F11_4 VS F92_0]  C4 , tir vaisseau N°0/25 (Destroyer standard, race: 4) , attP: (x:33|y:1020|z:62) , cible: Chasseur standard, deffP: (x:95|y:1020|z:34), distance: 62
 - tir N0, arme: laserI - chance < 0 , exit
 - tir N1, arme: laserI - chance < 0 , exit
 - tir N2, arme: laserI - chance < 0 , exit
 - tir N3, arme: laserI - chance < 0 , exit
 - tir N4, arme: laserI - chance < 0 , exit
 - tir N5, arme: laserI - chance < 0 , exit
 - tir N6, arme: laserI - chance < 0 , exit
 - tir N7, arme: laserI - chance < 0 , exit
 - tir N8, arme: laserI - chance < 0 , exit
 - tir N9, arme: laserI - chance < 0 , exit
 - tir N10, arme: canon à plasmaI - chance < 0 , exit
 - tir N11, arme: canon à plasmaI - chance < 0 , exit
 - tir N12, arme: canon à plasmaI - chance < 0 , exit
 - tir N13, arme: canon à plasmaI - chance < 0 , exit
 - tir N14, arme: canon à plasmaI - chance < 0 , exit
 - tir N15, arme: canon à plasmaI - chance < 0 , exit
 - tir N16, arme: canon à plasmaI - chance < 0 , exit
 - tir N17, arme: canon à plasmaI - chance < 0 , exit
 - tir N18, arme: canon à plasmaI - chance < 0 , exit
 - tir N19, arme: canon à plasmaI - chance < 0 , exit
[F11_4 VS F92_0]  C4 , tir vaisseau N°0/15 (Fregate standard, race: 4) , attP: (x:34|y:1020|z:62) , cible: Chasseur standard, deffP: (x:95|y:1020|z:34), distance: 61
 - tir N0, arme: canon à plasmaI - chance < 0 , exit
 - tir N1, arme: canon à plasmaI - chance < 0 , exit
 - tir N2, arme: canon à plasmaI - chance < 0 , exit
 - tir N3, arme: canon à plasmaI - chance < 0 , exit
 - tir N4, arme: canon à plasmaI - chance < 0 , exit
 - tir N5, arme: canon à plasmaI - chance < 0 , exit
 - tir N6, arme: canon à plasmaI - chance < 0 , exit
 - tir N7, arme: canon à plasmaI - chance < 0 , exit
 - tir N8, arme: canon à plasmaI - chance < 0 , exit
 - tir N9, arme: canon à plasmaI - chance < 0 , exit
[F11_4 VS F92_0]  C4 , tir vaisseau N°0/3 (Torpilleur standard, race: 4) , attP: (x:35|y:1020|z:62) , cible: Chasseur standard, deffP: (x:95|y:1020|z:34), distance: 60
 - tir N0, arme: lance-torpilleI - chance < 0 , exit
 - tir N1, arme: lance-torpilleI - chance < 0 , exit
 - tir N2, arme: lance-torpilleI - chance < 0 , exit
 - tir N3, arme: lance-torpilleI - chance < 0 , exit
[F11_4 VS F92_0]  C4 , tir vaisseau N°0/25 (Destroyer standard, race: 4) , attP: (x:33|y:1020|z:62) , cible: Chasseur standard, deffP: (x:95|y:1020|z:34), distance: 62
 - tir N0, arme: laserI - chance < 0 , exit
 - tir N1, arme: laserI - chance < 0 , exit
 - tir N2, arme: laserI - chance < 0 , exit
 - tir N3, arme: laserI - chance < 0 , exit
 - tir N4, arme: laserI - chance < 0 , exit
 - tir N5, arme: laserI - chance < 0 , exit
 - tir N6, arme: laserI - chance < 0 , exit
 - tir N7, arme: laserI - chance < 0 , exit
 - tir N8, arme: laserI - chance < 0 , exit
 - tir N9, arme: laserI - chance < 0 , exit
 - tir N10, arme: canon à plasmaI - chance < 0 , exit
 - tir N11, arme: canon à plasmaI - chance < 0 , exit
 - tir N12, arme: canon à plasmaI - chance < 0 , exit
 - tir N13, arme: canon à plasmaI - chance < 0 , exit
 - tir N14, arme: canon à plasmaI - chance < 0 , exit
 - tir N15, arme: canon à plasmaI - chance < 0 , exit
 - tir N16, arme: canon à plasmaI - chance < 0 , exit
 - tir N17, arme: canon à plasmaI - chance < 0 , exit
 - tir N18, arme: canon à plasmaI - chance < 0 , exit
 - tir N19, arme: canon à plasmaI - chance < 0 , exit
[F11_4 VS F92_0]  C4 , tir vaisseau N°0/63 (Supercroiseur standard, race: 4) , attP: (x:31|y:1020|z:63) , cible: Chasseur standard, deffP: (x:95|y:1020|z:34), distance: 64
 - tir N0, arme: laserI - chance < 0 , exit
 - tir N1, arme: laserI - chance < 0 , exit
 - tir N2, arme: laserI - chance < 0 , exit
 - tir N3, arme: laserI - chance < 0 , exit
 - tir N4, arme: laserI - chance < 0 , exit
 - tir N5, arme: laserI - chance < 0 , exit
 - tir N6, arme: laserI - chance < 0 , exit
 - tir N7, arme: laserI - chance < 0 , exit
 - tir N8, arme: laserI - chance < 0 , exit
 - tir N9, arme: laserI - chance < 0 , exit
 - tir N10, arme: laserI - chance < 0 , exit
 - tir N11, arme: laserI - chance < 0 , exit
 - tir N12, arme: laserI - chance < 0 , exit
 - tir N13, arme: laserI - chance < 0 , exit
 - tir N14, arme: laserI - chance < 0 , exit
 - tir N15, arme: laserI - chance < 0 , exit
 - tir N16, arme: laserI - chance < 0 , exit
 - tir N17, arme: laserI - chance < 0 , exit
 - tir N18, arme: laserI - chance < 0 , exit
 - tir N19, arme: laserI - chance < 0 , exit
 - tir N20, arme: canon à plasmaI - chance < 0 , exit
 - tir N21, arme: canon à plasmaI - chance < 0 , exit
 - tir N22, arme: canon à plasmaI - chance < 0 , exit
 - tir N23, arme: canon à plasmaI - chance < 0 , exit
 - tir N24, arme: canon à plasmaI - chance < 0 , exit
 - tir N25, arme: canon à plasmaI - chance < 0 , exit
 - tir N26, arme: canon à plasmaI - chance < 0 , exit
 - tir N27, arme: canon à plasmaI - chance < 0 , exit
 - tir N28, arme: canon à plasmaI - chance < 0 , exit
 - tir N29, arme: canon à plasmaI - chance < 0 , exit
 - tir N30, arme: canon à plasmaI - chance < 0 , exit
 - tir N31, arme: canon à plasmaI - chance < 0 , exit
 - tir N32, arme: canon à plasmaI - chance < 0 , exit
 - tir N33, arme: canon à plasmaI - chance < 0 , exit
 - tir N34, arme: canon à plasmaI - chance < 0 , exit
 - tir N35, arme: canon à plasmaI - chance < 0 , exit
 - tir N36, arme: canon à plasmaI - chance < 0 , exit
 - tir N37, arme: canon à plasmaI - chance < 0 , exit
 - tir N38, arme: canon à plasmaI - chance < 0 , exit
 - tir N39, arme: canon à plasmaI - chance < 0 , exit
 - tir N40, arme: lance-torpilleI - chance < 0 , exit
 - tir N41, arme: lance-torpilleI - chance < 0 , exit
 - tir N42, arme: lance-torpilleI - chance < 0 , exit
 - tir N43, arme: lance-torpilleI - chance < 0 , exit
 - tir N44, arme: lance-torpilleI - chance < 0 , exit
 - tir N45, arme: lance-torpilleI - chance < 0 , exit
 - tir N46, arme: lance-torpilleI - chance < 0 , exit
 - tir N47, arme: lance-torpilleI - chance < 0 , exit
 - tir N48, arme: lance-torpilleI - chance < 0 , exit
 - tir N49, arme: lance-torpilleI - chance < 0 , exit
 - tir N50, arme: lance-torpilleI - chance < 0 , exit
 - tir N51, arme: lance-torpilleI - chance < 0 , exit
 - tir N52, arme: lance-torpilleI - chance < 0 , exit
 - tir N53, arme: lance-torpilleI - chance < 0 , exit
 - tir N54, arme: lance-torpilleI - chance < 0 , exit
 - tir N55, arme: lance-torpilleI - chance < 0 , exit
 - tir N56, arme: lance-torpilleI - chance < 0 , exit
 - tir N57, arme: lance-torpilleI - chance < 0 , exit
 - tir N58, arme: lance-torpilleI - chance < 0 , exit
 - tir N59, arme: lance-torpilleI - chance < 0 , exit
[F11_4 VS F92_0]  C4 , tir vaisseau N°0/3 (Torpilleur standard, race: 4) , attP: (x:35|y:1020|z:62) , cible: Chasseur standard, deffP: (x:95|y:1020|z:34), distance: 60
 - tir N0, arme: lance-torpilleI - chance < 0 , exit
 - tir N1, arme: lance-torpilleI - chance < 0 , exit
 - tir N2, arme: lance-torpilleI - chance < 0 , exit
 - tir N3, arme: lance-torpilleI - chance < 0 , exit
[F11_4 VS F92_0]  C4 , tir vaisseau N°0/3 (Torpilleur standard, race: 4) , attP: (x:35|y:1020|z:62) , cible: Chasseur standard, deffP: (x:95|y:1020|z:34), distance: 60
 - tir N0, arme: lance-torpilleI - chance < 0 , exit
 - tir N1, arme: lance-torpilleI - chance < 0 , exit
 - tir N2, arme: lance-torpilleI - chance < 0 , exit
 - tir N3, arme: lance-torpilleI - chance < 0 , exit
[F11_4 VS F92_0]  C4 , tir vaisseau N°0/63 (Croiseur standard, race: 4) , attP: (x:31|y:1020|z:63) , cible: Chasseur standard, deffP: (x:95|y:1020|z:34), distance: 64
 - tir N0, arme: canon à plasmaI - chance < 0 , exit
 - tir N1, arme: canon à plasmaI - chance < 0 , exit
 - tir N2, arme: canon à plasmaI - chance < 0 , exit
 - tir N3, arme: canon à plasmaI - chance < 0 , exit
 - tir N4, arme: canon à plasmaI - chance < 0 , exit
 - tir N5, arme: canon à plasmaI - chance < 0 , exit
 - tir N6, arme: canon à plasmaI - chance < 0 , exit
 - tir N7, arme: canon à plasmaI - chance < 0 , exit
 - tir N8, arme: canon à plasmaI - chance < 0 , exit
 - tir N9, arme: canon à plasmaI - chance < 0 , exit
 - tir N10, arme: missileI - chance < 0 , exit
 - tir N11, arme: missileI - chance < 0 , exit
 - tir N12, arme: missileI - chance < 0 , exit
 - tir N13, arme: missileI - chance < 0 , exit
 - tir N14, arme: missileI - chance < 0 , exit
 - tir N15, arme: missileI - chance < 0 , exit
 - tir N16, arme: missileI - chance < 0 , exit
 - tir N17, arme: missileI - chance < 0 , exit
 - tir N18, arme: missileI - chance < 0 , exit
 - tir N19, arme: missileI - chance < 0 , exit
 - tir N20, arme: lance-torpilleI - chance < 0 , exit
 - tir N21, arme: lance-torpilleI - chance < 0 , exit
 - tir N22, arme: lance-torpilleI - chance < 0 , exit
 - tir N23, arme: lance-torpilleI - chance < 0 , exit
 - tir N24, arme: lance-torpilleI - chance < 0 , exit
 - tir N25, arme: lance-torpilleI - chance < 0 , exit
 - tir N26, arme: lance-torpilleI - chance < 0 , exit
 - tir N27, arme: lance-torpilleI - chance < 0 , exit
 - tir N28, arme: lance-torpilleI - chance < 0 , exit
 - tir N29, arme: lance-torpilleI - chance < 0 , exit
[F11_4 VS F92_0]  C4 , tir vaisseau N°0/3 (Torpilleur standard, race: 4) , attP: (x:35|y:1020|z:62) , cible: Chasseur standard, deffP: (x:95|y:1020|z:34), distance: 60
 - tir N0, arme: lance-torpilleI - chance < 0 , exit
 - tir N1, arme: lance-torpilleI - chance < 0 , exit
 - tir N2, arme: lance-torpilleI - chance < 0 , exit
 - tir N3, arme: lance-torpilleI - chance < 0 , exit
[F11_4 VS F92_0]  C4 , tir vaisseau N°0/63 (Supercroiseur standard, race: 4) , attP: (x:31|y:1020|z:63) , cible: Chasseur standard, deffP: (x:95|y:1020|z:34), distance: 64
 - tir N0, arme: laserI - chance < 0 , exit
 - tir N1, arme: laserI - chance < 0 , exit
 - tir N2, arme: laserI - chance < 0 , exit
 - tir N3, arme: laserI - chance < 0 , exit
 - tir N4, arme: laserI - chance < 0 , exit
 - tir N5, arme: laserI - chance < 0 , exit
 - tir N6, arme: laserI - chance < 0 , exit
 - tir N7, arme: laserI - chance < 0 , exit
 - tir N8, arme: laserI - chance < 0 , exit
 - tir N9, arme: laserI - chance < 0 , exit
 - tir N10, arme: laserI - chance < 0 , exit
 - tir N11, arme: laserI - chance < 0 , exit
 - tir N12, arme: laserI - chance < 0 , exit
 - tir N13, arme: laserI - chance < 0 , exit
 - tir N14, arme: laserI - chance < 0 , exit
 - tir N15, arme: laserI - chance < 0 , exit
 - tir N16, arme: laserI - chance < 0 , exit
 - tir N17, arme: laserI - chance < 0 , exit
 - tir N18, arme: laserI - chance < 0 , exit
 - tir N19, arme: laserI - chance < 0 , exit
 - tir N20, arme: canon à plasmaI - chance < 0 , exit
 - tir N21, arme: canon à plasmaI - chance < 0 , exit
 - tir N22, arme: canon à plasmaI - chance < 0 , exit
 - tir N23, arme: canon à plasmaI - chance < 0 , exit
 - tir N24, arme: canon à plasmaI - chance < 0 , exit
 - tir N25, arme: canon à plasmaI - chance < 0 , exit
 - tir N26, arme: canon à plasmaI - chance < 0 , exit
 - tir N27, arme: canon à plasmaI - chance < 0 , exit
 - tir N28, arme: canon à plasmaI - chance < 0 , exit
 - tir N29, arme: canon à plasmaI - chance < 0 , exit
 - tir N30, arme: canon à plasmaI - chance < 0 , exit
 - tir N31, arme: canon à plasmaI - chance < 0 , exit
 - tir N32, arme: canon à plasmaI - chance < 0 , exit
 - tir N33, arme: canon à plasmaI - chance < 0 , exit
 - tir N34, arme: canon à plasmaI - chance < 0 , exit
 - tir N35, arme: canon à plasmaI - chance < 0 , exit
 - tir N36, arme: canon à plasmaI - chance < 0 , exit
 - tir N37, arme: canon à plasmaI - chance < 0 , exit
 - tir N38, arme: canon à plasmaI - chance < 0 , exit
 - tir N39, arme: canon à plasmaI - chance < 0 , exit
 - tir N40, arme: lance-torpilleI - chance < 0 , exit
 - tir N41, arme: lance-torpilleI - chance < 0 , exit
 - tir N42, arme: lance-torpilleI - chance < 0 , exit
 - tir N43, arme: lance-torpilleI - chance < 0 , exit
 - tir N44, arme: lance-torpilleI - chance < 0 , exit
 - tir N45, arme: lance-torpilleI - chance < 0 , exit
 - tir N46, arme: lance-torpilleI - chance < 0 , exit
 - tir N47, arme: lance-torpilleI - chance < 0 , exit
 - tir N48, arme: lance-torpilleI - chance < 0 , exit
 - tir N49, arme: lance-torpilleI - chance < 0 , exit
 - tir N50, arme: lance-torpilleI - chance < 0 , exit
 - tir N51, arme: lance-torpilleI - chance < 0 , exit
 - tir N52, arme: lance-torpilleI - chance < 0 , exit
 - tir N53, arme: lance-torpilleI - chance < 0 , exit
 - tir N54, arme: lance-torpilleI - chance < 0 , exit
 - tir N55, arme: lance-torpilleI - chance < 0 , exit
 - tir N56, arme: lance-torpilleI - chance < 0 , exit
 - tir N57, arme: lance-torpilleI - chance < 0 , exit
 - tir N58, arme: lance-torpilleI - chance < 0 , exit
 - tir N59, arme: lance-torpilleI - chance < 0 , exit
[F11_4 VS F92_0]  C4 , tir vaisseau N°0/3 (Torpilleur standard, race: 4) , attP: (x:35|y:1020|z:62) , cible: Chasseur standard, deffP: (x:95|y:1020|z:34), distance: 60
 - tir N0, arme: lance-torpilleI - chance < 0 , exit
 - tir N1, arme: lance-torpilleI - chance < 0 , exit
 - tir N2, arme: lance-torpilleI - chance < 0 , exit
 - tir N3, arme: lance-torpilleI - chance < 0 , exit
[F11_4 VS F92_0]  C4 , tir vaisseau N°0/3 (Torpilleur standard, race: 4) , attP: (x:35|y:1020|z:62) , cible: Chasseur standard, deffP: (x:95|y:1020|z:34), distance: 60
 - tir N0, arme: lance-torpilleI - chance < 0 , exit
 - tir N1, arme: lance-torpilleI - chance < 0 , exit
 - tir N2, arme: lance-torpilleI - chance < 0 , exit
 - tir N3, arme: lance-torpilleI - chance < 0 , exit
[F11_4 VS F92_0]  C4 , tir vaisseau N°0/7 (Colonisateur, race: 4) , attP: (x:24|y:20|z:57) , cible: Torpilleur standard, deffP: (x:9|y:1020|z:18), distance: 1 000
 - pas darmes valides
[F11_4 VS F92_0]  C4 , tir vaisseau N°0/63 (Croiseur standard, race: 4) , attP: (x:31|y:1020|z:63) , cible: Chasseur standard, deffP: (x:95|y:1020|z:34), distance: 64
 - tir N0, arme: canon à plasmaI - chance < 0 , exit
 - tir N1, arme: canon à plasmaI - chance < 0 , exit
 - tir N2, arme: canon à plasmaI - chance < 0 , exit
 - tir N3, arme: canon à plasmaI - chance < 0 , exit
 - tir N4, arme: canon à plasmaI - chance < 0 , exit
 - tir N5, arme: canon à plasmaI - chance < 0 , exit
 - tir N6, arme: canon à plasmaI - chance < 0 , exit
 - tir N7, arme: canon à plasmaI - chance < 0 , exit
 - tir N8, arme: canon à plasmaI - chance < 0 , exit
 - tir N9, arme: canon à plasmaI - chance < 0 , exit
 - tir N10, arme: missileI - chance < 0 , exit
 - tir N11, arme: missileI - chance < 0 , exit
 - tir N12, arme: missileI - chance < 0 , exit
 - tir N13, arme: missileI - chance < 0 , exit
 - tir N14, arme: missileI - chance < 0 , exit
 - tir N15, arme: missileI - chance < 0 , exit
 - tir N16, arme: missileI - chance < 0 , exit
 - tir N17, arme: missileI - chance < 0 , exit
 - tir N18, arme: missileI - chance < 0 , exit
 - tir N19, arme: missileI - chance < 0 , exit
 - tir N20, arme: lance-torpilleI - chance < 0 , exit
 - tir N21, arme: lance-torpilleI - chance < 0 , exit
 - tir N22, arme: lance-torpilleI - chance < 0 , exit
 - tir N23, arme: lance-torpilleI - chance < 0 , exit
 - tir N24, arme: lance-torpilleI - chance < 0 , exit
 - tir N25, arme: lance-torpilleI - chance < 0 , exit
 - tir N26, arme: lance-torpilleI - chance < 0 , exit
 - tir N27, arme: lance-torpilleI - chance < 0 , exit
 - tir N28, arme: lance-torpilleI - chance < 0 , exit
 - tir N29, arme: lance-torpilleI - chance < 0 , exit
[F11_4 VS F92_0]  C4 , tir vaisseau N°0/7 (Colonisateur, race: 4) , attP: (x:58|y:15|z:43) , cible: Torpilleur standard, deffP: (x:9|y:1020|z:18), distance: 1 005
 - pas darmes valides
FIN DE TOUR: F1  219, F2 : 286
RESOLUTION COMBAT [F9_4 VS F7_8] 
TOUR DE COMBAT 1
[F9_4 VS F7_8]  C4 , tir vaisseau N°0/3 (Chasseur standard, race: 4) , attP: (x:86|y:1020|z:-31) , cible: Eclaireur standard, deffP: (x:86|y:1020|z:-31), distance: 0
 - tir N0, arme: laserI => chance 55(10),  hit, degat (1)
 - tir N0, arme: laserI => chance 55(10),  miss
 - tir N0, arme: laserI => chance 55(10),  miss
[F9_4 VS F7_8]  C4 , tir vaisseau N°0/3 (Chasseur standard, race: 4) , attP: (x:9|y:0|z:9) pas de cible
[F9_4 VS F7_8]  C8 , tir vaisseau N°0/3 (Eclaireur standard, race: 1) , attP: (x:86|y:1020|z:-31) , cible: Chasseur standard, deffP: (x:86|y:1020|z:-31), distance: 0
 - pas darmes valides
FIN DE TOUR: F1  0, F2 : 1
TOUR DE COMBAT 2
[F9_4 VS F7_8]  C4 , tir vaisseau N°0/3 (Chasseur standard, race: 4) , attP: (x:46|y:1020|z:-31) , cible: Eclaireur standard, deffP: (x:46|y:1020|z:-31), distance: 0
 - tir N0, arme: laserI => chance 55(10),  hit, degat (1)
 - tir N0, arme: laserI => chance 55(10),  miss
 - tir N0, arme: laserI => chance 55(10),  hit, degat (1)
 - tir N0, arme: laserI => chance 55(10),  hit, degat (1), cible detruire
[F9_4 VS F7_8]  C4 , tir vaisseau N°0/3 (Chasseur standard, race: 4) , attP: (x:46|y:1020|z:-31) 
[F9_4 VS F7_8]  C8 , tir vaisseau N°0/3 (Eclaireur standard, race: 1) , attP: (x:46|y:1020|z:-31) 
FIN DE TOUR: F1  0, F2 : 4
RESOLUTION COMBAT [F59_0 VS F7_4] 
TOUR DE COMBAT 1
[F59_0 VS F7_4]  C4 , tir vaisseau N°0/3 (Chasseur standard, race: 4) , attP: (x:39|y:1020|z:5) , cible: Croiseur standard, deffP: (x:27|y:13|z:-3), distance: 1 007
 - tir N0, arme: laserI - chance < 0 , exit
 - tir N1, arme: laserI - chance < 0 , exit
 - tir N2, arme: laserI - chance < 0 , exit
 - tir N3, arme: laserI - chance < 0 , exit
[F59_0 VS F7_4]  C0 , tir vaisseau N°0/0 (Intercepteur standard, race: 5) , attP: (x:24|y:19|z:-7) , cible: Chasseur standard, deffP: (x:39|y:1020|z:5), distance: 1 001
 - tir N0, arme: laserI - chance < 0 , exit
[F59_0 VS F7_4]  C4 , tir vaisseau N°0/3 (Chasseur standard, race: 4) , attP: (x:-36|y:1020|z:11) , cible: Fregate standard, deffP: (x:27|y:17|z:-7), distance: 1 003
 - tir N0, arme: laserI - chance < 0 , exit
 - tir N1, arme: laserI - chance < 0 , exit
 - tir N2, arme: laserI - chance < 0 , exit
 - tir N3, arme: laserI - chance < 0 , exit
[F59_0 VS F7_4]  C0 , tir vaisseau N°0/15 (Fregate standard, race: 5) , attP: (x:27|y:17|z:-7) , cible: Chasseur standard, deffP: (x:39|y:1020|z:5), distance: 1 003
 - tir N0, arme: canon à plasmaI - chance < 0 , exit
 - tir N1, arme: canon à plasmaI - chance < 0 , exit
 - tir N2, arme: canon à plasmaI - chance < 0 , exit
 - tir N3, arme: canon à plasmaI - chance < 0 , exit
 - tir N4, arme: canon à plasmaI - chance < 0 , exit
 - tir N5, arme: canon à plasmaI - chance < 0 , exit
 - tir N6, arme: canon à plasmaI - chance < 0 , exit
 - tir N7, arme: canon à plasmaI - chance < 0 , exit
 - tir N8, arme: canon à plasmaI - chance < 0 , exit
 - tir N9, arme: canon à plasmaI - chance < 0 , exit
[F59_0 VS F7_4]  C0 , tir vaisseau N°0/25 (Destroyer standard, race: 5) , attP: (x:-2|y:38|z:-1) , cible: Chasseur standard, deffP: (x:-36|y:1020|z:11), distance: 982
 - tir N0, arme: laserI - chance < 0 , exit
 - tir N1, arme: laserI - chance < 0 , exit
 - tir N2, arme: laserI - chance < 0 , exit
 - tir N3, arme: laserI - chance < 0 , exit
 - tir N4, arme: laserI - chance < 0 , exit
 - tir N5, arme: laserI - chance < 0 , exit
 - tir N6, arme: laserI - chance < 0 , exit
 - tir N7, arme: laserI - chance < 0 , exit
 - tir N8, arme: laserI - chance < 0 , exit
 - tir N9, arme: laserI - chance < 0 , exit
 - tir N10, arme: canon à plasmaI - chance < 0 , exit
 - tir N11, arme: canon à plasmaI - chance < 0 , exit
 - tir N12, arme: canon à plasmaI - chance < 0 , exit
 - tir N13, arme: canon à plasmaI - chance < 0 , exit
 - tir N14, arme: canon à plasmaI - chance < 0 , exit
 - tir N15, arme: canon à plasmaI - chance < 0 , exit
 - tir N16, arme: canon à plasmaI - chance < 0 , exit
 - tir N17, arme: canon à plasmaI - chance < 0 , exit
 - tir N18, arme: canon à plasmaI - chance < 0 , exit
 - tir N19, arme: canon à plasmaI - chance < 0 , exit
[F59_0 VS F7_4]  C0 , tir vaisseau N°0/3 (Torpilleur standard, race: 5) , attP: (x:27|y:20|z:-7) , cible: Chasseur standard, deffP: (x:39|y:1020|z:5), distance: 1 000
 - tir N0, arme: lance-torpilleI - chance < 0 , exit
 - tir N1, arme: lance-torpilleI - chance < 0 , exit
 - tir N2, arme: lance-torpilleI - chance < 0 , exit
 - tir N3, arme: lance-torpilleI - chance < 0 , exit
[F59_0 VS F7_4]  C4 , tir vaisseau N°0/3 (Grand Bombardier standard, race: 4) , attP: (x:92|y:1020|z:92) , cible: Destroyer standard, deffP: (x:-2|y:38|z:-1), distance: 982
 - pas darmes valides
[F59_0 VS F7_4]  C4 , tir vaisseau N°0/3 (Bombardier standard, race: 4) , attP: (x:15|y:1020|z:57) , cible: Croiseur standard, deffP: (x:27|y:13|z:-3), distance: 1 007
 - pas darmes valides
[F59_0 VS F7_4]  C0 , tir vaisseau N°0/63 (Croiseur standard, race: 5) , attP: (x:27|y:32|z:0) , cible: Chasseur standard, deffP: (x:39|y:1020|z:5), distance: 988
 - tir N0, arme: canon à plasmaI - chance < 0 , exit
 - tir N1, arme: canon à plasmaI - chance < 0 , exit
 - tir N2, arme: canon à plasmaI - chance < 0 , exit
 - tir N3, arme: canon à plasmaI - chance < 0 , exit
 - tir N4, arme: canon à plasmaI - chance < 0 , exit
 - tir N5, arme: canon à plasmaI - chance < 0 , exit
 - tir N6, arme: canon à plasmaI - chance < 0 , exit
 - tir N7, arme: canon à plasmaI - chance < 0 , exit
 - tir N8, arme: canon à plasmaI - chance < 0 , exit
 - tir N9, arme: canon à plasmaI - chance < 0 , exit
 - tir N10, arme: missileI - chance < 0 , exit
 - tir N11, arme: missileI - chance < 0 , exit
 - tir N12, arme: missileI - chance < 0 , exit
 - tir N13, arme: missileI - chance < 0 , exit
 - tir N14, arme: missileI - chance < 0 , exit
 - tir N15, arme: missileI - chance < 0 , exit
 - tir N16, arme: missileI - chance < 0 , exit
 - tir N17, arme: missileI - chance < 0 , exit
 - tir N18, arme: missileI - chance < 0 , exit
 - tir N19, arme: missileI - chance < 0 , exit
 - tir N20, arme: lance-torpilleI - chance < 0 , exit
 - tir N21, arme: lance-torpilleI - chance < 0 , exit
 - tir N22, arme: lance-torpilleI - chance < 0 , exit
 - tir N23, arme: lance-torpilleI - chance < 0 , exit
 - tir N24, arme: lance-torpilleI - chance < 0 , exit
 - tir N25, arme: lance-torpilleI - chance < 0 , exit
 - tir N26, arme: lance-torpilleI - chance < 0 , exit
 - tir N27, arme: lance-torpilleI - chance < 0 , exit
 - tir N28, arme: lance-torpilleI - chance < 0 , exit
 - tir N29, arme: lance-torpilleI - chance < 0 , exit
[F59_0 VS F7_4]  C0 , tir vaisseau N°0/3 (Grand Bombardier standard, race: 5) , attP: (x:32|y:13|z:7) , cible: Chasseur standard, deffP: (x:39|y:1020|z:5), distance: 1 007
 - pas darmes valides
[F59_0 VS F7_4]  C0 , tir vaisseau N°0/63 (Croiseur standard, race: 5) , attP: (x:27|y:13|z:-3) , cible: Chasseur standard, deffP: (x:39|y:1020|z:5), distance: 1 007
 - tir N0, arme: canon à plasmaI - chance < 0 , exit
 - tir N1, arme: canon à plasmaI - chance < 0 , exit
 - tir N2, arme: canon à plasmaI - chance < 0 , exit
 - tir N3, arme: canon à plasmaI - chance < 0 , exit
 - tir N4, arme: canon à plasmaI - chance < 0 , exit
 - tir N5, arme: canon à plasmaI - chance < 0 , exit
 - tir N6, arme: canon à plasmaI - chance < 0 , exit
 - tir N7, arme: canon à plasmaI - chance < 0 , exit
 - tir N8, arme: canon à plasmaI - chance < 0 , exit
 - tir N9, arme: canon à plasmaI - chance < 0 , exit
 - tir N10, arme: missileI - chance < 0 , exit
 - tir N11, arme: missileI - chance < 0 , exit
 - tir N12, arme: missileI - chance < 0 , exit
 - tir N13, arme: missileI - chance < 0 , exit
 - tir N14, arme: missileI - chance < 0 , exit
 - tir N15, arme: missileI - chance < 0 , exit
 - tir N16, arme: missileI - chance < 0 , exit
 - tir N17, arme: missileI - chance < 0 , exit
 - tir N18, arme: missileI - chance < 0 , exit
 - tir N19, arme: missileI - chance < 0 , exit
 - tir N20, arme: lance-torpilleI - chance < 0 , exit
 - tir N21, arme: lance-torpilleI - chance < 0 , exit
 - tir N22, arme: lance-torpilleI - chance < 0 , exit
 - tir N23, arme: lance-torpilleI - chance < 0 , exit
 - tir N24, arme: lance-torpilleI - chance < 0 , exit
 - tir N25, arme: lance-torpilleI - chance < 0 , exit
 - tir N26, arme: lance-torpilleI - chance < 0 , exit
 - tir N27, arme: lance-torpilleI - chance < 0 , exit
 - tir N28, arme: lance-torpilleI - chance < 0 , exit
 - tir N29, arme: lance-torpilleI - chance < 0 , exit
[F59_0 VS F7_4]  C0 , tir vaisseau N°0/7 (Colonisateur, race: 5) , attP: (x:32|y:8|z:-2) , cible: Chasseur standard, deffP: (x:39|y:1020|z:5), distance: 1 012
 - pas darmes valides
FIN DE TOUR: F1  0, F2 : 0
TOUR DE COMBAT 2
[F59_0 VS F7_4]  C0 , tir vaisseau N°0/0 (Intercepteur standard, race: 5) , attP: (x:56|y:1020|z:46) , cible: Grand Bombardier standard, deffP: (x:56|y:1020|z:46), distance: 0
 - tir N0, arme: laserI => chance 49(4),  miss
[F59_0 VS F7_4]  C4 , tir vaisseau N°0/3 (Chasseur standard, race: 4) , attP: (x:95|y:1020|z:17) , cible: Croiseur standard, deffP: (x:92|y:1020|z:92), distance: 75
 - tir N0, arme: laserI - chance < 0 , exit
 - tir N1, arme: laserI - chance < 0 , exit
 - tir N2, arme: laserI - chance < 0 , exit
 - tir N3, arme: laserI - chance < 0 , exit
[F59_0 VS F7_4]  C4 , tir vaisseau N°0/3 (Chasseur standard, race: 4) , attP: (x:-41|y:1020|z:-27) , cible: Croiseur standard, deffP: (x:92|y:1020|z:92), distance: 133
 - tir N0, arme: laserI - chance < 0 , exit
 - tir N1, arme: laserI - chance < 0 , exit
 - tir N2, arme: laserI - chance < 0 , exit
 - tir N3, arme: laserI - chance < 0 , exit
[F59_0 VS F7_4]  C0 , tir vaisseau N°0/15 (Fregate standard, race: 5) , attP: (x:56|y:1020|z:46) , cible: Grand Bombardier standard, deffP: (x:56|y:1020|z:46), distance: 0
 - tir N0, arme: canon à plasmaI => chance 39(4),  miss
 - tir N0, arme: canon à plasmaI => chance 39(4),  hit, degat (1)
 - tir N0, arme: canon à plasmaI => chance 39(4),  hit, degat (1)
 - tir N0, arme: canon à plasmaI => chance 39(4),  miss
 - tir N0, arme: canon à plasmaI => chance 39(4),  miss
 - tir N0, arme: canon à plasmaI => chance 39(4),  hit, degat (1)
 - tir N0, arme: canon à plasmaI => chance 39(4),  miss
 - tir N0, arme: canon à plasmaI => chance 39(4),  hit, degat (1)
 - tir N0, arme: canon à plasmaI => chance 39(4),  miss
 - tir N0, arme: canon à plasmaI => chance 39(4),  hit, degat (1)
[F59_0 VS F7_4]  C0 , tir vaisseau N°0/25 (Destroyer standard, race: 5) , attP: (x:56|y:1020|z:46) , cible: Grand Bombardier standard, deffP: (x:56|y:1020|z:46), distance: 0
 - tir N0, arme: laserI => chance 49(4),  hit, degat (1)
 - tir N0, arme: laserI => chance 49(4),  hit, degat (1)
 - tir N0, arme: laserI => chance 49(4),  hit, degat (1), cible detruire
[F59_0 VS F7_4]  C0 , tir vaisseau N°0/3 (Torpilleur standard, race: 5) , attP: (x:56|y:1020|z:46) 
[F59_0 VS F7_4]  C4 , tir vaisseau N°0/3 (Grand Bombardier standard, race: 4) , attP: (x:56|y:1020|z:46) 
[F59_0 VS F7_4]  C4 , tir vaisseau N°0/3 (Bombardier standard, race: 4) , attP: (x:27|y:1020|z:45) , cible: Colonisateur, deffP: (x:43|y:19|z:-2), distance: 1 001
 - pas darmes valides
[F59_0 VS F7_4]  C0 , tir vaisseau N°0/63 (Croiseur standard, race: 5) , attP: (x:92|y:1020|z:92) 
[F59_0 VS F7_4]  C0 , tir vaisseau N°0/63 (Croiseur standard, race: 5) , attP: (x:92|y:1020|z:92) 
[F59_0 VS F7_4]  C0 , tir vaisseau N°0/3 (Grand Bombardier standard, race: 5) , attP: (x:4|y:25|z:19) 
[F59_0 VS F7_4]  C0 , tir vaisseau N°0/7 (Colonisateur, race: 5) , attP: (x:43|y:19|z:-2) 
FIN DE TOUR: F1  0, F2 : 8
TOUR DE COMBAT 3
[F59_0 VS F7_4]  C0 , tir vaisseau N°0/15 (Fregate standard, race: 5) , attP: (x:85|y:1020|z:17) , cible: Bombardier standard, deffP: (x:85|y:1020|z:17), distance: 0
 - tir N0, arme: canon à plasmaI => chance 40(5),  hit, degat (1)
 - tir N0, arme: canon à plasmaI => chance 39(4),  miss
 - tir N0, arme: canon à plasmaI => chance 39(4),  miss
 - tir N0, arme: canon à plasmaI => chance 39(4),  miss
 - tir N0, arme: canon à plasmaI => chance 39(4),  miss
 - tir N0, arme: canon à plasmaI => chance 39(4),  hit, degat (1)
 - tir N0, arme: canon à plasmaI => chance 39(4),  miss
 - tir N0, arme: canon à plasmaI => chance 39(4),  miss
 - tir N0, arme: canon à plasmaI => chance 39(4),  hit, degat (1)
 - tir N0, arme: canon à plasmaI => chance 39(4),  hit, degat (1)
[F59_0 VS F7_4]  C4 , tir vaisseau N°0/3 (Chasseur standard, race: 4) , attP: (x:64|y:1020|z:-36) , cible: Croiseur standard, deffP: (x:61|y:1020|z:45), distance: 81
 - tir N0, arme: laserI - chance < 0 , exit
 - tir N1, arme: laserI - chance < 0 , exit
 - tir N2, arme: laserI - chance < 0 , exit
 - tir N3, arme: laserI - chance < 0 , exit
[F59_0 VS F7_4]  C0 , tir vaisseau N°0/25 (Destroyer standard, race: 5) , attP: (x:85|y:1020|z:17) , cible: Bombardier standard, deffP: (x:85|y:1020|z:17), distance: 0
 - tir N0, arme: laserI => chance 49(4),  miss
 - tir N0, arme: laserI => chance 49(4),  miss
 - tir N0, arme: laserI => chance 49(4),  miss
 - tir N0, arme: laserI => chance 49(4),  miss
 - tir N0, arme: laserI => chance 49(4),  hit, degat (1), cible detruire
[F59_0 VS F7_4]  C4 , tir vaisseau N°0/3 (Chasseur standard, race: 4) , attP: (x:67|y:1020|z:-16) , cible: Destroyer standard, deffP: (x:85|y:1020|z:17), distance: 33
 - tir N0, arme: laserI - chance < 0 , exit
 - tir N1, arme: laserI - chance < 0 , exit
 - tir N2, arme: laserI - chance < 0 , exit
 - tir N3, arme: laserI - chance < 0 , exit
[F59_0 VS F7_4]  C0 , tir vaisseau N°0/0 (Intercepteur standard, race: 5) , attP: (x:85|y:1020|z:17) 
[F59_0 VS F7_4]  C0 , tir vaisseau N°0/3 (Torpilleur standard, race: 5) , attP: (x:85|y:1020|z:17) 
[F59_0 VS F7_4]  C4 , tir vaisseau N°0/3 (Bombardier standard, race: 4) , attP: (x:85|y:1020|z:17) 
[F59_0 VS F7_4]  C0 , tir vaisseau N°0/63 (Croiseur standard, race: 5) , attP: (x:61|y:1020|z:45) 
[F59_0 VS F7_4]  C0 , tir vaisseau N°0/3 (Grand Bombardier standard, race: 5) , attP: (x:16|y:37|z:31) 
[F59_0 VS F7_4]  C0 , tir vaisseau N°0/63 (Croiseur standard, race: 5) , attP: (x:61|y:1020|z:45) 
[F59_0 VS F7_4]  C0 , tir vaisseau N°0/7 (Colonisateur, race: 5) , attP: (x:14|y:30|z:9) 
FIN DE TOUR: F1  0, F2 : 13
TOUR DE COMBAT 4
[F59_0 VS F7_4]  C4 , tir vaisseau N°0/3 (Chasseur standard, race: 4) , attP: (x:76|y:1020|z:-34) , cible: Destroyer standard, deffP: (x:74|y:1020|z:-16), distance: 18
 - tir N0, arme: laserI - chance < 0 , exit
 - tir N1, arme: laserI - chance < 0 , exit
 - tir N2, arme: laserI - chance < 0 , exit
 - tir N3, arme: laserI - chance < 0 , exit
[F59_0 VS F7_4]  C4 , tir vaisseau N°0/3 (Chasseur standard, race: 4) , attP: (x:24|y:1020|z:-18) , cible: Croiseur standard, deffP: (x:67|y:1020|z:14), distance: 43
 - tir N0, arme: laserI - chance < 0 , exit
 - tir N1, arme: laserI - chance < 0 , exit
 - tir N2, arme: laserI - chance < 0 , exit
 - tir N3, arme: laserI - chance < 0 , exit
[F59_0 VS F7_4]  C0 , tir vaisseau N°0/0 (Intercepteur standard, race: 5) , attP: (x:70|y:1020|z:-16) , cible: Chasseur standard, deffP: (x:24|y:1020|z:-18), distance: 46
 - tir N0, arme: laserI - chance < 0 , exit
[F59_0 VS F7_4]  C0 , tir vaisseau N°0/25 (Destroyer standard, race: 5) , attP: (x:74|y:1020|z:-16) , cible: Chasseur standard, deffP: (x:24|y:1020|z:-18), distance: 50
 - tir N0, arme: laserI - chance < 0 , exit
 - tir N1, arme: laserI - chance < 0 , exit
 - tir N2, arme: laserI - chance < 0 , exit
 - tir N3, arme: laserI - chance < 0 , exit
 - tir N4, arme: laserI - chance < 0 , exit
 - tir N5, arme: laserI - chance < 0 , exit
 - tir N6, arme: laserI - chance < 0 , exit
 - tir N7, arme: laserI - chance < 0 , exit
 - tir N8, arme: laserI - chance < 0 , exit
 - tir N9, arme: laserI - chance < 0 , exit
 - tir N10, arme: canon à plasmaI - chance < 0 , exit
 - tir N11, arme: canon à plasmaI - chance < 0 , exit
 - tir N12, arme: canon à plasmaI - chance < 0 , exit
 - tir N13, arme: canon à plasmaI - chance < 0 , exit
 - tir N14, arme: canon à plasmaI - chance < 0 , exit
 - tir N15, arme: canon à plasmaI - chance < 0 , exit
 - tir N16, arme: canon à plasmaI - chance < 0 , exit
 - tir N17, arme: canon à plasmaI - chance < 0 , exit
 - tir N18, arme: canon à plasmaI - chance < 0 , exit
 - tir N19, arme: canon à plasmaI - chance < 0 , exit
[F59_0 VS F7_4]  C0 , tir vaisseau N°0/3 (Torpilleur standard, race: 5) , attP: (x:71|y:1020|z:-16) , cible: Chasseur standard, deffP: (x:24|y:1020|z:-18), distance: 47
 - tir N0, arme: lance-torpilleI - chance < 0 , exit
 - tir N1, arme: lance-torpilleI - chance < 0 , exit
 - tir N2, arme: lance-torpilleI - chance < 0 , exit
 - tir N3, arme: lance-torpilleI - chance < 0 , exit
[F59_0 VS F7_4]  C0 , tir vaisseau N°0/15 (Fregate standard, race: 5) , attP: (x:73|y:1020|z:-16) , cible: Chasseur standard, deffP: (x:24|y:1020|z:-18), distance: 49
 - tir N0, arme: canon à plasmaI - chance < 0 , exit
 - tir N1, arme: canon à plasmaI - chance < 0 , exit
 - tir N2, arme: canon à plasmaI - chance < 0 , exit
 - tir N3, arme: canon à plasmaI - chance < 0 , exit
 - tir N4, arme: canon à plasmaI - chance < 0 , exit
 - tir N5, arme: canon à plasmaI - chance < 0 , exit
 - tir N6, arme: canon à plasmaI - chance < 0 , exit
 - tir N7, arme: canon à plasmaI - chance < 0 , exit
 - tir N8, arme: canon à plasmaI - chance < 0 , exit
 - tir N9, arme: canon à plasmaI - chance < 0 , exit
[F59_0 VS F7_4]  C0 , tir vaisseau N°0/63 (Croiseur standard, race: 5) , attP: (x:67|y:1020|z:14) , cible: Chasseur standard, deffP: (x:24|y:1020|z:-18), distance: 43
 - tir N0, arme: canon à plasmaI - chance < 0 , exit
 - tir N1, arme: canon à plasmaI - chance < 0 , exit
 - tir N2, arme: canon à plasmaI - chance < 0 , exit
 - tir N3, arme: canon à plasmaI - chance < 0 , exit
 - tir N4, arme: canon à plasmaI - chance < 0 , exit
 - tir N5, arme: canon à plasmaI - chance < 0 , exit
 - tir N6, arme: canon à plasmaI - chance < 0 , exit
 - tir N7, arme: canon à plasmaI - chance < 0 , exit
 - tir N8, arme: canon à plasmaI - chance < 0 , exit
 - tir N9, arme: canon à plasmaI - chance < 0 , exit
 - tir N10, arme: missileI - chance < 0 , exit
 - tir N11, arme: missileI - chance < 0 , exit
 - tir N12, arme: missileI - chance < 0 , exit
 - tir N13, arme: missileI - chance < 0 , exit
 - tir N14, arme: missileI - chance < 0 , exit
 - tir N15, arme: missileI - chance < 0 , exit
 - tir N16, arme: missileI - chance < 0 , exit
 - tir N17, arme: missileI - chance < 0 , exit
 - tir N18, arme: missileI - chance < 0 , exit
 - tir N19, arme: missileI - chance < 0 , exit
 - tir N20, arme: lance-torpilleI - chance < 0 , exit
 - tir N21, arme: lance-torpilleI - chance < 0 , exit
 - tir N22, arme: lance-torpilleI - chance < 0 , exit
 - tir N23, arme: lance-torpilleI - chance < 0 , exit
 - tir N24, arme: lance-torpilleI - chance < 0 , exit
 - tir N25, arme: lance-torpilleI - chance < 0 , exit
 - tir N26, arme: lance-torpilleI - chance < 0 , exit
 - tir N27, arme: lance-torpilleI - chance < 0 , exit
 - tir N28, arme: lance-torpilleI - chance < 0 , exit
 - tir N29, arme: lance-torpilleI - chance < 0 , exit
[F59_0 VS F7_4]  C0 , tir vaisseau N°0/7 (Colonisateur, race: 5) , attP: (x:24|y:1|z:51) , cible: Chasseur standard, deffP: (x:24|y:1020|z:-18), distance: 1 019
 - pas darmes valides
[F59_0 VS F7_4]  C0 , tir vaisseau N°0/3 (Grand Bombardier standard, race: 5) , attP: (x:66|y:9|z:0) , cible: Chasseur standard, deffP: (x:24|y:1020|z:-18), distance: 1 011
 - pas darmes valides
[F59_0 VS F7_4]  C0 , tir vaisseau N°0/63 (Croiseur standard, race: 5) , attP: (x:67|y:1020|z:14) , cible: Chasseur standard, deffP: (x:24|y:1020|z:-18), distance: 43
 - tir N0, arme: canon à plasmaI - chance < 0 , exit
 - tir N1, arme: canon à plasmaI - chance < 0 , exit
 - tir N2, arme: canon à plasmaI - chance < 0 , exit
 - tir N3, arme: canon à plasmaI - chance < 0 , exit
 - tir N4, arme: canon à plasmaI - chance < 0 , exit
 - tir N5, arme: canon à plasmaI - chance < 0 , exit
 - tir N6, arme: canon à plasmaI - chance < 0 , exit
 - tir N7, arme: canon à plasmaI - chance < 0 , exit
 - tir N8, arme: canon à plasmaI - chance < 0 , exit
 - tir N9, arme: canon à plasmaI - chance < 0 , exit
 - tir N10, arme: missileI - chance < 0 , exit
 - tir N11, arme: missileI - chance < 0 , exit
 - tir N12, arme: missileI - chance < 0 , exit
 - tir N13, arme: missileI - chance < 0 , exit
 - tir N14, arme: missileI - chance < 0 , exit
 - tir N15, arme: missileI - chance < 0 , exit
 - tir N16, arme: missileI - chance < 0 , exit
 - tir N17, arme: missileI - chance < 0 , exit
 - tir N18, arme: missileI - chance < 0 , exit
 - tir N19, arme: missileI - chance < 0 , exit
 - tir N20, arme: lance-torpilleI - chance < 0 , exit
 - tir N21, arme: lance-torpilleI - chance < 0 , exit
 - tir N22, arme: lance-torpilleI - chance < 0 , exit
 - tir N23, arme: lance-torpilleI - chance < 0 , exit
 - tir N24, arme: lance-torpilleI - chance < 0 , exit
 - tir N25, arme: lance-torpilleI - chance < 0 , exit
 - tir N26, arme: lance-torpilleI - chance < 0 , exit
 - tir N27, arme: lance-torpilleI - chance < 0 , exit
 - tir N28, arme: lance-torpilleI - chance < 0 , exit
 - tir N29, arme: lance-torpilleI - chance < 0 , exit
FIN DE TOUR: F1  0, F2 : 13
TOUR DE COMBAT 5
[F59_0 VS F7_4]  C4 , tir vaisseau N°0/3 (Chasseur standard, race: 4) , attP: (x:48|y:1020|z:-22) , cible: Croiseur standard, deffP: (x:24|y:1020|z:-18), distance: 24
 - tir N0, arme: laserI - chance < 0 , exit
 - tir N1, arme: laserI - chance < 0 , exit
 - tir N2, arme: laserI - chance < 0 , exit
 - tir N3, arme: laserI - chance < 0 , exit
[F59_0 VS F7_4]  C4 , tir vaisseau N°0/3 (Chasseur standard, race: 4) , attP: (x:30|y:1020|z:20) , cible: Croiseur standard, deffP: (x:24|y:1020|z:-18), distance: 38
 - tir N0, arme: laserI - chance < 0 , exit
 - tir N1, arme: laserI - chance < 0 , exit
 - tir N2, arme: laserI - chance < 0 , exit
 - tir N3, arme: laserI - chance < 0 , exit
[F59_0 VS F7_4]  C0 , tir vaisseau N°0/0 (Intercepteur standard, race: 5) , attP: (x:76|y:1020|z:-31) , cible: Chasseur standard, deffP: (x:48|y:1020|z:-22), distance: 28
 - tir N0, arme: laserI - chance < 0 , exit
[F59_0 VS F7_4]  C0 , tir vaisseau N°0/25 (Destroyer standard, race: 5) , attP: (x:76|y:1020|z:-27) , cible: Chasseur standard, deffP: (x:48|y:1020|z:-22), distance: 28
 - tir N0, arme: laserI - chance < 0 , exit
 - tir N1, arme: laserI - chance < 0 , exit
 - tir N2, arme: laserI - chance < 0 , exit
 - tir N3, arme: laserI - chance < 0 , exit
 - tir N4, arme: laserI - chance < 0 , exit
 - tir N5, arme: laserI - chance < 0 , exit
 - tir N6, arme: laserI - chance < 0 , exit
 - tir N7, arme: laserI - chance < 0 , exit
 - tir N8, arme: laserI - chance < 0 , exit
 - tir N9, arme: laserI - chance < 0 , exit
 - tir N10, arme: canon à plasmaI - chance < 0 , exit
 - tir N11, arme: canon à plasmaI - chance < 0 , exit
 - tir N12, arme: canon à plasmaI - chance < 0 , exit
 - tir N13, arme: canon à plasmaI - chance < 0 , exit
 - tir N14, arme: canon à plasmaI - chance < 0 , exit
 - tir N15, arme: canon à plasmaI - chance < 0 , exit
 - tir N16, arme: canon à plasmaI - chance < 0 , exit
 - tir N17, arme: canon à plasmaI - chance < 0 , exit
 - tir N18, arme: canon à plasmaI - chance < 0 , exit
 - tir N19, arme: canon à plasmaI - chance < 0 , exit
[F59_0 VS F7_4]  C0 , tir vaisseau N°0/15 (Fregate standard, race: 5) , attP: (x:76|y:1020|z:-28) , cible: Chasseur standard, deffP: (x:48|y:1020|z:-22), distance: 28
 - tir N0, arme: canon à plasmaI - chance < 0 , exit
 - tir N1, arme: canon à plasmaI - chance < 0 , exit
 - tir N2, arme: canon à plasmaI - chance < 0 , exit
 - tir N3, arme: canon à plasmaI - chance < 0 , exit
 - tir N4, arme: canon à plasmaI - chance < 0 , exit
 - tir N5, arme: canon à plasmaI - chance < 0 , exit
 - tir N6, arme: canon à plasmaI - chance < 0 , exit
 - tir N7, arme: canon à plasmaI - chance < 0 , exit
 - tir N8, arme: canon à plasmaI - chance < 0 , exit
 - tir N9, arme: canon à plasmaI - chance < 0 , exit
[F59_0 VS F7_4]  C0 , tir vaisseau N°0/63 (Croiseur standard, race: 5) , attP: (x:24|y:1020|z:-18) , cible: Chasseur standard, deffP: (x:30|y:1020|z:20), distance: 38
 - tir N0, arme: canon à plasmaI - chance < 0 , exit
 - tir N1, arme: canon à plasmaI - chance < 0 , exit
 - tir N2, arme: canon à plasmaI - chance < 0 , exit
 - tir N3, arme: canon à plasmaI - chance < 0 , exit
 - tir N4, arme: canon à plasmaI - chance < 0 , exit
 - tir N5, arme: canon à plasmaI - chance < 0 , exit
 - tir N6, arme: canon à plasmaI - chance < 0 , exit
 - tir N7, arme: canon à plasmaI - chance < 0 , exit
 - tir N8, arme: canon à plasmaI - chance < 0 , exit
 - tir N9, arme: canon à plasmaI - chance < 0 , exit
 - tir N10, arme: missileI - chance < 0 , exit
 - tir N11, arme: missileI - chance < 0 , exit
 - tir N12, arme: missileI - chance < 0 , exit
 - tir N13, arme: missileI - chance < 0 , exit
 - tir N14, arme: missileI - chance < 0 , exit
 - tir N15, arme: missileI - chance < 0 , exit
 - tir N16, arme: missileI - chance < 0 , exit
 - tir N17, arme: missileI - chance < 0 , exit
 - tir N18, arme: missileI - chance < 0 , exit
 - tir N19, arme: missileI - chance < 0 , exit
 - tir N20, arme: lance-torpilleI - chance < 0 , exit
 - tir N21, arme: lance-torpilleI - chance < 0 , exit
 - tir N22, arme: lance-torpilleI - chance < 0 , exit
 - tir N23, arme: lance-torpilleI - chance < 0 , exit
 - tir N24, arme: lance-torpilleI - chance < 0 , exit
 - tir N25, arme: lance-torpilleI - chance < 0 , exit
 - tir N26, arme: lance-torpilleI - chance < 0 , exit
 - tir N27, arme: lance-torpilleI - chance < 0 , exit
 - tir N28, arme: lance-torpilleI - chance < 0 , exit
 - tir N29, arme: lance-torpilleI - chance < 0 , exit
[F59_0 VS F7_4]  C0 , tir vaisseau N°0/3 (Torpilleur standard, race: 5) , attP: (x:76|y:1020|z:-30) , cible: Chasseur standard, deffP: (x:48|y:1020|z:-22), distance: 28
 - tir N0, arme: lance-torpilleI - chance < 0 , exit
 - tir N1, arme: lance-torpilleI - chance < 0 , exit
 - tir N2, arme: lance-torpilleI - chance < 0 , exit
 - tir N3, arme: lance-torpilleI - chance < 0 , exit
[F59_0 VS F7_4]  C0 , tir vaisseau N°0/7 (Colonisateur, race: 5) , attP: (x:35|y:12|z:8) , cible: Chasseur standard, deffP: (x:30|y:1020|z:20), distance: 1 008
 - pas darmes valides
[F59_0 VS F7_4]  C0 , tir vaisseau N°0/63 (Croiseur standard, race: 5) , attP: (x:24|y:1020|z:-18) , cible: Chasseur standard, deffP: (x:30|y:1020|z:20), distance: 38
 - tir N0, arme: canon à plasmaI - chance < 0 , exit
 - tir N1, arme: canon à plasmaI - chance < 0 , exit
 - tir N2, arme: canon à plasmaI - chance < 0 , exit
 - tir N3, arme: canon à plasmaI - chance < 0 , exit
 - tir N4, arme: canon à plasmaI - chance < 0 , exit
 - tir N5, arme: canon à plasmaI - chance < 0 , exit
 - tir N6, arme: canon à plasmaI - chance < 0 , exit
 - tir N7, arme: canon à plasmaI - chance < 0 , exit
 - tir N8, arme: canon à plasmaI - chance < 0 , exit
 - tir N9, arme: canon à plasmaI - chance < 0 , exit
 - tir N10, arme: missileI - chance < 0 , exit
 - tir N11, arme: missileI - chance < 0 , exit
 - tir N12, arme: missileI - chance < 0 , exit
 - tir N13, arme: missileI - chance < 0 , exit
 - tir N14, arme: missileI - chance < 0 , exit
 - tir N15, arme: missileI - chance < 0 , exit
 - tir N16, arme: missileI - chance < 0 , exit
 - tir N17, arme: missileI - chance < 0 , exit
 - tir N18, arme: missileI - chance < 0 , exit
 - tir N19, arme: missileI - chance < 0 , exit
 - tir N20, arme: lance-torpilleI - chance < 0 , exit
 - tir N21, arme: lance-torpilleI - chance < 0 , exit
 - tir N22, arme: lance-torpilleI - chance < 0 , exit
 - tir N23, arme: lance-torpilleI - chance < 0 , exit
 - tir N24, arme: lance-torpilleI - chance < 0 , exit
 - tir N25, arme: lance-torpilleI - chance < 0 , exit
 - tir N26, arme: lance-torpilleI - chance < 0 , exit
 - tir N27, arme: lance-torpilleI - chance < 0 , exit
 - tir N28, arme: lance-torpilleI - chance < 0 , exit
 - tir N29, arme: lance-torpilleI - chance < 0 , exit
[F59_0 VS F7_4]  C0 , tir vaisseau N°0/3 (Grand Bombardier standard, race: 5) , attP: (x:15|y:21|z:12) , cible: Chasseur standard, deffP: (x:30|y:1020|z:20), distance: 999
 - pas darmes valides
FIN DE TOUR: F1  0, F2 : 13
TOUR DE COMBAT 6
[F59_0 VS F7_4]  C4 , tir vaisseau N°0/3 (Chasseur standard, race: 4) , attP: (x:92|y:1020|z:59) , cible: Destroyer standard, deffP: (x:47|y:1020|z:-22), distance: 81
 - tir N0, arme: laserI - chance < 0 , exit
 - tir N1, arme: laserI - chance < 0 , exit
 - tir N2, arme: laserI - chance < 0 , exit
 - tir N3, arme: laserI - chance < 0 , exit
[F59_0 VS F7_4]  C4 , tir vaisseau N°0/3 (Chasseur standard, race: 4) , attP: (x:18|y:1020|z:51) , cible: Fregate standard, deffP: (x:48|y:1020|z:-22), distance: 73
 - tir N0, arme: laserI - chance < 0 , exit
 - tir N1, arme: laserI - chance < 0 , exit
 - tir N2, arme: laserI - chance < 0 , exit
 - tir N3, arme: laserI - chance < 0 , exit
[F59_0 VS F7_4]  C0 , tir vaisseau N°0/15 (Fregate standard, race: 5) , attP: (x:48|y:1020|z:-22) , cible: Chasseur standard, deffP: (x:92|y:1020|z:59), distance: 81
 - tir N0, arme: canon à plasmaI - chance < 0 , exit
 - tir N1, arme: canon à plasmaI - chance < 0 , exit
 - tir N2, arme: canon à plasmaI - chance < 0 , exit
 - tir N3, arme: canon à plasmaI - chance < 0 , exit
 - tir N4, arme: canon à plasmaI - chance < 0 , exit
 - tir N5, arme: canon à plasmaI - chance < 0 , exit
 - tir N6, arme: canon à plasmaI - chance < 0 , exit
 - tir N7, arme: canon à plasmaI - chance < 0 , exit
 - tir N8, arme: canon à plasmaI - chance < 0 , exit
 - tir N9, arme: canon à plasmaI - chance < 0 , exit
[F59_0 VS F7_4]  C0 , tir vaisseau N°0/25 (Destroyer standard, race: 5) , attP: (x:47|y:1020|z:-22) , cible: Chasseur standard, deffP: (x:92|y:1020|z:59), distance: 81
 - tir N0, arme: laserI - chance < 0 , exit
 - tir N1, arme: laserI - chance < 0 , exit
 - tir N2, arme: laserI - chance < 0 , exit
 - tir N3, arme: laserI - chance < 0 , exit
 - tir N4, arme: laserI - chance < 0 , exit
 - tir N5, arme: laserI - chance < 0 , exit
 - tir N6, arme: laserI - chance < 0 , exit
 - tir N7, arme: laserI - chance < 0 , exit
 - tir N8, arme: laserI - chance < 0 , exit
 - tir N9, arme: laserI - chance < 0 , exit
 - tir N10, arme: canon à plasmaI - chance < 0 , exit
 - tir N11, arme: canon à plasmaI - chance < 0 , exit
 - tir N12, arme: canon à plasmaI - chance < 0 , exit
 - tir N13, arme: canon à plasmaI - chance < 0 , exit
 - tir N14, arme: canon à plasmaI - chance < 0 , exit
 - tir N15, arme: canon à plasmaI - chance < 0 , exit
 - tir N16, arme: canon à plasmaI - chance < 0 , exit
 - tir N17, arme: canon à plasmaI - chance < 0 , exit
 - tir N18, arme: canon à plasmaI - chance < 0 , exit
 - tir N19, arme: canon à plasmaI - chance < 0 , exit
[F59_0 VS F7_4]  C0 , tir vaisseau N°0/3 (Torpilleur standard, race: 5) , attP: (x:48|y:1020|z:-22) , cible: Chasseur standard, deffP: (x:92|y:1020|z:59), distance: 81
 - tir N0, arme: lance-torpilleI - chance < 0 , exit
 - tir N1, arme: lance-torpilleI - chance < 0 , exit
 - tir N2, arme: lance-torpilleI - chance < 0 , exit
 - tir N3, arme: lance-torpilleI - chance < 0 , exit
[F59_0 VS F7_4]  C0 , tir vaisseau N°0/0 (Intercepteur standard, race: 5) , attP: (x:48|y:1020|z:-22) , cible: Chasseur standard, deffP: (x:92|y:1020|z:59), distance: 81
 - tir N0, arme: laserI - chance < 0 , exit
[F59_0 VS F7_4]  C0 , tir vaisseau N°0/63 (Croiseur standard, race: 5) , attP: (x:15|y:1020|z:-22) , cible: Chasseur standard, deffP: (x:92|y:1020|z:59), distance: 81
 - tir N0, arme: canon à plasmaI - chance < 0 , exit
 - tir N1, arme: canon à plasmaI - chance < 0 , exit
 - tir N2, arme: canon à plasmaI - chance < 0 , exit
 - tir N3, arme: canon à plasmaI - chance < 0 , exit
 - tir N4, arme: canon à plasmaI - chance < 0 , exit
 - tir N5, arme: canon à plasmaI - chance < 0 , exit
 - tir N6, arme: canon à plasmaI - chance < 0 , exit
 - tir N7, arme: canon à plasmaI - chance < 0 , exit
 - tir N8, arme: canon à plasmaI - chance < 0 , exit
 - tir N9, arme: canon à plasmaI - chance < 0 , exit
 - tir N10, arme: missileI - chance < 0 , exit
 - tir N11, arme: missileI - chance < 0 , exit
 - tir N12, arme: missileI - chance < 0 , exit
 - tir N13, arme: missileI - chance < 0 , exit
 - tir N14, arme: missileI - chance < 0 , exit
 - tir N15, arme: missileI - chance < 0 , exit
 - tir N16, arme: missileI - chance < 0 , exit
 - tir N17, arme: missileI - chance < 0 , exit
 - tir N18, arme: missileI - chance < 0 , exit
 - tir N19, arme: missileI - chance < 0 , exit
 - tir N20, arme: lance-torpilleI - chance < 0 , exit
 - tir N21, arme: lance-torpilleI - chance < 0 , exit
 - tir N22, arme: lance-torpilleI - chance < 0 , exit
 - tir N23, arme: lance-torpilleI - chance < 0 , exit
 - tir N24, arme: lance-torpilleI - chance < 0 , exit
 - tir N25, arme: lance-torpilleI - chance < 0 , exit
 - tir N26, arme: lance-torpilleI - chance < 0 , exit
 - tir N27, arme: lance-torpilleI - chance < 0 , exit
 - tir N28, arme: lance-torpilleI - chance < 0 , exit
 - tir N29, arme: lance-torpilleI - chance < 0 , exit
[F59_0 VS F7_4]  C0 , tir vaisseau N°0/63 (Croiseur standard, race: 5) , attP: (x:15|y:1020|z:-22) , cible: Chasseur standard, deffP: (x:92|y:1020|z:59), distance: 81
 - tir N0, arme: canon à plasmaI - chance < 0 , exit
 - tir N1, arme: canon à plasmaI - chance < 0 , exit
 - tir N2, arme: canon à plasmaI - chance < 0 , exit
 - tir N3, arme: canon à plasmaI - chance < 0 , exit
 - tir N4, arme: canon à plasmaI - chance < 0 , exit
 - tir N5, arme: canon à plasmaI - chance < 0 , exit
 - tir N6, arme: canon à plasmaI - chance < 0 , exit
 - tir N7, arme: canon à plasmaI - chance < 0 , exit
 - tir N8, arme: canon à plasmaI - chance < 0 , exit
 - tir N9, arme: canon à plasmaI - chance < 0 , exit
 - tir N10, arme: missileI - chance < 0 , exit
 - tir N11, arme: missileI - chance < 0 , exit
 - tir N12, arme: missileI - chance < 0 , exit
 - tir N13, arme: missileI - chance < 0 , exit
 - tir N14, arme: missileI - chance < 0 , exit
 - tir N15, arme: missileI - chance < 0 , exit
 - tir N16, arme: missileI - chance < 0 , exit
 - tir N17, arme: missileI - chance < 0 , exit
 - tir N18, arme: missileI - chance < 0 , exit
 - tir N19, arme: missileI - chance < 0 , exit
 - tir N20, arme: lance-torpilleI - chance < 0 , exit
 - tir N21, arme: lance-torpilleI - chance < 0 , exit
 - tir N22, arme: lance-torpilleI - chance < 0 , exit
 - tir N23, arme: lance-torpilleI - chance < 0 , exit
 - tir N24, arme: lance-torpilleI - chance < 0 , exit
 - tir N25, arme: lance-torpilleI - chance < 0 , exit
 - tir N26, arme: lance-torpilleI - chance < 0 , exit
 - tir N27, arme: lance-torpilleI - chance < 0 , exit
 - tir N28, arme: lance-torpilleI - chance < 0 , exit
 - tir N29, arme: lance-torpilleI - chance < 0 , exit
[F59_0 VS F7_4]  C0 , tir vaisseau N°0/3 (Grand Bombardier standard, race: 5) , attP: (x:27|y:33|z:24) , cible: Chasseur standard, deffP: (x:18|y:1020|z:51), distance: 987
 - pas darmes valides
[F59_0 VS F7_4]  C0 , tir vaisseau N°0/7 (Colonisateur, race: 5) , attP: (x:6|y:23|z:-37) , cible: Chasseur standard, deffP: (x:18|y:1020|z:51), distance: 997
 - pas darmes valides
FIN DE TOUR: F1  0, F2 : 13
TOUR DE COMBAT 7
[F59_0 VS F7_4]  C4 , tir vaisseau N°0/3 (Chasseur standard, race: 4) , attP: (x:30|y:1020|z:23) , cible: Destroyer standard, deffP: (x:18|y:1020|z:51), distance: 28
 - tir N0, arme: laserI - chance < 0 , exit
 - tir N1, arme: laserI - chance < 0 , exit
 - tir N2, arme: laserI - chance < 0 , exit
 - tir N3, arme: laserI - chance < 0 , exit
[F59_0 VS F7_4]  C4 , tir vaisseau N°0/3 (Chasseur standard, race: 4) , attP: (x:64|y:1020|z:31) , cible: Croiseur standard, deffP: (x:18|y:1020|z:51), distance: 46
 - tir N0, arme: laserI - chance < 0 , exit
 - tir N1, arme: laserI - chance < 0 , exit
 - tir N2, arme: laserI - chance < 0 , exit
 - tir N3, arme: laserI - chance < 0 , exit
[F59_0 VS F7_4]  C0 , tir vaisseau N°0/25 (Destroyer standard, race: 5) , attP: (x:18|y:1020|z:51) , cible: Chasseur standard, deffP: (x:30|y:1020|z:23), distance: 28
 - tir N0, arme: laserI - chance < 0 , exit
 - tir N1, arme: laserI - chance < 0 , exit
 - tir N2, arme: laserI - chance < 0 , exit
 - tir N3, arme: laserI - chance < 0 , exit
 - tir N4, arme: laserI - chance < 0 , exit
 - tir N5, arme: laserI - chance < 0 , exit
 - tir N6, arme: laserI - chance < 0 , exit
 - tir N7, arme: laserI - chance < 0 , exit
 - tir N8, arme: laserI - chance < 0 , exit
 - tir N9, arme: laserI - chance < 0 , exit
 - tir N10, arme: canon à plasmaI - chance < 0 , exit
 - tir N11, arme: canon à plasmaI - chance < 0 , exit
 - tir N12, arme: canon à plasmaI - chance < 0 , exit
 - tir N13, arme: canon à plasmaI - chance < 0 , exit
 - tir N14, arme: canon à plasmaI - chance < 0 , exit
 - tir N15, arme: canon à plasmaI - chance < 0 , exit
 - tir N16, arme: canon à plasmaI - chance < 0 , exit
 - tir N17, arme: canon à plasmaI - chance < 0 , exit
 - tir N18, arme: canon à plasmaI - chance < 0 , exit
 - tir N19, arme: canon à plasmaI - chance < 0 , exit
[F59_0 VS F7_4]  C0 , tir vaisseau N°0/15 (Fregate standard, race: 5) , attP: (x:18|y:1020|z:51) , cible: Chasseur standard, deffP: (x:30|y:1020|z:23), distance: 28
 - tir N0, arme: canon à plasmaI - chance < 0 , exit
 - tir N1, arme: canon à plasmaI - chance < 0 , exit
 - tir N2, arme: canon à plasmaI - chance < 0 , exit
 - tir N3, arme: canon à plasmaI - chance < 0 , exit
 - tir N4, arme: canon à plasmaI - chance < 0 , exit
 - tir N5, arme: canon à plasmaI - chance < 0 , exit
 - tir N6, arme: canon à plasmaI - chance < 0 , exit
 - tir N7, arme: canon à plasmaI - chance < 0 , exit
 - tir N8, arme: canon à plasmaI - chance < 0 , exit
 - tir N9, arme: canon à plasmaI - chance < 0 , exit
[F59_0 VS F7_4]  C0 , tir vaisseau N°0/0 (Intercepteur standard, race: 5) , attP: (x:18|y:1020|z:51) , cible: Chasseur standard, deffP: (x:30|y:1020|z:23), distance: 28
 - tir N0, arme: laserI - chance < 0 , exit
[F59_0 VS F7_4]  C0 , tir vaisseau N°0/3 (Torpilleur standard, race: 5) , attP: (x:18|y:1020|z:51) , cible: Chasseur standard, deffP: (x:30|y:1020|z:23), distance: 28
 - tir N0, arme: lance-torpilleI - chance < 0 , exit
 - tir N1, arme: lance-torpilleI - chance < 0 , exit
 - tir N2, arme: lance-torpilleI - chance < 0 , exit
 - tir N3, arme: lance-torpilleI - chance < 0 , exit
[F59_0 VS F7_4]  C0 , tir vaisseau N°0/3 (Grand Bombardier standard, race: 5) , attP: (x:72|y:5|z:36) , cible: Chasseur standard, deffP: (x:30|y:1020|z:23), distance: 1 015
 - pas darmes valides
[F59_0 VS F7_4]  C0 , tir vaisseau N°0/63 (Croiseur standard, race: 5) , attP: (x:18|y:1020|z:51) , cible: Chasseur standard, deffP: (x:30|y:1020|z:23), distance: 28
 - tir N0, arme: canon à plasmaI - chance < 0 , exit
 - tir N1, arme: canon à plasmaI - chance < 0 , exit
 - tir N2, arme: canon à plasmaI - chance < 0 , exit
 - tir N3, arme: canon à plasmaI - chance < 0 , exit
 - tir N4, arme: canon à plasmaI - chance < 0 , exit
 - tir N5, arme: canon à plasmaI - chance < 0 , exit
 - tir N6, arme: canon à plasmaI - chance < 0 , exit
 - tir N7, arme: canon à plasmaI - chance < 0 , exit
 - tir N8, arme: canon à plasmaI - chance < 0 , exit
 - tir N9, arme: canon à plasmaI - chance < 0 , exit
 - tir N10, arme: missileI - chance < 0 , exit
 - tir N11, arme: missileI - chance < 0 , exit
 - tir N12, arme: missileI - chance < 0 , exit
 - tir N13, arme: missileI - chance < 0 , exit
 - tir N14, arme: missileI - chance < 0 , exit
 - tir N15, arme: missileI - chance < 0 , exit
 - tir N16, arme: missileI - chance < 0 , exit
 - tir N17, arme: missileI - chance < 0 , exit
 - tir N18, arme: missileI - chance < 0 , exit
 - tir N19, arme: missileI - chance < 0 , exit
 - tir N20, arme: lance-torpilleI - chance < 0 , exit
 - tir N21, arme: lance-torpilleI - chance < 0 , exit
 - tir N22, arme: lance-torpilleI - chance < 0 , exit
 - tir N23, arme: lance-torpilleI - chance < 0 , exit
 - tir N24, arme: lance-torpilleI - chance < 0 , exit
 - tir N25, arme: lance-torpilleI - chance < 0 , exit
 - tir N26, arme: lance-torpilleI - chance < 0 , exit
 - tir N27, arme: lance-torpilleI - chance < 0 , exit
 - tir N28, arme: lance-torpilleI - chance < 0 , exit
 - tir N29, arme: lance-torpilleI - chance < 0 , exit
[F59_0 VS F7_4]  C0 , tir vaisseau N°0/7 (Colonisateur, race: 5) , attP: (x:17|y:34|z:71) pas de cible
[F59_0 VS F7_4]  C0 , tir vaisseau N°0/63 (Croiseur standard, race: 5) , attP: (x:18|y:1020|z:51) , cible: Chasseur standard, deffP: (x:30|y:1020|z:23), distance: 28
 - tir N0, arme: canon à plasmaI - chance < 0 , exit
 - tir N1, arme: canon à plasmaI - chance < 0 , exit
 - tir N2, arme: canon à plasmaI - chance < 0 , exit
 - tir N3, arme: canon à plasmaI - chance < 0 , exit
 - tir N4, arme: canon à plasmaI - chance < 0 , exit
 - tir N5, arme: canon à plasmaI - chance < 0 , exit
 - tir N6, arme: canon à plasmaI - chance < 0 , exit
 - tir N7, arme: canon à plasmaI - chance < 0 , exit
 - tir N8, arme: canon à plasmaI - chance < 0 , exit
 - tir N9, arme: canon à plasmaI - chance < 0 , exit
 - tir N10, arme: missileI - chance < 0 , exit
 - tir N11, arme: missileI - chance < 0 , exit
 - tir N12, arme: missileI - chance < 0 , exit
 - tir N13, arme: missileI - chance < 0 , exit
 - tir N14, arme: missileI - chance < 0 , exit
 - tir N15, arme: missileI - chance < 0 , exit
 - tir N16, arme: missileI - chance < 0 , exit
 - tir N17, arme: missileI - chance < 0 , exit
 - tir N18, arme: missileI - chance < 0 , exit
 - tir N19, arme: missileI - chance < 0 , exit
 - tir N20, arme: lance-torpilleI - chance < 0 , exit
 - tir N21, arme: lance-torpilleI - chance < 0 , exit
 - tir N22, arme: lance-torpilleI - chance < 0 , exit
 - tir N23, arme: lance-torpilleI - chance < 0 , exit
 - tir N24, arme: lance-torpilleI - chance < 0 , exit
 - tir N25, arme: lance-torpilleI - chance < 0 , exit
 - tir N26, arme: lance-torpilleI - chance < 0 , exit
 - tir N27, arme: lance-torpilleI - chance < 0 , exit
 - tir N28, arme: lance-torpilleI - chance < 0 , exit
 - tir N29, arme: lance-torpilleI - chance < 0 , exit
FIN DE TOUR: F1  0, F2 : 13
TOUR DE COMBAT 8
[F59_0 VS F7_4]  C0 , tir vaisseau N°0/0 (Intercepteur standard, race: 5) , attP: (x:73|y:1020|z:19) , cible: Chasseur standard, deffP: (x:73|y:1020|z:19), distance: 0
 - tir N0, arme: laserI => chance 49(4),  miss
[F59_0 VS F7_4]  C4 , tir vaisseau N°0/3 (Chasseur standard, race: 4) , attP: (x:36|y:1020|z:3) , cible: Destroyer standard, deffP: (x:29|y:1020|z:22), distance: 19
 - tir N0, arme: laserI - chance < 0 , exit
 - tir N1, arme: laserI - chance < 0 , exit
 - tir N2, arme: laserI - chance < 0 , exit
 - tir N3, arme: laserI - chance < 0 , exit
[F59_0 VS F7_4]  C4 , tir vaisseau N°0/3 (Chasseur standard, race: 4) , attP: (x:73|y:1020|z:19) , cible: Destroyer standard, deffP: (x:29|y:1020|z:22), distance: 44
 - tir N0, arme: laserI - chance < 0 , exit
 - tir N1, arme: laserI - chance < 0 , exit
 - tir N2, arme: laserI - chance < 0 , exit
 - tir N3, arme: laserI - chance < 0 , exit
[F59_0 VS F7_4]  C0 , tir vaisseau N°0/3 (Torpilleur standard, race: 5) , attP: (x:30|y:1020|z:23) , cible: Chasseur standard, deffP: (x:73|y:1020|z:19), distance: 43
 - tir N0, arme: lance-torpilleI - chance < 0 , exit
 - tir N1, arme: lance-torpilleI - chance < 0 , exit
 - tir N2, arme: lance-torpilleI - chance < 0 , exit
 - tir N3, arme: lance-torpilleI - chance < 0 , exit
[F59_0 VS F7_4]  C0 , tir vaisseau N°0/25 (Destroyer standard, race: 5) , attP: (x:29|y:1020|z:22) , cible: Chasseur standard, deffP: (x:73|y:1020|z:19), distance: 44
 - tir N0, arme: laserI - chance < 0 , exit
 - tir N1, arme: laserI - chance < 0 , exit
 - tir N2, arme: laserI - chance < 0 , exit
 - tir N3, arme: laserI - chance < 0 , exit
 - tir N4, arme: laserI - chance < 0 , exit
 - tir N5, arme: laserI - chance < 0 , exit
 - tir N6, arme: laserI - chance < 0 , exit
 - tir N7, arme: laserI - chance < 0 , exit
 - tir N8, arme: laserI - chance < 0 , exit
 - tir N9, arme: laserI - chance < 0 , exit
 - tir N10, arme: canon à plasmaI - chance < 0 , exit
 - tir N11, arme: canon à plasmaI - chance < 0 , exit
 - tir N12, arme: canon à plasmaI - chance < 0 , exit
 - tir N13, arme: canon à plasmaI - chance < 0 , exit
 - tir N14, arme: canon à plasmaI - chance < 0 , exit
 - tir N15, arme: canon à plasmaI - chance < 0 , exit
 - tir N16, arme: canon à plasmaI - chance < 0 , exit
 - tir N17, arme: canon à plasmaI - chance < 0 , exit
 - tir N18, arme: canon à plasmaI - chance < 0 , exit
 - tir N19, arme: canon à plasmaI - chance < 0 , exit
[F59_0 VS F7_4]  C0 , tir vaisseau N°0/15 (Fregate standard, race: 5) , attP: (x:30|y:1020|z:23) , cible: Chasseur standard, deffP: (x:73|y:1020|z:19), distance: 43
 - tir N0, arme: canon à plasmaI - chance < 0 , exit
 - tir N1, arme: canon à plasmaI - chance < 0 , exit
 - tir N2, arme: canon à plasmaI - chance < 0 , exit
 - tir N3, arme: canon à plasmaI - chance < 0 , exit
 - tir N4, arme: canon à plasmaI - chance < 0 , exit
 - tir N5, arme: canon à plasmaI - chance < 0 , exit
 - tir N6, arme: canon à plasmaI - chance < 0 , exit
 - tir N7, arme: canon à plasmaI - chance < 0 , exit
 - tir N8, arme: canon à plasmaI - chance < 0 , exit
 - tir N9, arme: canon à plasmaI - chance < 0 , exit
[F59_0 VS F7_4]  C0 , tir vaisseau N°0/3 (Grand Bombardier standard, race: 5) , attP: (x:44|y:17|z:8) , cible: Chasseur standard, deffP: (x:73|y:1020|z:19), distance: 1 003
 - pas darmes valides
[F59_0 VS F7_4]  C0 , tir vaisseau N°0/63 (Croiseur standard, race: 5) , attP: (x:27|y:1020|z:20) , cible: Chasseur standard, deffP: (x:73|y:1020|z:19), distance: 46
 - tir N0, arme: canon à plasmaI - chance < 0 , exit
 - tir N1, arme: canon à plasmaI - chance < 0 , exit
 - tir N2, arme: canon à plasmaI - chance < 0 , exit
 - tir N3, arme: canon à plasmaI - chance < 0 , exit
 - tir N4, arme: canon à plasmaI - chance < 0 , exit
 - tir N5, arme: canon à plasmaI - chance < 0 , exit
 - tir N6, arme: canon à plasmaI - chance < 0 , exit
 - tir N7, arme: canon à plasmaI - chance < 0 , exit
 - tir N8, arme: canon à plasmaI - chance < 0 , exit
 - tir N9, arme: canon à plasmaI - chance < 0 , exit
 - tir N10, arme: missileI - chance < 0 , exit
 - tir N11, arme: missileI - chance < 0 , exit
 - tir N12, arme: missileI - chance < 0 , exit
 - tir N13, arme: missileI - chance < 0 , exit
 - tir N14, arme: missileI - chance < 0 , exit
 - tir N15, arme: missileI - chance < 0 , exit
 - tir N16, arme: missileI - chance < 0 , exit
 - tir N17, arme: missileI - chance < 0 , exit
 - tir N18, arme: missileI - chance < 0 , exit
 - tir N19, arme: missileI - chance < 0 , exit
 - tir N20, arme: lance-torpilleI - chance < 0 , exit
 - tir N21, arme: lance-torpilleI - chance < 0 , exit
 - tir N22, arme: lance-torpilleI - chance < 0 , exit
 - tir N23, arme: lance-torpilleI - chance < 0 , exit
 - tir N24, arme: lance-torpilleI - chance < 0 , exit
 - tir N25, arme: lance-torpilleI - chance < 0 , exit
 - tir N26, arme: lance-torpilleI - chance < 0 , exit
 - tir N27, arme: lance-torpilleI - chance < 0 , exit
 - tir N28, arme: lance-torpilleI - chance < 0 , exit
 - tir N29, arme: lance-torpilleI - chance < 0 , exit
[F59_0 VS F7_4]  C0 , tir vaisseau N°0/63 (Croiseur standard, race: 5) , attP: (x:27|y:1020|z:20) , cible: Chasseur standard, deffP: (x:73|y:1020|z:19), distance: 46
 - tir N0, arme: canon à plasmaI - chance < 0 , exit
 - tir N1, arme: canon à plasmaI - chance < 0 , exit
 - tir N2, arme: canon à plasmaI - chance < 0 , exit
 - tir N3, arme: canon à plasmaI - chance < 0 , exit
 - tir N4, arme: canon à plasmaI - chance < 0 , exit
 - tir N5, arme: canon à plasmaI - chance < 0 , exit
 - tir N6, arme: canon à plasmaI - chance < 0 , exit
 - tir N7, arme: canon à plasmaI - chance < 0 , exit
 - tir N8, arme: canon à plasmaI - chance < 0 , exit
 - tir N9, arme: canon à plasmaI - chance < 0 , exit
 - tir N10, arme: missileI - chance < 0 , exit
 - tir N11, arme: missileI - chance < 0 , exit
 - tir N12, arme: missileI - chance < 0 , exit
 - tir N13, arme: missileI - chance < 0 , exit
 - tir N14, arme: missileI - chance < 0 , exit
 - tir N15, arme: missileI - chance < 0 , exit
 - tir N16, arme: missileI - chance < 0 , exit
 - tir N17, arme: missileI - chance < 0 , exit
 - tir N18, arme: missileI - chance < 0 , exit
 - tir N19, arme: missileI - chance < 0 , exit
 - tir N20, arme: lance-torpilleI - chance < 0 , exit
 - tir N21, arme: lance-torpilleI - chance < 0 , exit
 - tir N22, arme: lance-torpilleI - chance < 0 , exit
 - tir N23, arme: lance-torpilleI - chance < 0 , exit
 - tir N24, arme: lance-torpilleI - chance < 0 , exit
 - tir N25, arme: lance-torpilleI - chance < 0 , exit
 - tir N26, arme: lance-torpilleI - chance < 0 , exit
 - tir N27, arme: lance-torpilleI - chance < 0 , exit
 - tir N28, arme: lance-torpilleI - chance < 0 , exit
 - tir N29, arme: lance-torpilleI - chance < 0 , exit
[F59_0 VS F7_4]  C0 , tir vaisseau N°0/7 (Colonisateur, race: 5) , attP: (x:6|y:5|z:70) , cible: Chasseur standard, deffP: (x:73|y:1020|z:19), distance: 1 015
 - pas darmes valides
FIN DE TOUR: F1  0, F2 : 13
TOUR DE COMBAT 9
[F59_0 VS F7_4]  C4 , tir vaisseau N°0/3 (Chasseur standard, race: 4) , attP: (x:22|y:1020|z:7) , cible: Destroyer standard, deffP: (x:36|y:1020|z:11), distance: 14
 - tir N0, arme: laserI - chance < 0 , exit
 - tir N1, arme: laserI - chance < 0 , exit
 - tir N2, arme: laserI - chance < 0 , exit
 - tir N3, arme: laserI - chance < 0 , exit
[F59_0 VS F7_4]  C4 , tir vaisseau N°0/3 (Chasseur standard, race: 4) , attP: (x:37|y:1020|z:87) , cible: Croiseur standard, deffP: (x:36|y:1020|z:11), distance: 76
 - tir N0, arme: laserI - chance < 0 , exit
 - tir N1, arme: laserI - chance < 0 , exit
 - tir N2, arme: laserI - chance < 0 , exit
 - tir N3, arme: laserI - chance < 0 , exit
[F59_0 VS F7_4]  C0 , tir vaisseau N°0/0 (Intercepteur standard, race: 5) , attP: (x:73|y:1020|z:19) , cible: Chasseur standard, deffP: (x:22|y:1020|z:7), distance: 51
 - tir N0, arme: laserI - chance < 0 , exit
[F59_0 VS F7_4]  C0 , tir vaisseau N°0/15 (Fregate standard, race: 5) , attP: (x:36|y:1020|z:35) , cible: Chasseur standard, deffP: (x:37|y:1020|z:87), distance: 52
 - tir N0, arme: canon à plasmaI - chance < 0 , exit
 - tir N1, arme: canon à plasmaI - chance < 0 , exit
 - tir N2, arme: canon à plasmaI - chance < 0 , exit
 - tir N3, arme: canon à plasmaI - chance < 0 , exit
 - tir N4, arme: canon à plasmaI - chance < 0 , exit
 - tir N5, arme: canon à plasmaI - chance < 0 , exit
 - tir N6, arme: canon à plasmaI - chance < 0 , exit
 - tir N7, arme: canon à plasmaI - chance < 0 , exit
 - tir N8, arme: canon à plasmaI - chance < 0 , exit
 - tir N9, arme: canon à plasmaI - chance < 0 , exit
[F59_0 VS F7_4]  C0 , tir vaisseau N°0/25 (Destroyer standard, race: 5) , attP: (x:36|y:1020|z:11) , cible: Chasseur standard, deffP: (x:37|y:1020|z:87), distance: 76
 - tir N0, arme: laserI - chance < 0 , exit
 - tir N1, arme: laserI - chance < 0 , exit
 - tir N2, arme: laserI - chance < 0 , exit
 - tir N3, arme: laserI - chance < 0 , exit
 - tir N4, arme: laserI - chance < 0 , exit
 - tir N5, arme: laserI - chance < 0 , exit
 - tir N6, arme: laserI - chance < 0 , exit
 - tir N7, arme: laserI - chance < 0 , exit
 - tir N8, arme: laserI - chance < 0 , exit
 - tir N9, arme: laserI - chance < 0 , exit
 - tir N10, arme: canon à plasmaI - chance < 0 , exit
 - tir N11, arme: canon à plasmaI - chance < 0 , exit
 - tir N12, arme: canon à plasmaI - chance < 0 , exit
 - tir N13, arme: canon à plasmaI - chance < 0 , exit
 - tir N14, arme: canon à plasmaI - chance < 0 , exit
 - tir N15, arme: canon à plasmaI - chance < 0 , exit
 - tir N16, arme: canon à plasmaI - chance < 0 , exit
 - tir N17, arme: canon à plasmaI - chance < 0 , exit
 - tir N18, arme: canon à plasmaI - chance < 0 , exit
 - tir N19, arme: canon à plasmaI - chance < 0 , exit
[F59_0 VS F7_4]  C0 , tir vaisseau N°0/3 (Torpilleur standard, race: 5) , attP: (x:36|y:1020|z:37) , cible: Chasseur standard, deffP: (x:37|y:1020|z:87), distance: 50
 - tir N0, arme: lance-torpilleI - chance < 0 , exit
 - tir N1, arme: lance-torpilleI - chance < 0 , exit
 - tir N2, arme: lance-torpilleI - chance < 0 , exit
 - tir N3, arme: lance-torpilleI - chance < 0 , exit
[F59_0 VS F7_4]  C0 , tir vaisseau N°0/63 (Croiseur standard, race: 5) , attP: (x:36|y:1020|z:11) , cible: Chasseur standard, deffP: (x:37|y:1020|z:87), distance: 76
 - tir N0, arme: canon à plasmaI - chance < 0 , exit
 - tir N1, arme: canon à plasmaI - chance < 0 , exit
 - tir N2, arme: canon à plasmaI - chance < 0 , exit
 - tir N3, arme: canon à plasmaI - chance < 0 , exit
 - tir N4, arme: canon à plasmaI - chance < 0 , exit
 - tir N5, arme: canon à plasmaI - chance < 0 , exit
 - tir N6, arme: canon à plasmaI - chance < 0 , exit
 - tir N7, arme: canon à plasmaI - chance < 0 , exit
 - tir N8, arme: canon à plasmaI - chance < 0 , exit
 - tir N9, arme: canon à plasmaI - chance < 0 , exit
 - tir N10, arme: missileI - chance < 0 , exit
 - tir N11, arme: missileI - chance < 0 , exit
 - tir N12, arme: missileI - chance < 0 , exit
 - tir N13, arme: missileI - chance < 0 , exit
 - tir N14, arme: missileI - chance < 0 , exit
 - tir N15, arme: missileI - chance < 0 , exit
 - tir N16, arme: missileI - chance < 0 , exit
 - tir N17, arme: missileI - chance < 0 , exit
 - tir N18, arme: missileI - chance < 0 , exit
 - tir N19, arme: missileI - chance < 0 , exit
 - tir N20, arme: lance-torpilleI - chance < 0 , exit
 - tir N21, arme: lance-torpilleI - chance < 0 , exit
 - tir N22, arme: lance-torpilleI - chance < 0 , exit
 - tir N23, arme: lance-torpilleI - chance < 0 , exit
 - tir N24, arme: lance-torpilleI - chance < 0 , exit
 - tir N25, arme: lance-torpilleI - chance < 0 , exit
 - tir N26, arme: lance-torpilleI - chance < 0 , exit
 - tir N27, arme: lance-torpilleI - chance < 0 , exit
 - tir N28, arme: lance-torpilleI - chance < 0 , exit
 - tir N29, arme: lance-torpilleI - chance < 0 , exit
[F59_0 VS F7_4]  C0 , tir vaisseau N°0/63 (Croiseur standard, race: 5) , attP: (x:36|y:1020|z:11) , cible: Chasseur standard, deffP: (x:37|y:1020|z:87), distance: 76
 - tir N0, arme: canon à plasmaI - chance < 0 , exit
 - tir N1, arme: canon à plasmaI - chance < 0 , exit
 - tir N2, arme: canon à plasmaI - chance < 0 , exit
 - tir N3, arme: canon à plasmaI - chance < 0 , exit
 - tir N4, arme: canon à plasmaI - chance < 0 , exit
 - tir N5, arme: canon à plasmaI - chance < 0 , exit
 - tir N6, arme: canon à plasmaI - chance < 0 , exit
 - tir N7, arme: canon à plasmaI - chance < 0 , exit
 - tir N8, arme: canon à plasmaI - chance < 0 , exit
 - tir N9, arme: canon à plasmaI - chance < 0 , exit
 - tir N10, arme: missileI - chance < 0 , exit
 - tir N11, arme: missileI - chance < 0 , exit
 - tir N12, arme: missileI - chance < 0 , exit
 - tir N13, arme: missileI - chance < 0 , exit
 - tir N14, arme: missileI - chance < 0 , exit
 - tir N15, arme: missileI - chance < 0 , exit
 - tir N16, arme: missileI - chance < 0 , exit
 - tir N17, arme: missileI - chance < 0 , exit
 - tir N18, arme: missileI - chance < 0 , exit
 - tir N19, arme: missileI - chance < 0 , exit
 - tir N20, arme: lance-torpilleI - chance < 0 , exit
 - tir N21, arme: lance-torpilleI - chance < 0 , exit
 - tir N22, arme: lance-torpilleI - chance < 0 , exit
 - tir N23, arme: lance-torpilleI - chance < 0 , exit
 - tir N24, arme: lance-torpilleI - chance < 0 , exit
 - tir N25, arme: lance-torpilleI - chance < 0 , exit
 - tir N26, arme: lance-torpilleI - chance < 0 , exit
 - tir N27, arme: lance-torpilleI - chance < 0 , exit
 - tir N28, arme: lance-torpilleI - chance < 0 , exit
 - tir N29, arme: lance-torpilleI - chance < 0 , exit
[F59_0 VS F7_4]  C0 , tir vaisseau N°0/3 (Grand Bombardier standard, race: 5) , attP: (x:33|y:29|z:4) , cible: Chasseur standard, deffP: (x:22|y:1020|z:7), distance: 991
 - pas darmes valides
[F59_0 VS F7_4]  C0 , tir vaisseau N°0/7 (Colonisateur, race: 5) , attP: (x:12|y:16|z:59) , cible: Chasseur standard, deffP: (x:22|y:1020|z:7), distance: 1 004
 - pas darmes valides
FIN DE TOUR: F1  0, F2 : 13
RESOLUTION COMBAT [F59_0 VS F8_4] 
TOUR DE COMBAT 1
[F59_0 VS F8_4]  C4 , tir vaisseau N°0/3 (Chasseur standard, race: 4) , attP: (x:89|y:1020|z:80) , cible: Croiseur standard, deffP: (x:14|y:13|z:0), distance: 1 007
 - tir N0, arme: laserI - chance < 0 , exit
 - tir N1, arme: laserI - chance < 0 , exit
 - tir N2, arme: laserI - chance < 0 , exit
 - tir N3, arme: laserI - chance < 0 , exit
[F59_0 VS F8_4]  C4 , tir vaisseau N°0/3 (Chasseur standard, race: 4) , attP: (x:89|y:1020|z:6) , cible: Fregate standard, deffP: (x:16|y:1020|z:50), distance: 73
 - tir N0, arme: laserI - chance < 0 , exit
 - tir N1, arme: laserI - chance < 0 , exit
 - tir N2, arme: laserI - chance < 0 , exit
 - tir N3, arme: laserI - chance < 0 , exit
[F59_0 VS F8_4]  C0 , tir vaisseau N°0/0 (Intercepteur standard, race: 5) , attP: (x:19|y:1020|z:50) , cible: Grand Bombardier standard, deffP: (x:19|y:1020|z:50), distance: 0
 - tir N0, arme: laserI => chance 50(5),  hit, degat (1)
[F59_0 VS F8_4]  C0 , tir vaisseau N°0/15 (Fregate standard, race: 5) , attP: (x:16|y:1020|z:50) , cible: Grand Bombardier standard, deffP: (x:19|y:1020|z:50), distance: 3
 - tir N0, arme: canon à plasmaI => chance 31(4),  hit, degat (1)
 - tir N0, arme: canon à plasmaI => chance 31(4),  miss
 - tir N0, arme: canon à plasmaI => chance 31(4),  miss
 - tir N0, arme: canon à plasmaI => chance 31(4),  miss
 - tir N0, arme: canon à plasmaI => chance 31(4),  miss
 - tir N0, arme: canon à plasmaI => chance 31(4),  miss
 - tir N0, arme: canon à plasmaI => chance 31(4),  hit, degat (1)
 - tir N0, arme: canon à plasmaI => chance 31(4),  hit, degat (1)
 - tir N0, arme: canon à plasmaI => chance 31(4),  miss
 - tir N0, arme: canon à plasmaI => chance 31(4),  miss
[F59_0 VS F8_4]  C0 , tir vaisseau N°0/3 (Torpilleur standard, race: 5) , attP: (x:19|y:1020|z:50) , cible: Grand Bombardier standard, deffP: (x:19|y:1020|z:50), distance: 0
 - tir N0, arme: lance-torpilleI => chance 6(4),  miss
 - tir N0, arme: lance-torpilleI => chance 6(4),  miss
 - tir N0, arme: lance-torpilleI => chance 6(4),  miss
 - tir N0, arme: lance-torpilleI => chance 6(4),  miss
[F59_0 VS F8_4]  C0 , tir vaisseau N°0/25 (Destroyer standard, race: 5) , attP: (x:19|y:1020|z:50) , cible: Grand Bombardier standard, deffP: (x:19|y:1020|z:50), distance: 0
 - tir N0, arme: laserI => chance 49(4),  hit, degat (1)
 - tir N0, arme: laserI => chance 49(4),  miss
 - tir N0, arme: laserI => chance 49(4),  hit, degat (1)
 - tir N0, arme: laserI => chance 49(4),  miss
 - tir N0, arme: laserI => chance 49(4),  miss
 - tir N0, arme: laserI => chance 49(4),  miss
 - tir N0, arme: laserI => chance 49(4),  miss
 - tir N0, arme: laserI => chance 49(4),  hit, degat (1)
 - tir N0, arme: laserI => chance 49(4),  miss
 - tir N0, arme: laserI => chance 49(4),  hit, degat (1), cible detruire
[F59_0 VS F8_4]  C4 , tir vaisseau N°0/3 (Grand Bombardier standard, race: 4) , attP: (x:19|y:1020|z:50) 
[F59_0 VS F8_4]  C0 , tir vaisseau N°0/63 (Croiseur standard, race: 5) , attP: (x:9|y:28|z:4) 
[F59_0 VS F8_4]  C0 , tir vaisseau N°0/3 (Grand Bombardier standard, race: 5) , attP: (x:-4|y:16|z:24) 
[F59_0 VS F8_4]  C4 , tir vaisseau N°0/3 (Bombardier standard, race: 4) , attP: (x:40|y:1020|z:16) , cible: Croiseur standard, deffP: (x:14|y:13|z:0), distance: 1 007
 - pas darmes valides
[F59_0 VS F8_4]  C0 , tir vaisseau N°0/63 (Croiseur standard, race: 5) , attP: (x:14|y:13|z:0) 
[F59_0 VS F8_4]  C0 , tir vaisseau N°0/7 (Colonisateur, race: 5) , attP: (x:32|y:12|z:1) 
FIN DE TOUR: F1  0, F2 : 8
TOUR DE COMBAT 2
[F59_0 VS F8_4]  C4 , tir vaisseau N°0/3 (Chasseur standard, race: 4) , attP: (x:57|y:1020|z:18) , cible: Croiseur standard, deffP: (x:40|y:1020|z:13), distance: 17
 - tir N0, arme: laserI - chance < 0 , exit
 - tir N1, arme: laserI - chance < 0 , exit
 - tir N2, arme: laserI - chance < 0 , exit
 - tir N3, arme: laserI - chance < 0 , exit
[F59_0 VS F8_4]  C4 , tir vaisseau N°0/3 (Chasseur standard, race: 4) , attP: (x:61|y:1020|z:68) , cible: Croiseur standard, deffP: (x:40|y:1020|z:13), distance: 55
 - tir N0, arme: laserI - chance < 0 , exit
 - tir N1, arme: laserI - chance < 0 , exit
 - tir N2, arme: laserI - chance < 0 , exit
 - tir N3, arme: laserI - chance < 0 , exit
[F59_0 VS F8_4]  C0 , tir vaisseau N°0/15 (Fregate standard, race: 5) , attP: (x:12|y:1020|z:38) , cible: Bombardier standard, deffP: (x:12|y:1020|z:76), distance: 38
 - tir N0, arme: canon à plasmaI - chance < 0 , exit
 - tir N1, arme: canon à plasmaI - chance < 0 , exit
 - tir N2, arme: canon à plasmaI - chance < 0 , exit
 - tir N3, arme: canon à plasmaI - chance < 0 , exit
 - tir N4, arme: canon à plasmaI - chance < 0 , exit
 - tir N5, arme: canon à plasmaI - chance < 0 , exit
 - tir N6, arme: canon à plasmaI - chance < 0 , exit
 - tir N7, arme: canon à plasmaI - chance < 0 , exit
 - tir N8, arme: canon à plasmaI - chance < 0 , exit
 - tir N9, arme: canon à plasmaI - chance < 0 , exit
[F59_0 VS F8_4]  C0 , tir vaisseau N°0/0 (Intercepteur standard, race: 5) , attP: (x:12|y:1020|z:76) , cible: Bombardier standard, deffP: (x:12|y:1020|z:76), distance: 0
 - tir N0, arme: laserI => chance 49(4),  miss
[F59_0 VS F8_4]  C0 , tir vaisseau N°0/25 (Destroyer standard, race: 5) , attP: (x:12|y:1020|z:39) , cible: Bombardier standard, deffP: (x:12|y:1020|z:76), distance: 37
 - tir N0, arme: laserI - chance < 0 , exit
 - tir N1, arme: laserI - chance < 0 , exit
 - tir N2, arme: laserI - chance < 0 , exit
 - tir N3, arme: laserI - chance < 0 , exit
 - tir N4, arme: laserI - chance < 0 , exit
 - tir N5, arme: laserI - chance < 0 , exit
 - tir N6, arme: laserI - chance < 0 , exit
 - tir N7, arme: laserI - chance < 0 , exit
 - tir N8, arme: laserI - chance < 0 , exit
 - tir N9, arme: laserI - chance < 0 , exit
 - tir N10, arme: canon à plasmaI - chance < 0 , exit
 - tir N11, arme: canon à plasmaI - chance < 0 , exit
 - tir N12, arme: canon à plasmaI - chance < 0 , exit
 - tir N13, arme: canon à plasmaI - chance < 0 , exit
 - tir N14, arme: canon à plasmaI - chance < 0 , exit
 - tir N15, arme: canon à plasmaI - chance < 0 , exit
 - tir N16, arme: canon à plasmaI - chance < 0 , exit
 - tir N17, arme: canon à plasmaI - chance < 0 , exit
 - tir N18, arme: canon à plasmaI - chance < 0 , exit
 - tir N19, arme: canon à plasmaI - chance < 0 , exit
[F59_0 VS F8_4]  C4 , tir vaisseau N°0/3 (Bombardier standard, race: 4) , attP: (x:12|y:1020|z:76) , cible: Colonisateur, deffP: (x:3|y:23|z:12), distance: 997
 - pas darmes valides
[F59_0 VS F8_4]  C0 , tir vaisseau N°0/3 (Torpilleur standard, race: 5) , attP: (x:5|y:1020|z:16) , cible: Bombardier standard, deffP: (x:12|y:1020|z:76), distance: 60
 - tir N0, arme: lance-torpilleI - chance < 0 , exit
 - tir N1, arme: lance-torpilleI - chance < 0 , exit
 - tir N2, arme: lance-torpilleI - chance < 0 , exit
 - tir N3, arme: lance-torpilleI - chance < 0 , exit
[F59_0 VS F8_4]  C0 , tir vaisseau N°0/7 (Colonisateur, race: 5) , attP: (x:3|y:23|z:12) , cible: Bombardier standard, deffP: (x:12|y:1020|z:76), distance: 997
 - pas darmes valides
[F59_0 VS F8_4]  C0 , tir vaisseau N°0/63 (Croiseur standard, race: 5) , attP: (x:5|y:1020|z:9) , cible: Bombardier standard, deffP: (x:12|y:1020|z:76), distance: 67
 - tir N0, arme: canon à plasmaI - chance < 0 , exit
 - tir N1, arme: canon à plasmaI - chance < 0 , exit
 - tir N2, arme: canon à plasmaI - chance < 0 , exit
 - tir N3, arme: canon à plasmaI - chance < 0 , exit
 - tir N4, arme: canon à plasmaI - chance < 0 , exit
 - tir N5, arme: canon à plasmaI - chance < 0 , exit
 - tir N6, arme: canon à plasmaI - chance < 0 , exit
 - tir N7, arme: canon à plasmaI - chance < 0 , exit
 - tir N8, arme: canon à plasmaI - chance < 0 , exit
 - tir N9, arme: canon à plasmaI - chance < 0 , exit
 - tir N10, arme: missileI - chance < 0 , exit
 - tir N11, arme: missileI - chance < 0 , exit
 - tir N12, arme: missileI - chance < 0 , exit
 - tir N13, arme: missileI - chance < 0 , exit
 - tir N14, arme: missileI - chance < 0 , exit
 - tir N15, arme: missileI - chance < 0 , exit
 - tir N16, arme: missileI - chance < 0 , exit
 - tir N17, arme: missileI - chance < 0 , exit
 - tir N18, arme: missileI - chance < 0 , exit
 - tir N19, arme: missileI - chance < 0 , exit
 - tir N20, arme: lance-torpilleI - chance < 0 , exit
 - tir N21, arme: lance-torpilleI - chance < 0 , exit
 - tir N22, arme: lance-torpilleI - chance < 0 , exit
 - tir N23, arme: lance-torpilleI - chance < 0 , exit
 - tir N24, arme: lance-torpilleI - chance < 0 , exit
 - tir N25, arme: lance-torpilleI - chance < 0 , exit
 - tir N26, arme: lance-torpilleI - chance < 0 , exit
 - tir N27, arme: lance-torpilleI - chance < 0 , exit
 - tir N28, arme: lance-torpilleI - chance < 0 , exit
 - tir N29, arme: lance-torpilleI - chance < 0 , exit
[F59_0 VS F8_4]  C0 , tir vaisseau N°0/3 (Grand Bombardier standard, race: 5) , attP: (x:39|y:28|z:36) , cible: Bombardier standard, deffP: (x:12|y:1020|z:76), distance: 992
 - pas darmes valides
[F59_0 VS F8_4]  C0 , tir vaisseau N°0/63 (Croiseur standard, race: 5) , attP: (x:40|y:1020|z:13) , cible: Bombardier standard, deffP: (x:12|y:1020|z:76), distance: 63
 - tir N0, arme: canon à plasmaI - chance < 0 , exit
 - tir N1, arme: canon à plasmaI - chance < 0 , exit
 - tir N2, arme: canon à plasmaI - chance < 0 , exit
 - tir N3, arme: canon à plasmaI - chance < 0 , exit
 - tir N4, arme: canon à plasmaI - chance < 0 , exit
 - tir N5, arme: canon à plasmaI - chance < 0 , exit
 - tir N6, arme: canon à plasmaI - chance < 0 , exit
 - tir N7, arme: canon à plasmaI - chance < 0 , exit
 - tir N8, arme: canon à plasmaI - chance < 0 , exit
 - tir N9, arme: canon à plasmaI - chance < 0 , exit
 - tir N10, arme: missileI - chance < 0 , exit
 - tir N11, arme: missileI - chance < 0 , exit
 - tir N12, arme: missileI - chance < 0 , exit
 - tir N13, arme: missileI - chance < 0 , exit
 - tir N14, arme: missileI - chance < 0 , exit
 - tir N15, arme: missileI - chance < 0 , exit
 - tir N16, arme: missileI - chance < 0 , exit
 - tir N17, arme: missileI - chance < 0 , exit
 - tir N18, arme: missileI - chance < 0 , exit
 - tir N19, arme: missileI - chance < 0 , exit
 - tir N20, arme: lance-torpilleI - chance < 0 , exit
 - tir N21, arme: lance-torpilleI - chance < 0 , exit
 - tir N22, arme: lance-torpilleI - chance < 0 , exit
 - tir N23, arme: lance-torpilleI - chance < 0 , exit
 - tir N24, arme: lance-torpilleI - chance < 0 , exit
 - tir N25, arme: lance-torpilleI - chance < 0 , exit
 - tir N26, arme: lance-torpilleI - chance < 0 , exit
 - tir N27, arme: lance-torpilleI - chance < 0 , exit
 - tir N28, arme: lance-torpilleI - chance < 0 , exit
 - tir N29, arme: lance-torpilleI - chance < 0 , exit
FIN DE TOUR: F1  0, F2 : 8
TOUR DE COMBAT 3
[F59_0 VS F8_4]  C4 , tir vaisseau N°0/3 (Chasseur standard, race: 4) , attP: (x:29|y:1020|z:13) , cible: Fregate standard, deffP: (x:24|y:1020|z:32), distance: 19
 - tir N0, arme: laserI - chance < 0 , exit
 - tir N1, arme: laserI - chance < 0 , exit
 - tir N2, arme: laserI - chance < 0 , exit
 - tir N3, arme: laserI - chance < 0 , exit
[F59_0 VS F8_4]  C0 , tir vaisseau N°0/0 (Intercepteur standard, race: 5) , attP: (x:24|y:1020|z:32) , cible: Bombardier standard, deffP: (x:24|y:1020|z:32), distance: 0
 - tir N0, arme: laserI => chance 49(4),  miss
[F59_0 VS F8_4]  C4 , tir vaisseau N°0/3 (Chasseur standard, race: 4) , attP: (x:91|y:1020|z:40) , cible: Croiseur standard, deffP: (x:49|y:1020|z:18), distance: 42
 - tir N0, arme: laserI - chance < 0 , exit
 - tir N1, arme: laserI - chance < 0 , exit
 - tir N2, arme: laserI - chance < 0 , exit
 - tir N3, arme: laserI - chance < 0 , exit
[F59_0 VS F8_4]  C0 , tir vaisseau N°0/15 (Fregate standard, race: 5) , attP: (x:24|y:1020|z:32) , cible: Bombardier standard, deffP: (x:24|y:1020|z:32), distance: 0
 - tir N0, arme: canon à plasmaI => chance 39(4),  hit, degat (1)
 - tir N0, arme: canon à plasmaI => chance 39(4),  miss
 - tir N0, arme: canon à plasmaI => chance 39(4),  hit, degat (1)
 - tir N0, arme: canon à plasmaI => chance 39(4),  hit, degat (1)
 - tir N0, arme: canon à plasmaI => chance 39(4),  hit, degat (1)
 - tir N0, arme: canon à plasmaI => chance 39(4),  miss
 - tir N0, arme: canon à plasmaI => chance 39(4),  hit, degat (1), cible detruire
[F59_0 VS F8_4]  C0 , tir vaisseau N°0/25 (Destroyer standard, race: 5) , attP: (x:23|y:1020|z:32) 
[F59_0 VS F8_4]  C0 , tir vaisseau N°0/3 (Torpilleur standard, race: 5) , attP: (x:57|y:1020|z:18) , cible: Chasseur standard, deffP: (x:29|y:1020|z:13), distance: 28
 - tir N0, arme: lance-torpilleI - chance < 0 , exit
 - tir N1, arme: lance-torpilleI - chance < 0 , exit
 - tir N2, arme: lance-torpilleI - chance < 0 , exit
 - tir N3, arme: lance-torpilleI - chance < 0 , exit
[F59_0 VS F8_4]  C0 , tir vaisseau N°0/63 (Croiseur standard, race: 5) , attP: (x:57|y:1020|z:18) , cible: Chasseur standard, deffP: (x:29|y:1020|z:13), distance: 28
 - tir N0, arme: canon à plasmaI - chance < 0 , exit
 - tir N1, arme: canon à plasmaI - chance < 0 , exit
 - tir N2, arme: canon à plasmaI - chance < 0 , exit
 - tir N3, arme: canon à plasmaI - chance < 0 , exit
 - tir N4, arme: canon à plasmaI - chance < 0 , exit
 - tir N5, arme: canon à plasmaI - chance < 0 , exit
 - tir N6, arme: canon à plasmaI - chance < 0 , exit
 - tir N7, arme: canon à plasmaI - chance < 0 , exit
 - tir N8, arme: canon à plasmaI - chance < 0 , exit
 - tir N9, arme: canon à plasmaI - chance < 0 , exit
 - tir N10, arme: missileI - chance < 0 , exit
 - tir N11, arme: missileI - chance < 0 , exit
 - tir N12, arme: missileI - chance < 0 , exit
 - tir N13, arme: missileI - chance < 0 , exit
 - tir N14, arme: missileI - chance < 0 , exit
 - tir N15, arme: missileI - chance < 0 , exit
 - tir N16, arme: missileI - chance < 0 , exit
 - tir N17, arme: missileI - chance < 0 , exit
 - tir N18, arme: missileI - chance < 0 , exit
 - tir N19, arme: missileI - chance < 0 , exit
 - tir N20, arme: lance-torpilleI - chance < 0 , exit
 - tir N21, arme: lance-torpilleI - chance < 0 , exit
 - tir N22, arme: lance-torpilleI - chance < 0 , exit
 - tir N23, arme: lance-torpilleI - chance < 0 , exit
 - tir N24, arme: lance-torpilleI - chance < 0 , exit
 - tir N25, arme: lance-torpilleI - chance < 0 , exit
 - tir N26, arme: lance-torpilleI - chance < 0 , exit
 - tir N27, arme: lance-torpilleI - chance < 0 , exit
 - tir N28, arme: lance-torpilleI - chance < 0 , exit
 - tir N29, arme: lance-torpilleI - chance < 0 , exit
[F59_0 VS F8_4]  C4 , tir vaisseau N°0/3 (Bombardier standard, race: 4) , attP: (x:24|y:1020|z:32) 
[F59_0 VS F8_4]  C0 , tir vaisseau N°0/63 (Croiseur standard, race: 5) , attP: (x:49|y:1020|z:18) , cible: Chasseur standard, deffP: (x:29|y:1020|z:13), distance: 20
 - tir N0, arme: canon à plasmaI - chance < 0 , exit
 - tir N1, arme: canon à plasmaI - chance < 0 , exit
 - tir N2, arme: canon à plasmaI - chance < 0 , exit
 - tir N3, arme: canon à plasmaI - chance < 0 , exit
 - tir N4, arme: canon à plasmaI - chance < 0 , exit
 - tir N5, arme: canon à plasmaI - chance < 0 , exit
 - tir N6, arme: canon à plasmaI - chance < 0 , exit
 - tir N7, arme: canon à plasmaI - chance < 0 , exit
 - tir N8, arme: canon à plasmaI - chance < 0 , exit
 - tir N9, arme: canon à plasmaI - chance < 0 , exit
 - tir N10, arme: missileI - chance < 0 , exit
 - tir N11, arme: missileI - chance < 0 , exit
 - tir N12, arme: missileI - chance < 0 , exit
 - tir N13, arme: missileI - chance < 0 , exit
 - tir N14, arme: missileI - chance < 0 , exit
 - tir N15, arme: missileI - chance < 0 , exit
 - tir N16, arme: missileI - chance < 0 , exit
 - tir N17, arme: missileI - chance < 0 , exit
 - tir N18, arme: missileI - chance < 0 , exit
 - tir N19, arme: missileI - chance < 0 , exit
 - tir N20, arme: lance-torpilleI - chance < 0 , exit
 - tir N21, arme: lance-torpilleI - chance < 0 , exit
 - tir N22, arme: lance-torpilleI - chance < 0 , exit
 - tir N23, arme: lance-torpilleI - chance < 0 , exit
 - tir N24, arme: lance-torpilleI - chance < 0 , exit
 - tir N25, arme: lance-torpilleI - chance < 0 , exit
 - tir N26, arme: lance-torpilleI - chance < 0 , exit
 - tir N27, arme: lance-torpilleI - chance < 0 , exit
 - tir N28, arme: lance-torpilleI - chance < 0 , exit
 - tir N29, arme: lance-torpilleI - chance < 0 , exit
[F59_0 VS F8_4]  C0 , tir vaisseau N°0/7 (Colonisateur, race: 5) , attP: (x:59|y:34|z:11) 
[F59_0 VS F8_4]  C0 , tir vaisseau N°0/3 (Grand Bombardier standard, race: 5) , attP: (x:11|y:40|z:8) 
FIN DE TOUR: F1  0, F2 : 13
TOUR DE COMBAT 4
[F59_0 VS F8_4]  C4 , tir vaisseau N°0/3 (Chasseur standard, race: 4) , attP: (x:1|y:1020|z:25) , cible: Torpilleur standard, deffP: (x:29|y:1020|z:13), distance: 28
 - tir N0, arme: laserI - chance < 0 , exit
 - tir N1, arme: laserI - chance < 0 , exit
 - tir N2, arme: laserI - chance < 0 , exit
 - tir N3, arme: laserI - chance < 0 , exit
[F59_0 VS F8_4]  C4 , tir vaisseau N°0/3 (Chasseur standard, race: 4) , attP: (x:63|y:1020|z:95) , cible: Croiseur standard, deffP: (x:26|y:1020|z:13), distance: 82
 - tir N0, arme: laserI - chance < 0 , exit
 - tir N1, arme: laserI - chance < 0 , exit
 - tir N2, arme: laserI - chance < 0 , exit
 - tir N3, arme: laserI - chance < 0 , exit
[F59_0 VS F8_4]  C0 , tir vaisseau N°0/0 (Intercepteur standard, race: 5) , attP: (x:29|y:1020|z:17) , cible: Chasseur standard, deffP: (x:1|y:1020|z:25), distance: 28
 - tir N0, arme: laserI - chance < 0 , exit
[F59_0 VS F8_4]  C0 , tir vaisseau N°0/15 (Fregate standard, race: 5) , attP: (x:29|y:1020|z:20) , cible: Chasseur standard, deffP: (x:1|y:1020|z:25), distance: 28
 - tir N0, arme: canon à plasmaI - chance < 0 , exit
 - tir N1, arme: canon à plasmaI - chance < 0 , exit
 - tir N2, arme: canon à plasmaI - chance < 0 , exit
 - tir N3, arme: canon à plasmaI - chance < 0 , exit
 - tir N4, arme: canon à plasmaI - chance < 0 , exit
 - tir N5, arme: canon à plasmaI - chance < 0 , exit
 - tir N6, arme: canon à plasmaI - chance < 0 , exit
 - tir N7, arme: canon à plasmaI - chance < 0 , exit
 - tir N8, arme: canon à plasmaI - chance < 0 , exit
 - tir N9, arme: canon à plasmaI - chance < 0 , exit
[F59_0 VS F8_4]  C0 , tir vaisseau N°0/25 (Destroyer standard, race: 5) , attP: (x:29|y:1020|z:21) , cible: Chasseur standard, deffP: (x:1|y:1020|z:25), distance: 28
 - tir N0, arme: laserI - chance < 0 , exit
 - tir N1, arme: laserI - chance < 0 , exit
 - tir N2, arme: laserI - chance < 0 , exit
 - tir N3, arme: laserI - chance < 0 , exit
 - tir N4, arme: laserI - chance < 0 , exit
 - tir N5, arme: laserI - chance < 0 , exit
 - tir N6, arme: laserI - chance < 0 , exit
 - tir N7, arme: laserI - chance < 0 , exit
 - tir N8, arme: laserI - chance < 0 , exit
 - tir N9, arme: laserI - chance < 0 , exit
 - tir N10, arme: canon à plasmaI - chance < 0 , exit
 - tir N11, arme: canon à plasmaI - chance < 0 , exit
 - tir N12, arme: canon à plasmaI - chance < 0 , exit
 - tir N13, arme: canon à plasmaI - chance < 0 , exit
 - tir N14, arme: canon à plasmaI - chance < 0 , exit
 - tir N15, arme: canon à plasmaI - chance < 0 , exit
 - tir N16, arme: canon à plasmaI - chance < 0 , exit
 - tir N17, arme: canon à plasmaI - chance < 0 , exit
 - tir N18, arme: canon à plasmaI - chance < 0 , exit
 - tir N19, arme: canon à plasmaI - chance < 0 , exit
[F59_0 VS F8_4]  C0 , tir vaisseau N°0/3 (Torpilleur standard, race: 5) , attP: (x:29|y:1020|z:13) , cible: Chasseur standard, deffP: (x:1|y:1020|z:25), distance: 28
 - tir N0, arme: lance-torpilleI - chance < 0 , exit
 - tir N1, arme: lance-torpilleI - chance < 0 , exit
 - tir N2, arme: lance-torpilleI - chance < 0 , exit
 - tir N3, arme: lance-torpilleI - chance < 0 , exit
[F59_0 VS F8_4]  C0 , tir vaisseau N°0/63 (Croiseur standard, race: 5) , attP: (x:18|y:1020|z:13) , cible: Chasseur standard, deffP: (x:1|y:1020|z:25), distance: 17
 - tir N0, arme: canon à plasmaI - chance < 0 , exit
 - tir N1, arme: canon à plasmaI - chance < 0 , exit
 - tir N2, arme: canon à plasmaI - chance < 0 , exit
 - tir N3, arme: canon à plasmaI - chance < 0 , exit
 - tir N4, arme: canon à plasmaI - chance < 0 , exit
 - tir N5, arme: canon à plasmaI - chance < 0 , exit
 - tir N6, arme: canon à plasmaI - chance < 0 , exit
 - tir N7, arme: canon à plasmaI - chance < 0 , exit
 - tir N8, arme: canon à plasmaI - chance < 0 , exit
 - tir N9, arme: canon à plasmaI - chance < 0 , exit
 - tir N10, arme: missileI - chance < 0 , exit
 - tir N11, arme: missileI - chance < 0 , exit
 - tir N12, arme: missileI - chance < 0 , exit
 - tir N13, arme: missileI - chance < 0 , exit
 - tir N14, arme: missileI - chance < 0 , exit
 - tir N15, arme: missileI - chance < 0 , exit
 - tir N16, arme: missileI - chance < 0 , exit
 - tir N17, arme: missileI - chance < 0 , exit
 - tir N18, arme: missileI - chance < 0 , exit
 - tir N19, arme: missileI - chance < 0 , exit
 - tir N20, arme: lance-torpilleI - chance < 0 , exit
 - tir N21, arme: lance-torpilleI - chance < 0 , exit
 - tir N22, arme: lance-torpilleI - chance < 0 , exit
 - tir N23, arme: lance-torpilleI - chance < 0 , exit
 - tir N24, arme: lance-torpilleI - chance < 0 , exit
 - tir N25, arme: lance-torpilleI - chance < 0 , exit
 - tir N26, arme: lance-torpilleI - chance < 0 , exit
 - tir N27, arme: lance-torpilleI - chance < 0 , exit
 - tir N28, arme: lance-torpilleI - chance < 0 , exit
 - tir N29, arme: lance-torpilleI - chance < 0 , exit
[F59_0 VS F8_4]  C0 , tir vaisseau N°0/63 (Croiseur standard, race: 5) , attP: (x:26|y:1020|z:13) , cible: Chasseur standard, deffP: (x:1|y:1020|z:25), distance: 25
 - tir N0, arme: canon à plasmaI - chance < 0 , exit
 - tir N1, arme: canon à plasmaI - chance < 0 , exit
 - tir N2, arme: canon à plasmaI - chance < 0 , exit
 - tir N3, arme: canon à plasmaI - chance < 0 , exit
 - tir N4, arme: canon à plasmaI - chance < 0 , exit
 - tir N5, arme: canon à plasmaI - chance < 0 , exit
 - tir N6, arme: canon à plasmaI - chance < 0 , exit
 - tir N7, arme: canon à plasmaI - chance < 0 , exit
 - tir N8, arme: canon à plasmaI - chance < 0 , exit
 - tir N9, arme: canon à plasmaI - chance < 0 , exit
 - tir N10, arme: missileI - chance < 0 , exit
 - tir N11, arme: missileI - chance < 0 , exit
 - tir N12, arme: missileI - chance < 0 , exit
 - tir N13, arme: missileI - chance < 0 , exit
 - tir N14, arme: missileI - chance < 0 , exit
 - tir N15, arme: missileI - chance < 0 , exit
 - tir N16, arme: missileI - chance < 0 , exit
 - tir N17, arme: missileI - chance < 0 , exit
 - tir N18, arme: missileI - chance < 0 , exit
 - tir N19, arme: missileI - chance < 0 , exit
 - tir N20, arme: lance-torpilleI - chance < 0 , exit
 - tir N21, arme: lance-torpilleI - chance < 0 , exit
 - tir N22, arme: lance-torpilleI - chance < 0 , exit
 - tir N23, arme: lance-torpilleI - chance < 0 , exit
 - tir N24, arme: lance-torpilleI - chance < 0 , exit
 - tir N25, arme: lance-torpilleI - chance < 0 , exit
 - tir N26, arme: lance-torpilleI - chance < 0 , exit
 - tir N27, arme: lance-torpilleI - chance < 0 , exit
 - tir N28, arme: lance-torpilleI - chance < 0 , exit
 - tir N29, arme: lance-torpilleI - chance < 0 , exit
[F59_0 VS F8_4]  C0 , tir vaisseau N°0/3 (Grand Bombardier standard, race: 5) , attP: (x:-1|y:12|z:20) , cible: Chasseur standard, deffP: (x:1|y:1020|z:25), distance: 1 008
 - pas darmes valides
[F59_0 VS F8_4]  C0 , tir vaisseau N°0/7 (Colonisateur, race: 5) , attP: (x:30|y:5|z:54) , cible: Chasseur standard, deffP: (x:1|y:1020|z:25), distance: 1 015
 - pas darmes valides
FIN DE TOUR: F1  0, F2 : 13
TOUR DE COMBAT 5
[F59_0 VS F8_4]  C0 , tir vaisseau N°0/0 (Intercepteur standard, race: 5) , attP: (x:14|y:1020|z:2) , cible: Chasseur standard, deffP: (x:13|y:1020|z:37), distance: 35
 - tir N0, arme: laserI - chance < 0 , exit
[F59_0 VS F8_4]  C0 , tir vaisseau N°0/25 (Destroyer standard, race: 5) , attP: (x:18|y:1020|z:32) , cible: Chasseur standard, deffP: (x:13|y:1020|z:37), distance: 5
 - tir N0, arme: laserI => chance 24(5),  miss
 - tir N0, arme: laserI => chance 24(5),  miss
 - tir N0, arme: laserI => chance 24(5),  hit, degat (1)
 - tir N0, arme: laserI => chance 23(4),  miss
 - tir N0, arme: laserI => chance 23(4),  hit, degat (1)
 - tir N0, arme: laserI => chance 23(4),  miss
 - tir N0, arme: laserI => chance 23(4),  miss
 - tir N0, arme: laserI => chance 23(4),  hit, degat (1)
 - tir N0, arme: laserI => chance 23(4),  miss
 - tir N0, arme: laserI => chance 23(4),  miss
 - tir N0, arme: canon à plasmaI => chance 26(4),  hit, degat (1)
 - tir N0, arme: canon à plasmaI => chance 26(4),  miss
 - tir N0, arme: canon à plasmaI => chance 26(4),  miss
 - tir N0, arme: canon à plasmaI => chance 26(4),  miss
 - tir N0, arme: canon à plasmaI => chance 26(4),  miss
 - tir N0, arme: canon à plasmaI => chance 26(4),  miss
 - tir N0, arme: canon à plasmaI => chance 26(4),  miss
 - tir N0, arme: canon à plasmaI => chance 26(4),  miss
 - tir N0, arme: canon à plasmaI => chance 26(4),  miss
 - tir N0, arme: canon à plasmaI => chance 26(4),  miss
[F59_0 VS F8_4]  C0 , tir vaisseau N°0/15 (Fregate standard, race: 5) , attP: (x:17|y:1020|z:32) , cible: Chasseur standard, deffP: (x:13|y:1020|z:37), distance: 5
 - tir N0, arme: canon à plasmaI => chance 26(4),  miss
 - tir N0, arme: canon à plasmaI => chance 26(4),  miss
 - tir N0, arme: canon à plasmaI => chance 26(4),  miss
 - tir N0, arme: canon à plasmaI => chance 26(4),  miss
 - tir N0, arme: canon à plasmaI => chance 26(4),  hit, degat (1), cible detruire
[F59_0 VS F8_4]  C4 , tir vaisseau N°0/3 (Chasseur standard, race: 4) , attP: (x:13|y:1020|z:37) 
[F59_0 VS F8_4]  C4 , tir vaisseau N°0/3 (Chasseur standard, race: 4) , attP: (x:35|y:1020|z:67) , cible: Croiseur standard, deffP: (x:9|y:1020|z:22), distance: 45
 - tir N0, arme: laserI - chance < 0 , exit
 - tir N1, arme: laserI - chance < 0 , exit
 - tir N2, arme: laserI - chance < 0 , exit
 - tir N3, arme: laserI - chance < 0 , exit
[F59_0 VS F8_4]  C0 , tir vaisseau N°0/3 (Torpilleur standard, race: 5) , attP: (x:1|y:1020|z:25) 
[F59_0 VS F8_4]  C0 , tir vaisseau N°0/3 (Grand Bombardier standard, race: 5) , attP: (x:74|y:24|z:93) 
[F59_0 VS F8_4]  C0 , tir vaisseau N°0/63 (Croiseur standard, race: 5) , attP: (x:35|y:1020|z:22) 
[F59_0 VS F8_4]  C0 , tir vaisseau N°0/63 (Croiseur standard, race: 5) , attP: (x:9|y:1020|z:22) 
[F59_0 VS F8_4]  C0 , tir vaisseau N°0/7 (Colonisateur, race: 5) , attP: (x:1|y:16|z:62) 
FIN DE TOUR: F1  0, F2 : 18
TOUR DE COMBAT 6
[F59_0 VS F8_4]  C4 , tir vaisseau N°0/3 (Chasseur standard, race: 4) , attP: (x:23|y:1020|z:39) , cible: Fregate standard, deffP: (x:29|y:1020|z:67), distance: 28
 - tir N0, arme: laserI - chance < 0 , exit
 - tir N1, arme: laserI - chance < 0 , exit
 - tir N2, arme: laserI - chance < 0 , exit
 - tir N3, arme: laserI - chance < 0 , exit
[F59_0 VS F8_4]  C0 , tir vaisseau N°0/0 (Intercepteur standard, race: 5) , attP: (x:39|y:1020|z:67) , cible: Chasseur standard, deffP: (x:23|y:1020|z:39), distance: 28
 - tir N0, arme: laserI - chance < 0 , exit
[F59_0 VS F8_4]  C0 , tir vaisseau N°0/25 (Destroyer standard, race: 5) , attP: (x:29|y:1020|z:67) , cible: Chasseur standard, deffP: (x:23|y:1020|z:39), distance: 28
 - tir N0, arme: laserI - chance < 0 , exit
 - tir N1, arme: laserI - chance < 0 , exit
 - tir N2, arme: laserI - chance < 0 , exit
 - tir N3, arme: laserI - chance < 0 , exit
 - tir N4, arme: laserI - chance < 0 , exit
 - tir N5, arme: laserI - chance < 0 , exit
 - tir N6, arme: laserI - chance < 0 , exit
 - tir N7, arme: laserI - chance < 0 , exit
 - tir N8, arme: laserI - chance < 0 , exit
 - tir N9, arme: laserI - chance < 0 , exit
 - tir N10, arme: canon à plasmaI - chance < 0 , exit
 - tir N11, arme: canon à plasmaI - chance < 0 , exit
 - tir N12, arme: canon à plasmaI - chance < 0 , exit
 - tir N13, arme: canon à plasmaI - chance < 0 , exit
 - tir N14, arme: canon à plasmaI - chance < 0 , exit
 - tir N15, arme: canon à plasmaI - chance < 0 , exit
 - tir N16, arme: canon à plasmaI - chance < 0 , exit
 - tir N17, arme: canon à plasmaI - chance < 0 , exit
 - tir N18, arme: canon à plasmaI - chance < 0 , exit
 - tir N19, arme: canon à plasmaI - chance < 0 , exit
[F59_0 VS F8_4]  C0 , tir vaisseau N°0/3 (Torpilleur standard, race: 5) , attP: (x:35|y:1020|z:67) , cible: Chasseur standard, deffP: (x:23|y:1020|z:39), distance: 28
 - tir N0, arme: lance-torpilleI - chance < 0 , exit
 - tir N1, arme: lance-torpilleI - chance < 0 , exit
 - tir N2, arme: lance-torpilleI - chance < 0 , exit
 - tir N3, arme: lance-torpilleI - chance < 0 , exit
[F59_0 VS F8_4]  C0 , tir vaisseau N°0/63 (Croiseur standard, race: 5) , attP: (x:35|y:1020|z:67) , cible: Chasseur standard, deffP: (x:23|y:1020|z:39), distance: 28
 - tir N0, arme: canon à plasmaI - chance < 0 , exit
 - tir N1, arme: canon à plasmaI - chance < 0 , exit
 - tir N2, arme: canon à plasmaI - chance < 0 , exit
 - tir N3, arme: canon à plasmaI - chance < 0 , exit
 - tir N4, arme: canon à plasmaI - chance < 0 , exit
 - tir N5, arme: canon à plasmaI - chance < 0 , exit
 - tir N6, arme: canon à plasmaI - chance < 0 , exit
 - tir N7, arme: canon à plasmaI - chance < 0 , exit
 - tir N8, arme: canon à plasmaI - chance < 0 , exit
 - tir N9, arme: canon à plasmaI - chance < 0 , exit
 - tir N10, arme: missileI - chance < 0 , exit
 - tir N11, arme: missileI - chance < 0 , exit
 - tir N12, arme: missileI - chance < 0 , exit
 - tir N13, arme: missileI - chance < 0 , exit
 - tir N14, arme: missileI - chance < 0 , exit
 - tir N15, arme: missileI - chance < 0 , exit
 - tir N16, arme: missileI - chance < 0 , exit
 - tir N17, arme: missileI - chance < 0 , exit
 - tir N18, arme: missileI - chance < 0 , exit
 - tir N19, arme: missileI - chance < 0 , exit
 - tir N20, arme: lance-torpilleI - chance < 0 , exit
 - tir N21, arme: lance-torpilleI - chance < 0 , exit
 - tir N22, arme: lance-torpilleI - chance < 0 , exit
 - tir N23, arme: lance-torpilleI - chance < 0 , exit
 - tir N24, arme: lance-torpilleI - chance < 0 , exit
 - tir N25, arme: lance-torpilleI - chance < 0 , exit
 - tir N26, arme: lance-torpilleI - chance < 0 , exit
 - tir N27, arme: lance-torpilleI - chance < 0 , exit
 - tir N28, arme: lance-torpilleI - chance < 0 , exit
 - tir N29, arme: lance-torpilleI - chance < 0 , exit
[F59_0 VS F8_4]  C0 , tir vaisseau N°0/15 (Fregate standard, race: 5) , attP: (x:29|y:1020|z:67) , cible: Chasseur standard, deffP: (x:23|y:1020|z:39), distance: 28
 - tir N0, arme: canon à plasmaI - chance < 0 , exit
 - tir N1, arme: canon à plasmaI - chance < 0 , exit
 - tir N2, arme: canon à plasmaI - chance < 0 , exit
 - tir N3, arme: canon à plasmaI - chance < 0 , exit
 - tir N4, arme: canon à plasmaI - chance < 0 , exit
 - tir N5, arme: canon à plasmaI - chance < 0 , exit
 - tir N6, arme: canon à plasmaI - chance < 0 , exit
 - tir N7, arme: canon à plasmaI - chance < 0 , exit
 - tir N8, arme: canon à plasmaI - chance < 0 , exit
 - tir N9, arme: canon à plasmaI - chance < 0 , exit
[F59_0 VS F8_4]  C0 , tir vaisseau N°0/3 (Grand Bombardier standard, race: 5) , attP: (x:86|y:36|z:65) , cible: Chasseur standard, deffP: (x:23|y:1020|z:39), distance: 984
 - pas darmes valides
[F59_0 VS F8_4]  C0 , tir vaisseau N°0/7 (Colonisateur, race: 5) , attP: (x:30|y:27|z:33) , cible: Chasseur standard, deffP: (x:23|y:1020|z:39), distance: 993
 - pas darmes valides
[F59_0 VS F8_4]  C0 , tir vaisseau N°0/63 (Croiseur standard, race: 5) , attP: (x:40|y:1020|z:67) , cible: Chasseur standard, deffP: (x:23|y:1020|z:39), distance: 28
 - tir N0, arme: canon à plasmaI - chance < 0 , exit
 - tir N1, arme: canon à plasmaI - chance < 0 , exit
 - tir N2, arme: canon à plasmaI - chance < 0 , exit
 - tir N3, arme: canon à plasmaI - chance < 0 , exit
 - tir N4, arme: canon à plasmaI - chance < 0 , exit
 - tir N5, arme: canon à plasmaI - chance < 0 , exit
 - tir N6, arme: canon à plasmaI - chance < 0 , exit
 - tir N7, arme: canon à plasmaI - chance < 0 , exit
 - tir N8, arme: canon à plasmaI - chance < 0 , exit
 - tir N9, arme: canon à plasmaI - chance < 0 , exit
 - tir N10, arme: missileI - chance < 0 , exit
 - tir N11, arme: missileI - chance < 0 , exit
 - tir N12, arme: missileI - chance < 0 , exit
 - tir N13, arme: missileI - chance < 0 , exit
 - tir N14, arme: missileI - chance < 0 , exit
 - tir N15, arme: missileI - chance < 0 , exit
 - tir N16, arme: missileI - chance < 0 , exit
 - tir N17, arme: missileI - chance < 0 , exit
 - tir N18, arme: missileI - chance < 0 , exit
 - tir N19, arme: missileI - chance < 0 , exit
 - tir N20, arme: lance-torpilleI - chance < 0 , exit
 - tir N21, arme: lance-torpilleI - chance < 0 , exit
 - tir N22, arme: lance-torpilleI - chance < 0 , exit
 - tir N23, arme: lance-torpilleI - chance < 0 , exit
 - tir N24, arme: lance-torpilleI - chance < 0 , exit
 - tir N25, arme: lance-torpilleI - chance < 0 , exit
 - tir N26, arme: lance-torpilleI - chance < 0 , exit
 - tir N27, arme: lance-torpilleI - chance < 0 , exit
 - tir N28, arme: lance-torpilleI - chance < 0 , exit
 - tir N29, arme: lance-torpilleI - chance < 0 , exit
FIN DE TOUR: F1  0, F2 : 18
TOUR DE COMBAT 7
[F59_0 VS F8_4]  C4 , tir vaisseau N°0/3 (Chasseur standard, race: 4) , attP: (x:35|y:1020|z:48) , cible: Croiseur standard, deffP: (x:31|y:1020|z:36), distance: 12
 - tir N0, arme: laserI - chance < 0 , exit
 - tir N1, arme: laserI - chance < 0 , exit
 - tir N2, arme: laserI - chance < 0 , exit
 - tir N3, arme: laserI - chance < 0 , exit
[F59_0 VS F8_4]  C0 , tir vaisseau N°0/25 (Destroyer standard, race: 5) , attP: (x:23|y:1020|z:38) , cible: Chasseur standard, deffP: (x:35|y:1020|z:48), distance: 12
 - tir N0, arme: laserI - chance < 0 , exit
 - tir N1, arme: laserI - chance < 0 , exit
 - tir N2, arme: laserI - chance < 0 , exit
 - tir N3, arme: laserI - chance < 0 , exit
 - tir N4, arme: laserI - chance < 0 , exit
 - tir N5, arme: laserI - chance < 0 , exit
 - tir N6, arme: laserI - chance < 0 , exit
 - tir N7, arme: laserI - chance < 0 , exit
 - tir N8, arme: laserI - chance < 0 , exit
 - tir N9, arme: laserI - chance < 0 , exit
 - tir N10, arme: canon à plasmaI - chance < 0 , exit
 - tir N11, arme: canon à plasmaI - chance < 0 , exit
 - tir N12, arme: canon à plasmaI - chance < 0 , exit
 - tir N13, arme: canon à plasmaI - chance < 0 , exit
 - tir N14, arme: canon à plasmaI - chance < 0 , exit
 - tir N15, arme: canon à plasmaI - chance < 0 , exit
 - tir N16, arme: canon à plasmaI - chance < 0 , exit
 - tir N17, arme: canon à plasmaI - chance < 0 , exit
 - tir N18, arme: canon à plasmaI - chance < 0 , exit
 - tir N19, arme: canon à plasmaI - chance < 0 , exit
[F59_0 VS F8_4]  C0 , tir vaisseau N°0/0 (Intercepteur standard, race: 5) , attP: (x:24|y:1020|z:39) , cible: Chasseur standard, deffP: (x:35|y:1020|z:48), distance: 11
 - tir N0, arme: laserI - chance < 0 , exit
[F59_0 VS F8_4]  C0 , tir vaisseau N°0/15 (Fregate standard, race: 5) , attP: (x:23|y:1020|z:39) , cible: Chasseur standard, deffP: (x:35|y:1020|z:48), distance: 12
 - tir N0, arme: canon à plasmaI - chance < 0 , exit
 - tir N1, arme: canon à plasmaI - chance < 0 , exit
 - tir N2, arme: canon à plasmaI - chance < 0 , exit
 - tir N3, arme: canon à plasmaI - chance < 0 , exit
 - tir N4, arme: canon à plasmaI - chance < 0 , exit
 - tir N5, arme: canon à plasmaI - chance < 0 , exit
 - tir N6, arme: canon à plasmaI - chance < 0 , exit
 - tir N7, arme: canon à plasmaI - chance < 0 , exit
 - tir N8, arme: canon à plasmaI - chance < 0 , exit
 - tir N9, arme: canon à plasmaI - chance < 0 , exit
[F59_0 VS F8_4]  C0 , tir vaisseau N°0/3 (Torpilleur standard, race: 5) , attP: (x:23|y:1020|z:39) , cible: Chasseur standard, deffP: (x:35|y:1020|z:48), distance: 12
 - tir N0, arme: lance-torpilleI - chance < 0 , exit
 - tir N1, arme: lance-torpilleI - chance < 0 , exit
 - tir N2, arme: lance-torpilleI - chance < 0 , exit
 - tir N3, arme: lance-torpilleI - chance < 0 , exit
[F59_0 VS F8_4]  C0 , tir vaisseau N°0/3 (Grand Bombardier standard, race: 5) , attP: (x:47|y:8|z:96) , cible: Chasseur standard, deffP: (x:35|y:1020|z:48), distance: 1 012
 - pas darmes valides
[F59_0 VS F8_4]  C0 , tir vaisseau N°0/7 (Colonisateur, race: 5) , attP: (x:36|y:38|z:4) , cible: Chasseur standard, deffP: (x:35|y:1020|z:48), distance: 982
 - pas darmes valides
[F59_0 VS F8_4]  C0 , tir vaisseau N°0/63 (Croiseur standard, race: 5) , attP: (x:26|y:1020|z:36) , cible: Chasseur standard, deffP: (x:35|y:1020|z:48), distance: 12
 - tir N0, arme: canon à plasmaI - chance < 0 , exit
 - tir N1, arme: canon à plasmaI - chance < 0 , exit
 - tir N2, arme: canon à plasmaI - chance < 0 , exit
 - tir N3, arme: canon à plasmaI - chance < 0 , exit
 - tir N4, arme: canon à plasmaI - chance < 0 , exit
 - tir N5, arme: canon à plasmaI - chance < 0 , exit
 - tir N6, arme: canon à plasmaI - chance < 0 , exit
 - tir N7, arme: canon à plasmaI - chance < 0 , exit
 - tir N8, arme: canon à plasmaI - chance < 0 , exit
 - tir N9, arme: canon à plasmaI - chance < 0 , exit
 - tir N10, arme: missileI => chance 13(4),  miss
 - tir N10, arme: missileI => chance 13(4),  miss
 - tir N10, arme: missileI => chance 13(4),  miss
 - tir N10, arme: missileI => chance 13(4),  miss
 - tir N10, arme: missileI => chance 13(4),  miss
 - tir N10, arme: missileI => chance 13(4),  miss
 - tir N10, arme: missileI => chance 13(4),  miss
 - tir N10, arme: missileI => chance 13(4),  miss
 - tir N10, arme: missileI => chance 13(4),  miss
 - tir N10, arme: missileI => chance 13(4),  miss
 - tir N10, arme: lance-torpilleI - chance < 0 , exit
 - tir N11, arme: lance-torpilleI - chance < 0 , exit
 - tir N12, arme: lance-torpilleI - chance < 0 , exit
 - tir N13, arme: lance-torpilleI - chance < 0 , exit
 - tir N14, arme: lance-torpilleI - chance < 0 , exit
 - tir N15, arme: lance-torpilleI - chance < 0 , exit
 - tir N16, arme: lance-torpilleI - chance < 0 , exit
 - tir N17, arme: lance-torpilleI - chance < 0 , exit
 - tir N18, arme: lance-torpilleI - chance < 0 , exit
 - tir N19, arme: lance-torpilleI - chance < 0 , exit
[F59_0 VS F8_4]  C0 , tir vaisseau N°0/63 (Croiseur standard, race: 5) , attP: (x:31|y:1020|z:36) , cible: Chasseur standard, deffP: (x:35|y:1020|z:48), distance: 12
 - tir N0, arme: canon à plasmaI - chance < 0 , exit
 - tir N1, arme: canon à plasmaI - chance < 0 , exit
 - tir N2, arme: canon à plasmaI - chance < 0 , exit
 - tir N3, arme: canon à plasmaI - chance < 0 , exit
 - tir N4, arme: canon à plasmaI - chance < 0 , exit
 - tir N5, arme: canon à plasmaI - chance < 0 , exit
 - tir N6, arme: canon à plasmaI - chance < 0 , exit
 - tir N7, arme: canon à plasmaI - chance < 0 , exit
 - tir N8, arme: canon à plasmaI - chance < 0 , exit
 - tir N9, arme: canon à plasmaI - chance < 0 , exit
 - tir N10, arme: missileI => chance 13(4),  hit, degat (1)
 - tir N10, arme: missileI => chance 13(4),  miss
 - tir N10, arme: missileI => chance 13(4),  miss
 - tir N10, arme: missileI => chance 13(4),  hit, degat (1)
 - tir N10, arme: missileI => chance 13(4),  miss
 - tir N10, arme: missileI => chance 13(4),  miss
 - tir N10, arme: missileI => chance 13(4),  miss
 - tir N10, arme: missileI => chance 13(4),  miss
 - tir N10, arme: missileI => chance 13(4),  hit, degat (1)
 - tir N10, arme: missileI => chance 13(4),  miss
 - tir N10, arme: lance-torpilleI - chance < 0 , exit
 - tir N11, arme: lance-torpilleI - chance < 0 , exit
 - tir N12, arme: lance-torpilleI - chance < 0 , exit
 - tir N13, arme: lance-torpilleI - chance < 0 , exit
 - tir N14, arme: lance-torpilleI - chance < 0 , exit
 - tir N15, arme: lance-torpilleI - chance < 0 , exit
 - tir N16, arme: lance-torpilleI - chance < 0 , exit
 - tir N17, arme: lance-torpilleI - chance < 0 , exit
 - tir N18, arme: lance-torpilleI - chance < 0 , exit
 - tir N19, arme: lance-torpilleI - chance < 0 , exit
FIN DE TOUR: F1  0, F2 : 21
TOUR DE COMBAT 8
[F59_0 VS F8_4]  C0 , tir vaisseau N°0/0 (Intercepteur standard, race: 5) , attP: (x:35|y:1020|z:48) , cible: Chasseur standard, deffP: (x:35|y:1020|z:48), distance: 0
 - tir N0, arme: laserI => chance 49(4),  miss
[F59_0 VS F8_4]  C0 , tir vaisseau N°0/25 (Destroyer standard, race: 5) , attP: (x:34|y:1020|z:48) , cible: Chasseur standard, deffP: (x:35|y:1020|z:48), distance: 1
 - tir N0, arme: laserI => chance 44(4),  miss
 - tir N0, arme: laserI => chance 44(4),  miss
 - tir N0, arme: laserI => chance 44(4),  miss
 - tir N0, arme: laserI => chance 44(4),  hit, degat (1)
 - tir N0, arme: laserI => chance 44(4),  hit, degat (1), cible detruire
[F59_0 VS F8_4]  C0 , tir vaisseau N°0/15 (Fregate standard, race: 5) , attP: (x:35|y:1020|z:48) 
[F59_0 VS F8_4]  C0 , tir vaisseau N°0/7 (Colonisateur, race: 5) , attP: (x:-5|y:9|z:15) 
[F59_0 VS F8_4]  C0 , tir vaisseau N°0/3 (Torpilleur standard, race: 5) , attP: (x:23|y:1020|z:39) pas de cible
[F59_0 VS F8_4]  C0 , tir vaisseau N°0/3 (Grand Bombardier standard, race: 5) , attP: (x:37|y:20|z:68) 
[F59_0 VS F8_4]  C0 , tir vaisseau N°0/63 (Croiseur standard, race: 5) , attP: (x:35|y:1020|z:45) 
[F59_0 VS F8_4]  C0 , tir vaisseau N°0/63 (Croiseur standard, race: 5) , attP: (x:35|y:1020|z:45) 
[F59_0 VS F8_4]  C4 , tir vaisseau N°0/3 (Chasseur standard, race: 4) , attP: (x:35|y:1020|z:48) 
FIN DE TOUR: F1  0, F2 : 23
RESOLUTION COMBAT [F5_4 VS F59_0] 
TOUR DE COMBAT 1
[F5_4 VS F59_0]  C4 , tir vaisseau N°0/0 (Intercepteur standard, race: 4) , attP: (x:12|y:14|z:3) , cible: Croiseur standard, deffP: (x:12|y:14|z:3), distance: 0
 - tir N0, arme: laserI => chance 25(10),  miss
[F5_4 VS F59_0]  C4 , tir vaisseau N°0/0 (Intercepteur standard, race: 4) , attP: (x:12|y:14|z:3) , cible: Croiseur standard, deffP: (x:12|y:14|z:3), distance: 0
 - tir N0, arme: laserI => chance 25(10),  miss
[F5_4 VS F59_0]  C4 , tir vaisseau N°0/0 (Intercepteur standard, race: 4) , attP: (x:12|y:13|z:3) , cible: Croiseur standard, deffP: (x:12|y:14|z:3), distance: 1
 - tir N0, arme: laserI => chance 23(10),  miss
[F5_4 VS F59_0]  C4 , tir vaisseau N°0/25 (Destroyer standard, race: 4) , attP: (x:30|y:39|z:-3) , cible: Croiseur standard, deffP: (x:30|y:33|z:-3), distance: 6
 - tir N0, arme: laserI => chance 14(10),  miss
 - tir N0, arme: laserI => chance 14(10),  miss
 - tir N0, arme: laserI => chance 14(10),  miss
 - tir N0, arme: laserI => chance 14(10),  miss
 - tir N0, arme: laserI => chance 14(10),  miss
 - tir N0, arme: laserI => chance 14(10),  miss
 - tir N0, arme: laserI => chance 14(10),  miss
 - tir N0, arme: laserI => chance 14(10),  miss
 - tir N0, arme: laserI => chance 14(10),  miss
 - tir N0, arme: laserI => chance 14(10),  miss
 - tir N0, arme: canon à plasmaI => chance 34(10),  miss
 - tir N0, arme: canon à plasmaI => chance 34(10),  hit, shielded (1)
 - tir N0, arme: canon à plasmaI => chance 34(10),  miss
 - tir N0, arme: canon à plasmaI => chance 34(10),  hit, shielded (1)
 - tir N0, arme: canon à plasmaI => chance 34(10),  miss
 - tir N0, arme: canon à plasmaI => chance 34(10),  miss
 - tir N0, arme: canon à plasmaI => chance 34(10),  miss
 - tir N0, arme: canon à plasmaI => chance 34(10),  miss
 - tir N0, arme: canon à plasmaI => chance 34(10),  hit, shielded (1)
 - tir N0, arme: canon à plasmaI => chance 34(10),  hit, shielded (1)
[F5_4 VS F59_0]  C4 , tir vaisseau N°0/15 (Fregate standard, race: 4) , attP: (x:12|y:14|z:3) , cible: Croiseur standard, deffP: (x:12|y:14|z:3), distance: 0
 - tir N0, arme: canon à plasmaI => chance 55(10),  miss
 - tir N0, arme: canon à plasmaI => chance 55(10),  hit, shielded (1)
 - tir N0, arme: canon à plasmaI => chance 55(10),  hit, shielded (1)
 - tir N0, arme: canon à plasmaI => chance 55(10),  hit, shielded (1)
 - tir N0, arme: canon à plasmaI => chance 55(10),  miss
 - tir N0, arme: canon à plasmaI => chance 55(10),  miss
 - tir N0, arme: canon à plasmaI => chance 55(10),  miss
 - tir N0, arme: canon à plasmaI => chance 55(10),  hit, shielded (1)
 - tir N0, arme: canon à plasmaI => chance 55(10),  miss
 - tir N0, arme: canon à plasmaI => chance 55(10),  miss
[F5_4 VS F59_0]  C0 , tir vaisseau N°0/15 (Fregate standard, race: 5) , attP: (x:12|y:14|z:3) , cible: Destroyer standard, deffP: (x:12|y:14|z:3), distance: 0
 - tir N0, arme: canon à plasmaI => chance 55(5),  hit, shielded (1)
 - tir N0, arme: canon à plasmaI => chance 55(5),  hit, shielded (1)
 - tir N0, arme: canon à plasmaI => chance 55(5),  miss
 - tir N0, arme: canon à plasmaI => chance 55(5),  miss
 - tir N0, arme: canon à plasmaI => chance 55(5),  miss
 - tir N0, arme: canon à plasmaI => chance 55(5),  miss
 - tir N0, arme: canon à plasmaI => chance 55(5),  miss
 - tir N0, arme: canon à plasmaI => chance 55(5),  hit, shielded (1)
 - tir N0, arme: canon à plasmaI => chance 55(5),  hit, shielded (1)
 - tir N0, arme: canon à plasmaI => chance 55(5),  hit, shielded (1)
[F5_4 VS F59_0]  C4 , tir vaisseau N°0/3 (Torpilleur standard, race: 4) , attP: (x:12|y:10|z:-8) , cible: Destroyer standard, deffP: (x:12|y:10|z:-8), distance: 0
 - tir N0, arme: lance-torpilleI => chance 25(10),  miss
 - tir N0, arme: lance-torpilleI => chance 25(10),  hit, shielded (1)
 - tir N0, arme: lance-torpilleI => chance 25(10),  miss
 - tir N0, arme: lance-torpilleI => chance 25(10),  hit, shielded (1)
[F5_4 VS F59_0]  C0 , tir vaisseau N°0/0 (Intercepteur standard, race: 5) , attP: (x:18|y:21|z:3) , cible: Torpilleur standard, deffP: (x:18|y:21|z:3), distance: 0
 - tir N0, arme: laserI => chance 50(5),  miss
[F5_4 VS F59_0]  C4 , tir vaisseau N°0/3 (Torpilleur standard, race: 4) , attP: (x:12|y:10|z:-8) , cible: Destroyer standard, deffP: (x:12|y:10|z:-8), distance: 0
 - tir N0, arme: lance-torpilleI => chance 25(10),  miss
 - tir N0, arme: lance-torpilleI => chance 25(10),  hit, shielded (1)
 - tir N0, arme: lance-torpilleI => chance 25(10),  miss
 - tir N0, arme: lance-torpilleI => chance 25(10),  miss
[F5_4 VS F59_0]  C4 , tir vaisseau N°0/15 (Fregate standard, race: 4) , attP: (x:12|y:14|z:3) , cible: Croiseur standard, deffP: (x:12|y:14|z:3), distance: 0
 - tir N0, arme: canon à plasmaI => chance 55(10),  hit, shielded (1)
 - tir N0, arme: canon à plasmaI => chance 55(10),  hit, shielded (1)
 - tir N0, arme: canon à plasmaI => chance 55(10),  miss
 - tir N0, arme: canon à plasmaI => chance 55(10),  hit, shielded (1)
 - tir N0, arme: canon à plasmaI => chance 55(10),  hit, shielded (1)
 - tir N0, arme: canon à plasmaI => chance 55(10),  miss
 - tir N0, arme: canon à plasmaI => chance 55(10),  hit, shielded (1)
 - tir N0, arme: canon à plasmaI => chance 55(10),  miss
 - tir N0, arme: canon à plasmaI => chance 55(10),  hit, shielded (1)
 - tir N0, arme: canon à plasmaI => chance 55(10),  hit, shielded (1)
[F5_4 VS F59_0]  C4 , tir vaisseau N°0/25 (Destroyer standard, race: 4) , attP: (x:12|y:14|z:3) , cible: Croiseur standard, deffP: (x:12|y:14|z:3), distance: 0
 - tir N0, arme: laserI => chance 25(10),  hit, shielded (2)
 - tir N0, arme: laserI => chance 25(10),  miss
 - tir N0, arme: laserI => chance 25(10),  hit, shielded (2)
 - tir N0, arme: laserI => chance 25(10),  miss
 - tir N0, arme: laserI => chance 25(10),  miss
 - tir N0, arme: laserI => chance 25(10),  miss
 - tir N0, arme: laserI => chance 25(10),  miss
 - tir N0, arme: laserI => chance 25(10),  miss
 - tir N0, arme: laserI => chance 25(10),  hit, shielded (2)
 - tir N0, arme: laserI => chance 25(10),  miss
 - tir N0, arme: canon à plasmaI => chance 55(10),  miss
 - tir N0, arme: canon à plasmaI => chance 55(10),  hit, shielded (1)
 - tir N0, arme: canon à plasmaI => chance 55(10),  hit, shielded (1)
 - tir N0, arme: canon à plasmaI => chance 55(10),  hit, shielded (1)
 - tir N0, arme: canon à plasmaI => chance 55(10),  miss
 - tir N0, arme: canon à plasmaI => chance 55(10),  miss
 - tir N0, arme: canon à plasmaI => chance 55(10),  hit, shielded (1)
 - tir N0, arme: canon à plasmaI => chance 55(10),  hit, degat (1)
 - tir N0, arme: canon à plasmaI => chance 55(10),  hit, degat (1)
 - tir N0, arme: canon à plasmaI => chance 55(10),  hit, degat (1)
[F5_4 VS F59_0]  C0 , tir vaisseau N°0/25 (Destroyer standard, race: 5) , attP: (x:12|y:10|z:-8) , cible: Fregate standard, deffP: (x:12|y:14|z:3), distance: 11
 - tir N0, arme: laserI - chance < 0 , exit
 - tir N1, arme: laserI - chance < 0 , exit
 - tir N2, arme: laserI - chance < 0 , exit
 - tir N3, arme: laserI - chance < 0 , exit
 - tir N4, arme: laserI - chance < 0 , exit
 - tir N5, arme: laserI - chance < 0 , exit
 - tir N6, arme: laserI - chance < 0 , exit
 - tir N7, arme: laserI - chance < 0 , exit
 - tir N8, arme: laserI - chance < 0 , exit
 - tir N9, arme: laserI - chance < 0 , exit
 - tir N10, arme: canon à plasmaI => chance 13(5),  miss
 - tir N10, arme: canon à plasmaI => chance 13(5),  miss
 - tir N10, arme: canon à plasmaI => chance 13(5),  miss
 - tir N10, arme: canon à plasmaI => chance 13(5),  miss
 - tir N10, arme: canon à plasmaI => chance 13(5),  miss
 - tir N10, arme: canon à plasmaI => chance 13(5),  miss
 - tir N10, arme: canon à plasmaI => chance 13(5),  miss
 - tir N10, arme: canon à plasmaI => chance 13(5),  miss
 - tir N10, arme: canon à plasmaI => chance 13(5),  miss
 - tir N10, arme: canon à plasmaI => chance 13(5),  hit, shielded (1)
[F5_4 VS F59_0]  C4 , tir vaisseau N°0/3 (Torpilleur standard, race: 4) , attP: (x:18|y:21|z:3) , cible: Fregate standard, deffP: (x:12|y:14|z:3), distance: 7
 - tir N0, arme: lance-torpilleI => chance 16(10),  miss
 - tir N0, arme: lance-torpilleI => chance 16(10),  miss
 - tir N0, arme: lance-torpilleI => chance 16(10),  miss
 - tir N0, arme: lance-torpilleI => chance 16(10),  miss
[F5_4 VS F59_0]  C4 , tir vaisseau N°0/3 (Torpilleur standard, race: 4) , attP: (x:17|y:14|z:3) , cible: Croiseur standard, deffP: (x:12|y:14|z:3), distance: 5
 - tir N0, arme: lance-torpilleI => chance 25(10),  miss
 - tir N0, arme: lance-torpilleI => chance 25(10),  miss
 - tir N0, arme: lance-torpilleI => chance 25(10),  miss
 - tir N0, arme: lance-torpilleI => chance 25(10),  miss
[F5_4 VS F59_0]  C4 , tir vaisseau N°0/25 (Destroyer standard, race: 4) , attP: (x:30|y:34|z:-3) , cible: Croiseur standard, deffP: (x:30|y:33|z:-3), distance: 1
 - tir N0, arme: laserI => chance 23(10),  miss
 - tir N0, arme: laserI => chance 23(10),  miss
 - tir N0, arme: laserI => chance 23(10),  miss
 - tir N0, arme: laserI => chance 23(10),  hit, shielded (2)
 - tir N0, arme: laserI => chance 23(10),  miss
 - tir N0, arme: laserI => chance 23(10),  miss
 - tir N0, arme: laserI => chance 23(10),  miss
 - tir N0, arme: laserI => chance 23(10),  miss
 - tir N0, arme: laserI => chance 23(10),  miss
 - tir N0, arme: laserI => chance 23(10),  miss
 - tir N0, arme: canon à plasmaI => chance 51(10),  hit, shielded (1)
 - tir N0, arme: canon à plasmaI => chance 51(10),  miss
 - tir N0, arme: canon à plasmaI => chance 51(10),  miss
 - tir N0, arme: canon à plasmaI => chance 51(10),  hit, shielded (1)
 - tir N0, arme: canon à plasmaI => chance 51(10),  hit, shielded (1)
 - tir N0, arme: canon à plasmaI => chance 51(10),  miss
 - tir N0, arme: canon à plasmaI => chance 51(10),  hit, shielded (1)
 - tir N0, arme: canon à plasmaI => chance 51(10),  hit, shielded (1)
 - tir N0, arme: canon à plasmaI => chance 51(10),  miss
 - tir N0, arme: canon à plasmaI => chance 51(10),  miss
[F5_4 VS F59_0]  C4 , tir vaisseau N°0/15 (Fregate standard, race: 4) , attP: (x:21|y:1020|z:46) , cible: Colonisateur, deffP: (x:21|y:1020|z:46), distance: 0
 - tir N0, arme: canon à plasmaI => chance 50(10),  miss
 - tir N0, arme: canon à plasmaI => chance 50(10),  miss
 - tir N0, arme: canon à plasmaI => chance 50(10),  miss
 - tir N0, arme: canon à plasmaI => chance 50(10),  hit, degat (1)
 - tir N0, arme: canon à plasmaI => chance 50(10),  miss
 - tir N0, arme: canon à plasmaI => chance 50(10),  miss
 - tir N0, arme: canon à plasmaI => chance 50(10),  hit, degat (1)
 - tir N0, arme: canon à plasmaI => chance 50(10),  miss
 - tir N0, arme: canon à plasmaI => chance 50(10),  miss
 - tir N0, arme: canon à plasmaI => chance 50(10),  hit, degat (1)
[F5_4 VS F59_0]  C0 , tir vaisseau N°0/63 (Croiseur standard, race: 5) , attP: (x:30|y:33|z:-3) , cible: Croiseur standard, deffP: (x:27|y:33|z:-4), distance: 3
 - tir N0, arme: canon à plasmaI => chance 40(5),  hit, shielded (1)
 - tir N0, arme: canon à plasmaI => chance 40(5),  miss
 - tir N0, arme: canon à plasmaI => chance 40(5),  miss
 - tir N0, arme: canon à plasmaI => chance 40(5),  miss
 - tir N0, arme: canon à plasmaI => chance 40(5),  hit, shielded (1)
 - tir N0, arme: canon à plasmaI => chance 40(5),  hit, shielded (1)
 - tir N0, arme: canon à plasmaI => chance 40(5),  miss
 - tir N0, arme: canon à plasmaI => chance 40(5),  miss
 - tir N0, arme: canon à plasmaI => chance 40(5),  miss
 - tir N0, arme: canon à plasmaI => chance 40(5),  miss
 - tir N0, arme: missileI => chance 37(5),  miss
 - tir N0, arme: missileI => chance 37(5),  miss
 - tir N0, arme: missileI => chance 37(5),  miss
 - tir N0, arme: missileI => chance 37(5),  hit, shielded (0)
 - tir N0, arme: missileI => chance 37(5),  hit, shielded (0)
 - tir N0, arme: missileI => chance 37(5),  miss
 - tir N0, arme: missileI => chance 37(5),  miss
 - tir N0, arme: missileI => chance 37(5),  miss
 - tir N0, arme: missileI => chance 37(5),  hit, shielded (0)
 - tir N0, arme: missileI => chance 37(5),  hit, shielded (0)
 - tir N0, arme: lance-torpilleI => chance 22(5),  miss
 - tir N0, arme: lance-torpilleI => chance 22(5),  miss
 - tir N0, arme: lance-torpilleI => chance 22(5),  miss
 - tir N0, arme: lance-torpilleI => chance 22(5),  miss
 - tir N0, arme: lance-torpilleI => chance 22(5),  hit, shielded (1)
 - tir N0, arme: lance-torpilleI => chance 22(5),  miss
 - tir N0, arme: lance-torpilleI => chance 22(5),  miss
 - tir N0, arme: lance-torpilleI => chance 22(5),  miss
 - tir N0, arme: lance-torpilleI => chance 22(5),  miss
 - tir N0, arme: lance-torpilleI => chance 22(5),  miss
[F5_4 VS F59_0]  C0 , tir vaisseau N°0/63 (Croiseur standard, race: 5) , attP: (x:12|y:14|z:3) , cible: Destroyer standard, deffP: (x:12|y:14|z:3), distance: 0
 - tir N0, arme: canon à plasmaI => chance 55(5),  miss
 - tir N0, arme: canon à plasmaI => chance 55(5),  hit, shielded (1)
 - tir N0, arme: canon à plasmaI => chance 55(5),  hit, shielded (1)
 - tir N0, arme: canon à plasmaI => chance 55(5),  hit, shielded (1)
 - tir N0, arme: canon à plasmaI => chance 55(5),  hit, shielded (1)
 - tir N0, arme: canon à plasmaI => chance 55(5),  miss
 - tir N0, arme: canon à plasmaI => chance 55(5),  miss
 - tir N0, arme: canon à plasmaI => chance 55(5),  miss
 - tir N0, arme: canon à plasmaI => chance 55(5),  miss
 - tir N0, arme: canon à plasmaI => chance 55(5),  miss
 - tir N0, arme: missileI => chance 45(5),  miss
 - tir N0, arme: missileI => chance 45(5),  hit, shielded (0)
 - tir N0, arme: missileI => chance 45(5),  hit, shielded (0)
 - tir N0, arme: missileI => chance 45(5),  hit, shielded (0)
 - tir N0, arme: missileI => chance 45(5),  miss
 - tir N0, arme: missileI => chance 45(5),  miss
 - tir N0, arme: missileI => chance 45(5),  hit, shielded (0)
 - tir N0, arme: missileI => chance 45(5),  hit, shielded (0)
 - tir N0, arme: lance-torpilleI => chance 20(5),  miss
 - tir N0, arme: lance-torpilleI => chance 20(5),  hit, shielded (1)
 - tir N0, arme: lance-torpilleI => chance 20(5),  miss
 - tir N0, arme: lance-torpilleI => chance 20(5),  miss
 - tir N0, arme: lance-torpilleI => chance 20(5),  miss
 - tir N0, arme: lance-torpilleI => chance 20(5),  miss
 - tir N0, arme: lance-torpilleI => chance 20(5),  miss
 - tir N0, arme: lance-torpilleI => chance 20(5),  miss
 - tir N0, arme: lance-torpilleI => chance 20(5),  miss
 - tir N0, arme: lance-torpilleI => chance 20(5),  miss
[F5_4 VS F59_0]  C4 , tir vaisseau N°0/3 (Torpilleur standard, race: 4) , attP: (x:21|y:25|z:-6) , cible: Croiseur standard, deffP: (x:12|y:14|z:3), distance: 11
 - tir N0, arme: lance-torpilleI => chance 20(10),  miss
 - tir N0, arme: lance-torpilleI => chance 20(10),  miss
 - tir N0, arme: lance-torpilleI => chance 20(10),  miss
 - tir N0, arme: lance-torpilleI => chance 20(10),  miss
[F5_4 VS F59_0]  C0 , tir vaisseau N°0/3 (Torpilleur standard, race: 5) , attP: (x:27|y:33|z:-4) , cible: Croiseur standard, deffP: (x:27|y:33|z:-4), distance: 0
 - tir N0, arme: lance-torpilleI => chance 25(5),  miss
 - tir N0, arme: lance-torpilleI => chance 25(5),  miss
 - tir N0, arme: lance-torpilleI => chance 25(5),  miss
 - tir N0, arme: lance-torpilleI => chance 25(5),  hit, shielded (1)
[F5_4 VS F59_0]  C4 , tir vaisseau N°0/3 (Torpilleur standard, race: 4) , attP: (x:-1|y:24|z:6) , cible: Croiseur standard, deffP: (x:30|y:33|z:-3), distance: 31
 - tir N0, arme: lance-torpilleI - chance < 0 , exit
 - tir N1, arme: lance-torpilleI - chance < 0 , exit
 - tir N2, arme: lance-torpilleI - chance < 0 , exit
 - tir N3, arme: lance-torpilleI - chance < 0 , exit
[F5_4 VS F59_0]  C4 , tir vaisseau N°0/63 (Croiseur standard, race: 4) , attP: (x:27|y:33|z:-4) , cible: Torpilleur standard, deffP: (x:27|y:33|z:-4), distance: 0
 - tir N0, arme: canon à plasmaI => chance 45(10),  hit, degat (1)
 - tir N0, arme: canon à plasmaI => chance 45(10),  hit, degat (1)
 - tir N0, arme: canon à plasmaI => chance 45(10),  miss
 - tir N0, arme: canon à plasmaI => chance 45(10),  hit, degat (1)
 - tir N0, arme: canon à plasmaI => chance 45(10),  miss
 - tir N0, arme: canon à plasmaI => chance 45(10),  miss
 - tir N0, arme: canon à plasmaI => chance 45(10),  miss
 - tir N0, arme: canon à plasmaI => chance 45(10),  hit, degat (1)
 - tir N0, arme: canon à plasmaI => chance 45(10),  hit, degat (1), cible detruire
[F5_4 VS F59_0]  C0 , tir vaisseau N°0/3 (Grand Bombardier standard, race: 5) , attP: (x:-23|y:1020|z:-2) , cible: Croiseur standard, deffP: (x:27|y:33|z:-4), distance: 987
 - pas darmes valides
[F5_4 VS F59_0]  C0 , tir vaisseau N°0/7 (Colonisateur, race: 5) , attP: (x:21|y:1020|z:46) , cible: Croiseur standard, deffP: (x:27|y:33|z:-4), distance: 987
 - pas darmes valides
FIN DE TOUR: F1  0, F2 : 11
TOUR DE COMBAT 2
[F5_4 VS F59_0]  C4 , tir vaisseau N°0/25 (Destroyer standard, race: 4) , attP: (x:21|y:2|z:-8) , cible: Croiseur standard, deffP: (x:21|y:2|z:-8), distance: 0
 - tir N0, arme: laserI => chance 25(10),  miss
 - tir N0, arme: laserI => chance 25(10),  hit, shielded (2)
 - tir N0, arme: laserI => chance 25(10),  miss
 - tir N0, arme: laserI => chance 25(10),  miss
 - tir N0, arme: laserI => chance 25(10),  hit, shielded (2)
 - tir N0, arme: laserI => chance 25(10),  miss
 - tir N0, arme: laserI => chance 25(10),  miss
 - tir N0, arme: laserI => chance 25(10),  miss
 - tir N0, arme: laserI => chance 25(10),  miss
 - tir N0, arme: laserI => chance 25(10),  miss
 - tir N0, arme: canon à plasmaI => chance 55(10),  miss
 - tir N0, arme: canon à plasmaI => chance 55(10),  hit, shielded (1)
 - tir N0, arme: canon à plasmaI => chance 55(10),  miss
 - tir N0, arme: canon à plasmaI => chance 55(10),  miss
 - tir N0, arme: canon à plasmaI => chance 55(10),  miss
 - tir N0, arme: canon à plasmaI => chance 55(10),  hit, shielded (1)
 - tir N0, arme: canon à plasmaI => chance 55(10),  hit, shielded (1)
 - tir N0, arme: canon à plasmaI => chance 55(10),  hit, shielded (1)
 - tir N0, arme: canon à plasmaI => chance 55(10),  hit, shielded (1)
 - tir N0, arme: canon à plasmaI => chance 55(10),  hit, shielded (1)
[F5_4 VS F59_0]  C4 , tir vaisseau N°0/0 (Intercepteur standard, race: 4) , attP: (x:21|y:23|z:-4) , cible: Croiseur standard, deffP: (x:21|y:23|z:-4), distance: 0
 - tir N0, arme: laserI => chance 25(10),  hit, degat (1)
[F5_4 VS F59_0]  C0 , tir vaisseau N°0/0 (Intercepteur standard, race: 5) , attP: (x:12|y:10|z:-8) , cible: Destroyer standard, deffP: (x:12|y:10|z:-8), distance: 0
 - tir N0, arme: laserI => chance 25(5),  miss
[F5_4 VS F59_0]  C0 , tir vaisseau N°0/25 (Destroyer standard, race: 5) , attP: (x:18|y:2|z:-8) , cible: Croiseur standard, deffP: (x:18|y:2|z:-8), distance: 0
 - tir N0, arme: laserI => chance 20(5),  miss
 - tir N0, arme: laserI => chance 20(5),  miss
 - tir N0, arme: laserI => chance 20(5),  miss
 - tir N0, arme: laserI => chance 20(5),  miss
 - tir N0, arme: laserI => chance 20(5),  miss
 - tir N0, arme: laserI => chance 20(5),  miss
 - tir N0, arme: laserI => chance 20(5),  hit, shielded (2)
 - tir N0, arme: laserI => chance 20(5),  miss
 - tir N0, arme: laserI => chance 20(5),  miss
 - tir N0, arme: laserI => chance 20(5),  hit, shielded (2)
 - tir N0, arme: canon à plasmaI => chance 50(5),  miss
 - tir N0, arme: canon à plasmaI => chance 50(5),  miss
 - tir N0, arme: canon à plasmaI => chance 50(5),  hit, shielded (1)
 - tir N0, arme: canon à plasmaI => chance 50(5),  miss
 - tir N0, arme: canon à plasmaI => chance 50(5),  hit, shielded (1)
 - tir N0, arme: canon à plasmaI => chance 50(5),  hit, shielded (1)
 - tir N0, arme: canon à plasmaI => chance 50(5),  miss
 - tir N0, arme: canon à plasmaI => chance 50(5),  miss
 - tir N0, arme: canon à plasmaI => chance 50(5),  hit, shielded (1)
 - tir N0, arme: canon à plasmaI => chance 50(5),  miss
[F5_4 VS F59_0]  C4 , tir vaisseau N°0/15 (Fregate standard, race: 4) , attP: (x:21|y:23|z:-4) , cible: Croiseur standard, deffP: (x:21|y:23|z:-4), distance: 0
 - tir N0, arme: canon à plasmaI => chance 55(10),  miss
 - tir N0, arme: canon à plasmaI => chance 55(10),  hit, degat (1)
 - tir N0, arme: canon à plasmaI => chance 55(10),  hit, degat (1)
 - tir N0, arme: canon à plasmaI => chance 55(10),  hit, degat (1)
 - tir N0, arme: canon à plasmaI => chance 55(10),  miss
 - tir N0, arme: canon à plasmaI => chance 55(10),  miss
 - tir N0, arme: canon à plasmaI => chance 55(10),  hit, degat (1)
 - tir N0, arme: canon à plasmaI => chance 55(10),  miss
 - tir N0, arme: canon à plasmaI => chance 55(10),  hit, degat (1)
 - tir N0, arme: canon à plasmaI => chance 55(10),  miss
[F5_4 VS F59_0]  C4 , tir vaisseau N°0/3 (Torpilleur standard, race: 4) , attP: (x:21|y:23|z:-4) , cible: Croiseur standard, deffP: (x:21|y:23|z:-4), distance: 0
 - tir N0, arme: lance-torpilleI => chance 30(10),  hit, degat (2)
 - tir N0, arme: lance-torpilleI => chance 30(10),  miss
 - tir N0, arme: lance-torpilleI => chance 30(10),  miss
 - tir N0, arme: lance-torpilleI => chance 30(10),  miss
[F5_4 VS F59_0]  C4 , tir vaisseau N°0/0 (Intercepteur standard, race: 4) , attP: (x:12|y:10|z:-8) , cible: Fregate standard, deffP: (x:12|y:10|z:-8), distance: 0
 - tir N0, arme: laserI => chance 35(10),  miss
[F5_4 VS F59_0]  C4 , tir vaisseau N°0/0 (Intercepteur standard, race: 4) , attP: (x:21|y:1020|z:46) , cible: Colonisateur, deffP: (x:21|y:1020|z:46), distance: 0
 - tir N0, arme: laserI => chance 45(10),  hit, degat (1)
[F5_4 VS F59_0]  C0 , tir vaisseau N°0/15 (Fregate standard, race: 5) , attP: (x:12|y:10|z:-8) , cible: Destroyer standard, deffP: (x:12|y:10|z:-8), distance: 0
 - tir N0, arme: canon à plasmaI => chance 55(5),  hit, degat (1)
 - tir N0, arme: canon à plasmaI => chance 55(5),  miss
 - tir N0, arme: canon à plasmaI => chance 55(5),  hit, degat (1)
 - tir N0, arme: canon à plasmaI => chance 55(5),  miss
 - tir N0, arme: canon à plasmaI => chance 55(5),  hit, degat (1)
 - tir N0, arme: canon à plasmaI => chance 55(5),  miss
 - tir N0, arme: canon à plasmaI => chance 55(5),  hit, degat (1)
 - tir N0, arme: canon à plasmaI => chance 55(5),  hit, degat (1)
 - tir N0, arme: canon à plasmaI => chance 55(5),  miss
 - tir N0, arme: canon à plasmaI => chance 55(5),  hit, degat (1)
[F5_4 VS F59_0]  C4 , tir vaisseau N°0/25 (Destroyer standard, race: 4) , attP: (x:21|y:2|z:-8) , cible: Croiseur standard, deffP: (x:21|y:2|z:-8), distance: 0
 - tir N0, arme: laserI => chance 25(10),  miss
 - tir N0, arme: laserI => chance 25(10),  miss
 - tir N0, arme: laserI => chance 25(10),  hit, degat (1)
 - tir N0, arme: laserI => chance 25(10),  miss
 - tir N0, arme: laserI => chance 25(10),  miss
 - tir N0, arme: laserI => chance 25(10),  hit, degat (1)
 - tir N0, arme: laserI => chance 25(10),  hit, degat (1)
 - tir N0, arme: laserI => chance 25(10),  miss
 - tir N0, arme: laserI => chance 25(10),  hit, degat (1)
 - tir N0, arme: laserI => chance 25(10),  miss
 - tir N0, arme: canon à plasmaI => chance 55(10),  hit, degat (1)
 - tir N0, arme: canon à plasmaI => chance 55(10),  hit, degat (1)
 - tir N0, arme: canon à plasmaI => chance 55(10),  miss
 - tir N0, arme: canon à plasmaI => chance 55(10),  miss
 - tir N0, arme: canon à plasmaI => chance 55(10),  hit, degat (1)
 - tir N0, arme: canon à plasmaI => chance 55(10),  hit, degat (1)
 - tir N0, arme: canon à plasmaI => chance 55(10),  miss
 - tir N0, arme: canon à plasmaI => chance 55(10),  miss
 - tir N0, arme: canon à plasmaI => chance 55(10),  hit, degat (1)
 - tir N0, arme: canon à plasmaI => chance 55(10),  hit, degat (1)
[F5_4 VS F59_0]  C4 , tir vaisseau N°0/3 (Torpilleur standard, race: 4) , attP: (x:21|y:23|z:-4) , cible: Croiseur standard, deffP: (x:21|y:23|z:-4), distance: 0
 - tir N0, arme: lance-torpilleI => chance 30(10),  hit, degat (2)
 - tir N0, arme: lance-torpilleI => chance 30(10),  miss
 - tir N0, arme: lance-torpilleI => chance 30(10),  miss
 - tir N0, arme: lance-torpilleI => chance 30(10),  miss
[F5_4 VS F59_0]  C4 , tir vaisseau N°0/25 (Destroyer standard, race: 4) , attP: (x:12|y:10|z:-8) , cible: Destroyer standard, deffP: (x:18|y:2|z:-8), distance: 8
 - tir N0, arme: laserI - chance < 0 , exit
 - tir N1, arme: laserI - chance < 0 , exit
 - tir N2, arme: laserI - chance < 0 , exit
 - tir N3, arme: laserI - chance < 0 , exit
 - tir N4, arme: laserI - chance < 0 , exit
 - tir N5, arme: laserI - chance < 0 , exit
 - tir N6, arme: laserI - chance < 0 , exit
 - tir N7, arme: laserI - chance < 0 , exit
 - tir N8, arme: canon à plasmaI => chance 30(10),  miss
 - tir N8, arme: canon à plasmaI => chance 30(10),  miss
 - tir N8, arme: canon à plasmaI => chance 30(10),  miss
 - tir N8, arme: canon à plasmaI => chance 30(10),  miss
 - tir N8, arme: canon à plasmaI => chance 30(10),  miss
 - tir N8, arme: canon à plasmaI => chance 30(10),  hit, shielded (1)
 - tir N8, arme: canon à plasmaI => chance 30(10),  miss
 - tir N8, arme: canon à plasmaI => chance 30(10),  miss
 - tir N8, arme: canon à plasmaI => chance 30(10),  miss
[F5_4 VS F59_0]  C4 , tir vaisseau N°0/15 (Fregate standard, race: 4) , attP: (x:21|y:1020|z:46) , cible: Colonisateur, deffP: (x:21|y:1020|z:46), distance: 0
 - tir N0, arme: canon à plasmaI => chance 50(10),  miss
 - tir N0, arme: canon à plasmaI => chance 50(10),  miss
 - tir N0, arme: canon à plasmaI => chance 50(10),  miss
 - tir N0, arme: canon à plasmaI => chance 50(10),  miss
 - tir N0, arme: canon à plasmaI => chance 50(10),  hit, degat (1)
 - tir N0, arme: canon à plasmaI => chance 50(10),  miss
 - tir N0, arme: canon à plasmaI => chance 50(10),  miss
 - tir N0, arme: canon à plasmaI => chance 50(10),  miss
 - tir N0, arme: canon à plasmaI => chance 50(10),  miss
 - tir N0, arme: canon à plasmaI => chance 50(10),  hit, degat (1)
[F5_4 VS F59_0]  C4 , tir vaisseau N°0/15 (Fregate standard, race: 4) , attP: (x:21|y:992|z:18) , cible: Croiseur standard, deffP: (x:21|y:2|z:-8), distance: 990
 - tir N0, arme: canon à plasmaI - chance < 0 , exit
 - tir N1, arme: canon à plasmaI - chance < 0 , exit
 - tir N2, arme: canon à plasmaI - chance < 0 , exit
 - tir N3, arme: canon à plasmaI - chance < 0 , exit
 - tir N4, arme: canon à plasmaI - chance < 0 , exit
 - tir N5, arme: canon à plasmaI - chance < 0 , exit
 - tir N6, arme: canon à plasmaI - chance < 0 , exit
 - tir N7, arme: canon à plasmaI - chance < 0 , exit
 - tir N8, arme: canon à plasmaI - chance < 0 , exit
 - tir N9, arme: canon à plasmaI - chance < 0 , exit
[F5_4 VS F59_0]  C4 , tir vaisseau N°0/3 (Torpilleur standard, race: 4) , attP: (x:21|y:23|z:-4) , cible: Croiseur standard, deffP: (x:21|y:23|z:-4), distance: 0
 - tir N0, arme: lance-torpilleI => chance 30(10),  hit, degat (2)
 - tir N0, arme: lance-torpilleI => chance 30(10),  hit, degat (2)
 - tir N0, arme: lance-torpilleI => chance 30(10),  miss
 - tir N0, arme: lance-torpilleI => chance 30(10),  hit, degat (2)
[F5_4 VS F59_0]  C4 , tir vaisseau N°0/3 (Torpilleur standard, race: 4) , attP: (x:12|y:10|z:-8) , cible: Destroyer standard, deffP: (x:18|y:2|z:-8), distance: 8
 - tir N0, arme: lance-torpilleI => chance 19(10),  miss
 - tir N0, arme: lance-torpilleI => chance 19(10),  miss
 - tir N0, arme: lance-torpilleI => chance 19(10),  miss
 - tir N0, arme: lance-torpilleI => chance 19(10),  miss
[F5_4 VS F59_0]  C4 , tir vaisseau N°0/3 (Torpilleur standard, race: 4) , attP: (x:12|y:14|z:3) , cible: Fregate standard, deffP: (x:12|y:10|z:-8), distance: 11
 - tir N0, arme: lance-torpilleI => chance 15(10),  miss
 - tir N0, arme: lance-torpilleI => chance 15(10),  miss
 - tir N0, arme: lance-torpilleI => chance 15(10),  miss
 - tir N0, arme: lance-torpilleI => chance 15(10),  miss
[F5_4 VS F59_0]  C0 , tir vaisseau N°0/63 (Croiseur standard, race: 5) , attP: (x:21|y:2|z:-8) , cible: Croiseur standard, deffP: (x:18|y:2|z:-8), distance: 3
 - tir N0, arme: canon à plasmaI => chance 40(5),  hit, shielded (1)
 - tir N0, arme: canon à plasmaI => chance 40(5),  hit, shielded (1)
 - tir N0, arme: canon à plasmaI => chance 40(5),  miss
 - tir N0, arme: canon à plasmaI => chance 40(5),  hit, shielded (1)
 - tir N0, arme: canon à plasmaI => chance 40(5),  hit, shielded (1)
 - tir N0, arme: canon à plasmaI => chance 40(5),  miss
 - tir N0, arme: canon à plasmaI => chance 40(5),  miss
 - tir N0, arme: missileI => chance 37(5),  hit, shielded (0)
 - tir N0, arme: missileI => chance 37(5),  miss
 - tir N0, arme: missileI => chance 37(5),  hit, shielded (0)
 - tir N0, arme: missileI => chance 37(5),  miss
 - tir N0, arme: missileI => chance 37(5),  miss
 - tir N0, arme: missileI => chance 37(5),  miss
 - tir N0, arme: missileI => chance 37(5),  miss
 - tir N0, arme: lance-torpilleI => chance 22(5),  hit, shielded (1)
 - tir N0, arme: lance-torpilleI => chance 22(5),  miss
 - tir N0, arme: lance-torpilleI => chance 22(5),  miss
 - tir N0, arme: lance-torpilleI => chance 22(5),  miss
 - tir N0, arme: lance-torpilleI => chance 22(5),  miss
 - tir N0, arme: lance-torpilleI => chance 22(5),  miss
 - tir N0, arme: lance-torpilleI => chance 22(5),  miss
 - tir N0, arme: lance-torpilleI => chance 22(5),  miss
[F5_4 VS F59_0]  C4 , tir vaisseau N°0/3 (Torpilleur standard, race: 4) , attP: (x:12|y:14|z:3) , cible: Fregate standard, deffP: (x:12|y:10|z:-8), distance: 11
 - tir N0, arme: lance-torpilleI => chance 15(10),  miss
 - tir N0, arme: lance-torpilleI => chance 15(10),  miss
 - tir N0, arme: lance-torpilleI => chance 15(10),  hit, shielded (1)
 - tir N0, arme: lance-torpilleI => chance 15(10),  miss
[F5_4 VS F59_0]  C4 , tir vaisseau N°0/63 (Croiseur standard, race: 4) , attP: (x:18|y:2|z:-8) , cible: Destroyer standard, deffP: (x:18|y:2|z:-8), distance: 0
 - tir N0, arme: canon à plasmaI => chance 60(10),  hit, shielded (1)
 - tir N0, arme: canon à plasmaI => chance 60(10),  hit, shielded (1)
 - tir N0, arme: canon à plasmaI => chance 60(10),  hit, shielded (1)
 - tir N0, arme: canon à plasmaI => chance 60(10),  miss
 - tir N0, arme: canon à plasmaI => chance 60(10),  hit, shielded (1)
 - tir N0, arme: canon à plasmaI => chance 60(10),  hit, shielded (1)
 - tir N0, arme: canon à plasmaI => chance 60(10),  hit, shielded (1)
 - tir N0, arme: canon à plasmaI => chance 60(10),  hit, degat (1)
 - tir N0, arme: canon à plasmaI => chance 60(10),  hit, degat (1)
 - tir N0, arme: canon à plasmaI => chance 60(10),  hit, degat (1)
 - tir N0, arme: missileI => chance 50(10),  hit, degat (1)
 - tir N0, arme: missileI => chance 50(10),  miss
 - tir N0, arme: missileI => chance 50(10),  miss
 - tir N0, arme: missileI => chance 50(10),  hit, degat (1)
 - tir N0, arme: missileI => chance 50(10),  hit, degat (1)
 - tir N0, arme: missileI => chance 50(10),  miss
 - tir N0, arme: missileI => chance 50(10),  hit, degat (1)
 - tir N0, arme: missileI => chance 50(10),  miss
 - tir N0, arme: missileI => chance 50(10),  hit, degat (1)
 - tir N0, arme: missileI => chance 50(10),  hit, degat (1)
 - tir N0, arme: lance-torpilleI => chance 25(10),  miss
 - tir N0, arme: lance-torpilleI => chance 25(10),  hit, degat (2)
 - tir N0, arme: lance-torpilleI => chance 25(10),  hit, degat (2)
 - tir N0, arme: lance-torpilleI => chance 25(10),  miss
 - tir N0, arme: lance-torpilleI => chance 25(10),  miss
 - tir N0, arme: lance-torpilleI => chance 25(10),  miss
 - tir N0, arme: lance-torpilleI => chance 25(10),  miss
 - tir N0, arme: lance-torpilleI => chance 25(10),  miss
 - tir N0, arme: lance-torpilleI => chance 25(10),  miss
 - tir N0, arme: lance-torpilleI => chance 25(10),  miss
[F5_4 VS F59_0]  C0 , tir vaisseau N°0/3 (Grand Bombardier standard, race: 5) , attP: (x:-20|y:1020|z:10) , cible: Croiseur standard, deffP: (x:18|y:2|z:-8), distance: 1 018
 - pas darmes valides
[F5_4 VS F59_0]  C0 , tir vaisseau N°0/63 (Croiseur standard, race: 5) , attP: (x:21|y:23|z:-4) , cible: Croiseur standard, deffP: (x:18|y:2|z:-8), distance: 21
 - tir N0, arme: canon à plasmaI - chance < 0 , exit
 - tir N1, arme: canon à plasmaI - chance < 0 , exit
 - tir N2, arme: canon à plasmaI - chance < 0 , exit
 - tir N3, arme: canon à plasmaI - chance < 0 , exit
 - tir N4, arme: canon à plasmaI - chance < 0 , exit
 - tir N5, arme: canon à plasmaI - chance < 0 , exit
 - tir N6, arme: canon à plasmaI - chance < 0 , exit
 - tir N7, arme: canon à plasmaI - chance < 0 , exit
 - tir N8, arme: missileI - chance < 0 , exit
 - tir N9, arme: missileI - chance < 0 , exit
 - tir N10, arme: missileI - chance < 0 , exit
 - tir N11, arme: missileI - chance < 0 , exit
 - tir N12, arme: missileI - chance < 0 , exit
 - tir N13, arme: lance-torpilleI - chance < 0 , exit
 - tir N14, arme: lance-torpilleI - chance < 0 , exit
 - tir N15, arme: lance-torpilleI - chance < 0 , exit
 - tir N16, arme: lance-torpilleI - chance < 0 , exit
 - tir N17, arme: lance-torpilleI - chance < 0 , exit
[F5_4 VS F59_0]  C0 , tir vaisseau N°0/7 (Colonisateur, race: 5) , attP: (x:21|y:1020|z:46) , cible: Croiseur standard, deffP: (x:18|y:2|z:-8), distance: 1 018
 - pas darmes valides
FIN DE TOUR: F1  6, F2 : 53
TOUR DE COMBAT 3
[F5_4 VS F59_0]  C4 , tir vaisseau N°0/0 (Intercepteur standard, race: 4) , attP: (x:21|y:995|z:-8) , cible: Croiseur standard, deffP: (x:21|y:32|z:-8), distance: 963
 - tir N0, arme: laserI - chance < 0 , exit
[F5_4 VS F59_0]  C0 , tir vaisseau N°0/0 (Intercepteur standard, race: 5) , attP: (x:21|y:2|z:-8) , cible: Croiseur standard, deffP: (x:21|y:2|z:-8), distance: 0
 - tir N0, arme: laserI => chance 20(5),  miss
[F5_4 VS F59_0]  C4 , tir vaisseau N°0/0 (Intercepteur standard, race: 4) , attP: (x:21|y:1020|z:95) , cible: Colonisateur, deffP: (x:21|y:1020|z:95), distance: 0
 - tir N0, arme: laserI => chance 44(9),  hit, degat (1)
[F5_4 VS F59_0]  C4 , tir vaisseau N°0/25 (Destroyer standard, race: 4) , attP: (x:18|y:2|z:-8) , cible: Destroyer standard, deffP: (x:18|y:2|z:-8), distance: 0
 - tir N0, arme: laserI => chance 30(10),  miss
 - tir N0, arme: laserI => chance 30(10),  miss
 - tir N0, arme: laserI => chance 30(10),  miss
 - tir N0, arme: laserI => chance 30(10),  hit, degat (1)
 - tir N0, arme: laserI => chance 30(10),  hit, degat (1)
 - tir N0, arme: laserI => chance 30(10),  hit, degat (1)
 - tir N0, arme: laserI => chance 30(10),  hit, degat (1)
 - tir N0, arme: laserI => chance 30(10),  miss
 - tir N0, arme: laserI => chance 30(10),  miss
 - tir N0, arme: laserI => chance 30(10),  miss
 - tir N0, arme: canon à plasmaI => chance 60(10),  miss
 - tir N0, arme: canon à plasmaI => chance 60(10),  miss
 - tir N0, arme: canon à plasmaI => chance 60(10),  hit, degat (1)
 - tir N0, arme: canon à plasmaI => chance 60(10),  hit, degat (1)
 - tir N0, arme: canon à plasmaI => chance 60(10),  hit, degat (1)
 - tir N0, arme: canon à plasmaI => chance 60(10),  hit, degat (1)
 - tir N0, arme: canon à plasmaI => chance 60(10),  hit, degat (1)
 - tir N0, arme: canon à plasmaI => chance 60(10),  hit, degat (1)
 - tir N0, arme: canon à plasmaI => chance 60(10),  hit, degat (1)
 - tir N0, arme: canon à plasmaI => chance 60(10),  hit, degat (1)
[F5_4 VS F59_0]  C4 , tir vaisseau N°0/0 (Intercepteur standard, race: 4) , attP: (x:21|y:32|z:-8) , cible: Croiseur standard, deffP: (x:21|y:32|z:-8), distance: 0
 - tir N0, arme: laserI => chance 25(10),  hit, degat (1)
[F5_4 VS F59_0]  C4 , tir vaisseau N°0/25 (Destroyer standard, race: 4) , attP: (x:18|y:2|z:-8) , cible: Destroyer standard, deffP: (x:18|y:2|z:-8), distance: 0
 - tir N0, arme: laserI => chance 30(10),  hit, degat (1)
 - tir N0, arme: laserI => chance 30(10),  miss
 - tir N0, arme: laserI => chance 30(10),  miss
 - tir N0, arme: laserI => chance 30(10),  miss
 - tir N0, arme: laserI => chance 30(10),  hit, degat (1)
 - tir N0, arme: laserI => chance 30(10),  miss
 - tir N0, arme: laserI => chance 30(10),  hit, degat (1)
 - tir N0, arme: laserI => chance 30(10),  hit, degat (1)
 - tir N0, arme: canon à plasmaI => chance 60(10),  miss
 - tir N0, arme: canon à plasmaI => chance 60(10),  hit, degat (1)
 - tir N0, arme: canon à plasmaI => chance 60(10),  miss
 - tir N0, arme: canon à plasmaI => chance 60(10),  hit, degat (1)
 - tir N0, arme: canon à plasmaI => chance 60(10),  hit, degat (1)
 - tir N0, arme: canon à plasmaI => chance 60(10),  miss
 - tir N0, arme: canon à plasmaI => chance 60(10),  hit, degat (1)
 - tir N0, arme: canon à plasmaI => chance 60(10),  miss
 - tir N0, arme: canon à plasmaI => chance 60(10),  hit, degat (1)
[F5_4 VS F59_0]  C4 , tir vaisseau N°0/3 (Torpilleur standard, race: 4) , attP: (x:21|y:32|z:-8) , cible: Croiseur standard, deffP: (x:21|y:32|z:-8), distance: 0
 - tir N0, arme: lance-torpilleI => chance 30(10),  miss
 - tir N0, arme: lance-torpilleI => chance 30(10),  hit, degat (2)
 - tir N0, arme: lance-torpilleI => chance 30(10),  miss
 - tir N0, arme: lance-torpilleI => chance 30(10),  miss
[F5_4 VS F59_0]  C4 , tir vaisseau N°0/25 (Destroyer standard, race: 4) , attP: (x:21|y:2|z:-8) , cible: Croiseur standard, deffP: (x:21|y:2|z:-8), distance: 0
 - tir N0, arme: laserI => chance 25(10),  miss
 - tir N0, arme: laserI => chance 25(10),  miss
 - tir N0, arme: laserI => chance 25(10),  miss
 - tir N0, arme: laserI => chance 25(10),  miss
 - tir N0, arme: laserI => chance 25(10),  miss
 - tir N0, arme: laserI => chance 25(10),  miss
 - tir N0, arme: laserI => chance 25(10),  miss
 - tir N0, arme: laserI => chance 25(10),  miss
 - tir N0, arme: laserI => chance 25(10),  miss
 - tir N0, arme: laserI => chance 25(10),  hit, degat (1)
 - tir N0, arme: canon à plasmaI => chance 55(10),  miss
 - tir N0, arme: canon à plasmaI => chance 55(10),  hit, degat (1)
 - tir N0, arme: canon à plasmaI => chance 55(10),  hit, degat (1)
 - tir N0, arme: canon à plasmaI => chance 55(10),  hit, degat (1)
 - tir N0, arme: canon à plasmaI => chance 55(10),  hit, degat (1)
 - tir N0, arme: canon à plasmaI => chance 55(10),  hit, degat (1)
 - tir N0, arme: canon à plasmaI => chance 55(10),  hit, degat (1)
 - tir N0, arme: canon à plasmaI => chance 55(10),  miss
 - tir N0, arme: canon à plasmaI => chance 55(10),  miss
 - tir N0, arme: canon à plasmaI => chance 55(10),  hit, degat (1)
[F5_4 VS F59_0]  C4 , tir vaisseau N°0/15 (Fregate standard, race: 4) , attP: (x:63|y:1020|z:18) , cible: Grand Bombardier standard, deffP: (x:63|y:1020|z:-24), distance: 42
 - tir N0, arme: canon à plasmaI - chance < 0 , exit
 - tir N1, arme: canon à plasmaI - chance < 0 , exit
 - tir N2, arme: canon à plasmaI - chance < 0 , exit
 - tir N3, arme: canon à plasmaI - chance < 0 , exit
 - tir N4, arme: canon à plasmaI - chance < 0 , exit
 - tir N5, arme: canon à plasmaI - chance < 0 , exit
 - tir N6, arme: canon à plasmaI - chance < 0 , exit
 - tir N7, arme: canon à plasmaI - chance < 0 , exit
 - tir N8, arme: canon à plasmaI - chance < 0 , exit
 - tir N9, arme: canon à plasmaI - chance < 0 , exit
[F5_4 VS F59_0]  C0 , tir vaisseau N°0/15 (Fregate standard, race: 5) , attP: (x:21|y:2|z:-8) , cible: Croiseur standard, deffP: (x:21|y:2|z:-8), distance: 0
 - tir N0, arme: canon à plasmaI => chance 50(5),  miss
 - tir N0, arme: canon à plasmaI => chance 50(5),  hit, shielded (1)
 - tir N0, arme: canon à plasmaI => chance 50(5),  miss
 - tir N0, arme: canon à plasmaI => chance 50(5),  hit, shielded (1)
 - tir N0, arme: canon à plasmaI => chance 50(5),  hit, shielded (1)
 - tir N0, arme: canon à plasmaI => chance 50(5),  miss
 - tir N0, arme: canon à plasmaI => chance 50(5),  hit, degat (1)
 - tir N0, arme: canon à plasmaI => chance 50(5),  hit, degat (1)
 - tir N0, arme: canon à plasmaI => chance 50(5),  miss
 - tir N0, arme: canon à plasmaI => chance 50(5),  hit, degat (1)
[F5_4 VS F59_0]  C4 , tir vaisseau N°0/3 (Torpilleur standard, race: 4) , attP: (x:18|y:37|z:-8) , cible: Destroyer standard, deffP: (x:18|y:2|z:-8), distance: 35
 - tir N0, arme: lance-torpilleI - chance < 0 , exit
 - tir N1, arme: lance-torpilleI - chance < 0 , exit
 - tir N2, arme: lance-torpilleI - chance < 0 , exit
 - tir N3, arme: lance-torpilleI - chance < 0 , exit
[F5_4 VS F59_0]  C4 , tir vaisseau N°0/15 (Fregate standard, race: 4) , attP: (x:63|y:1020|z:8) , cible: Grand Bombardier standard, deffP: (x:63|y:1020|z:-24), distance: 32
 - tir N0, arme: canon à plasmaI - chance < 0 , exit
 - tir N1, arme: canon à plasmaI - chance < 0 , exit
 - tir N2, arme: canon à plasmaI - chance < 0 , exit
 - tir N3, arme: canon à plasmaI - chance < 0 , exit
 - tir N4, arme: canon à plasmaI - chance < 0 , exit
 - tir N5, arme: canon à plasmaI - chance < 0 , exit
 - tir N6, arme: canon à plasmaI - chance < 0 , exit
 - tir N7, arme: canon à plasmaI - chance < 0 , exit
 - tir N8, arme: canon à plasmaI - chance < 0 , exit
 - tir N9, arme: canon à plasmaI - chance < 0 , exit
[F5_4 VS F59_0]  C4 , tir vaisseau N°0/3 (Torpilleur standard, race: 4) , attP: (x:18|y:2|z:-8) , cible: Destroyer standard, deffP: (x:18|y:2|z:-8), distance: 0
 - tir N0, arme: lance-torpilleI => chance 25(10),  miss
 - tir N0, arme: lance-torpilleI => chance 25(10),  miss
 - tir N0, arme: lance-torpilleI => chance 25(10),  miss
 - tir N0, arme: lance-torpilleI => chance 25(10),  miss
[F5_4 VS F59_0]  C4 , tir vaisseau N°0/3 (Torpilleur standard, race: 4) , attP: (x:21|y:32|z:-8) , cible: Croiseur standard, deffP: (x:21|y:32|z:-8), distance: 0
 - tir N0, arme: lance-torpilleI => chance 30(10),  miss
 - tir N0, arme: lance-torpilleI => chance 30(10),  hit, degat (2)
 - tir N0, arme: lance-torpilleI => chance 30(10),  hit, degat (2)
 - tir N0, arme: lance-torpilleI => chance 30(10),  miss
[F5_4 VS F59_0]  C4 , tir vaisseau N°0/3 (Torpilleur standard, race: 4) , attP: (x:21|y:28|z:-8) , cible: Croiseur standard, deffP: (x:21|y:32|z:-8), distance: 4
 - tir N0, arme: lance-torpilleI => chance 26(10),  miss
 - tir N0, arme: lance-torpilleI => chance 26(10),  hit, degat (2)
 - tir N0, arme: lance-torpilleI => chance 26(10),  miss
 - tir N0, arme: lance-torpilleI => chance 26(10),  miss
[F5_4 VS F59_0]  C4 , tir vaisseau N°0/15 (Fregate standard, race: 4) , attP: (x:12|y:964|z:30) , cible: Fregate standard, deffP: (x:21|y:2|z:-8), distance: 962
 - tir N0, arme: canon à plasmaI - chance < 0 , exit
 - tir N1, arme: canon à plasmaI - chance < 0 , exit
 - tir N2, arme: canon à plasmaI - chance < 0 , exit
 - tir N3, arme: canon à plasmaI - chance < 0 , exit
 - tir N4, arme: canon à plasmaI - chance < 0 , exit
 - tir N5, arme: canon à plasmaI - chance < 0 , exit
 - tir N6, arme: canon à plasmaI - chance < 0 , exit
 - tir N7, arme: canon à plasmaI - chance < 0 , exit
 - tir N8, arme: canon à plasmaI - chance < 0 , exit
 - tir N9, arme: canon à plasmaI - chance < 0 , exit
[F5_4 VS F59_0]  C4 , tir vaisseau N°0/3 (Torpilleur standard, race: 4) , attP: (x:18|y:2|z:-8) , cible: Destroyer standard, deffP: (x:18|y:2|z:-8), distance: 0
 - tir N0, arme: lance-torpilleI => chance 25(10),  miss
 - tir N0, arme: lance-torpilleI => chance 25(10),  hit, degat (2)
 - tir N0, arme: lance-torpilleI => chance 25(10),  miss
 - tir N0, arme: lance-torpilleI => chance 25(10),  miss
[F5_4 VS F59_0]  C0 , tir vaisseau N°0/63 (Croiseur standard, race: 5) , attP: (x:21|y:32|z:-8) , cible: Croiseur standard, deffP: (x:21|y:2|z:-8), distance: 30
 - tir N0, arme: canon à plasmaI - chance < 0 , exit
 - tir N1, arme: canon à plasmaI - chance < 0 , exit
 - tir N2, arme: canon à plasmaI - chance < 0 , exit
 - tir N3, arme: canon à plasmaI - chance < 0 , exit
 - tir N4, arme: canon à plasmaI - chance < 0 , exit
 - tir N5, arme: canon à plasmaI - chance < 0 , exit
 - tir N6, arme: canon à plasmaI - chance < 0 , exit
 - tir N7, arme: missileI - chance < 0 , exit
 - tir N8, arme: missileI - chance < 0 , exit
 - tir N9, arme: missileI - chance < 0 , exit
 - tir N10, arme: missileI - chance < 0 , exit
 - tir N11, arme: lance-torpilleI - chance < 0 , exit
 - tir N12, arme: lance-torpilleI - chance < 0 , exit
[F5_4 VS F59_0]  C0 , tir vaisseau N°0/3 (Grand Bombardier standard, race: 5) , attP: (x:63|y:1020|z:-24) , cible: Croiseur standard, deffP: (x:21|y:2|z:-8), distance: 1 018
 - pas darmes valides
[F5_4 VS F59_0]  C4 , tir vaisseau N°0/63 (Croiseur standard, race: 4) , attP: (x:21|y:2|z:-8) , cible: Croiseur standard, deffP: (x:21|y:2|z:-8), distance: 0
 - tir N0, arme: canon à plasmaI => chance 55(10),  hit, degat (1)
 - tir N0, arme: canon à plasmaI => chance 55(10),  miss
 - tir N0, arme: canon à plasmaI => chance 55(10),  miss
 - tir N0, arme: canon à plasmaI => chance 55(10),  miss
 - tir N0, arme: canon à plasmaI => chance 55(10),  miss
 - tir N0, arme: canon à plasmaI => chance 55(10),  hit, degat (1)
 - tir N0, arme: canon à plasmaI => chance 55(10),  miss
 - tir N0, arme: canon à plasmaI => chance 55(10),  miss
 - tir N0, arme: canon à plasmaI => chance 55(10),  hit, degat (1)
 - tir N0, arme: canon à plasmaI => chance 55(10),  hit, degat (1)
 - tir N0, arme: missileI => chance 50(10),  hit, degat (1)
 - tir N0, arme: missileI => chance 50(10),  hit, degat (1)
 - tir N0, arme: missileI => chance 50(10),  hit, degat (1)
 - tir N0, arme: missileI => chance 50(10),  hit, degat (1)
 - tir N0, arme: missileI => chance 50(10),  miss
 - tir N0, arme: missileI => chance 50(10),  miss
 - tir N0, arme: missileI => chance 50(10),  miss
 - tir N0, arme: missileI => chance 50(10),  hit, degat (1)
 - tir N0, arme: missileI => chance 50(10),  miss
 - tir N0, arme: lance-torpilleI => chance 30(10),  miss
 - tir N0, arme: lance-torpilleI => chance 30(10),  miss
 - tir N0, arme: lance-torpilleI => chance 30(10),  hit, degat (2)
 - tir N0, arme: lance-torpilleI => chance 30(10),  miss
 - tir N0, arme: lance-torpilleI => chance 30(10),  hit, degat (2)
 - tir N0, arme: lance-torpilleI => chance 30(10),  miss
 - tir N0, arme: lance-torpilleI => chance 30(10),  miss
 - tir N0, arme: lance-torpilleI => chance 30(10),  hit, degat (2)
 - tir N0, arme: lance-torpilleI => chance 30(10),  hit, degat (2)
[F5_4 VS F59_0]  C0 , tir vaisseau N°0/25 (Destroyer standard, race: 5) , attP: (x:18|y:2|z:-8) , cible: Croiseur standard, deffP: (x:21|y:2|z:-8), distance: 3
 - pas darmes valides
[F5_4 VS F59_0]  C0 , tir vaisseau N°0/63 (Croiseur standard, race: 5) , attP: (x:21|y:2|z:-8) , cible: Destroyer standard, deffP: (x:21|y:2|z:-8), distance: 0
 - tir N0, arme: canon à plasmaI => chance 55(5),  hit, shielded (1)
 - tir N0, arme: canon à plasmaI => chance 55(5),  miss
 - tir N0, arme: missileI => chance 45(5),  miss
 - tir N0, arme: missileI => chance 45(5),  hit, shielded (0)
 - tir N0, arme: missileI => chance 45(5),  miss
 - tir N0, arme: lance-torpilleI => chance 20(5),  hit, shielded (1)
 - tir N0, arme: lance-torpilleI => chance 20(5),  miss
[F5_4 VS F59_0]  C0 , tir vaisseau N°0/7 (Colonisateur, race: 5) , attP: (x:21|y:1020|z:95) , cible: Destroyer standard, deffP: (x:18|y:2|z:-8), distance: 1 018
 - pas darmes valides
FIN DE TOUR: F1  9, F2 : 111
TOUR DE COMBAT 4
[F5_4 VS F59_0]  C0 , tir vaisseau N°0/0 (Intercepteur standard, race: 5) , attP: (x:56|y:1020|z:5) , cible: Destroyer standard, deffP: (x:-22|y:1020|z:-8), distance: 78
 - tir N0, arme: laserI - chance < 0 , exit
[F5_4 VS F59_0]  C4 , tir vaisseau N°0/15 (Fregate standard, race: 4) , attP: (x:21|y:1020|z:30) , cible: Croiseur standard, deffP: (x:21|y:1020|z:32), distance: 2
 - tir N0, arme: canon à plasmaI => chance 48(10),  miss
 - tir N0, arme: canon à plasmaI => chance 48(10),  miss
 - tir N0, arme: canon à plasmaI => chance 48(10),  miss
 - tir N0, arme: canon à plasmaI => chance 48(10),  hit, degat (1)
 - tir N0, arme: canon à plasmaI => chance 48(10),  miss
 - tir N0, arme: canon à plasmaI => chance 48(10),  hit, degat (1)
 - tir N0, arme: canon à plasmaI => chance 48(10),  miss
 - tir N0, arme: canon à plasmaI => chance 48(10),  hit, degat (1)
 - tir N0, arme: canon à plasmaI => chance 48(10),  miss
 - tir N0, arme: canon à plasmaI => chance 48(10),  hit, degat (1)
[F5_4 VS F59_0]  C4 , tir vaisseau N°0/25 (Destroyer standard, race: 4) , attP: (x:-22|y:1020|z:-8) , cible: Destroyer standard, deffP: (x:-22|y:1020|z:-8), distance: 0
 - tir N0, arme: laserI => chance 30(10),  miss
 - tir N0, arme: laserI => chance 30(10),  miss
 - tir N0, arme: laserI => chance 30(10),  miss
 - tir N0, arme: laserI => chance 30(10),  hit, degat (1)
 - tir N0, arme: laserI => chance 30(10),  miss
 - tir N0, arme: laserI => chance 30(10),  miss
 - tir N0, arme: laserI => chance 30(10),  hit, degat (1)
 - tir N0, arme: laserI => chance 30(10),  miss
 - tir N0, arme: laserI => chance 30(10),  hit, degat (1)
 - tir N0, arme: laserI => chance 30(10),  miss
 - tir N0, arme: canon à plasmaI => chance 60(10),  hit, degat (1)
 - tir N0, arme: canon à plasmaI => chance 60(10),  hit, degat (1), cible detruire
[F5_4 VS F59_0]  C4 , tir vaisseau N°0/0 (Intercepteur standard, race: 4) , attP: (x:35|y:1020|z:-57) , cible: Grand Bombardier standard, deffP: (x:35|y:1020|z:-57), distance: 0
 - tir N0, arme: laserI => chance 55(10),  hit, degat (1)
[F5_4 VS F59_0]  C4 , tir vaisseau N°0/3 (Torpilleur standard, race: 4) , attP: (x:-22|y:1020|z:-8) 
[F5_4 VS F59_0]  C4 , tir vaisseau N°0/15 (Fregate standard, race: 4) , attP: (x:21|y:1020|z:32) , cible: Croiseur standard, deffP: (x:21|y:1020|z:32), distance: 0
 - tir N0, arme: canon à plasmaI => chance 55(10),  hit, degat (1)
 - tir N0, arme: canon à plasmaI => chance 55(10),  miss
 - tir N0, arme: canon à plasmaI => chance 55(10),  miss
 - tir N0, arme: canon à plasmaI => chance 55(10),  miss
 - tir N0, arme: canon à plasmaI => chance 55(10),  hit, degat (1)
 - tir N0, arme: canon à plasmaI => chance 55(10),  hit, degat (1)
 - tir N0, arme: canon à plasmaI => chance 55(10),  miss
 - tir N0, arme: canon à plasmaI => chance 55(10),  hit, degat (1)
 - tir N0, arme: canon à plasmaI => chance 55(10),  hit, degat (1)
 - tir N0, arme: canon à plasmaI => chance 55(10),  miss
[F5_4 VS F59_0]  C4 , tir vaisseau N°0/3 (Torpilleur standard, race: 4) , attP: (x:35|y:1020|z:-57) , cible: Grand Bombardier standard, deffP: (x:35|y:1020|z:-57), distance: 0
 - tir N0, arme: lance-torpilleI => chance 12(10),  miss
 - tir N0, arme: lance-torpilleI => chance 12(10),  miss
 - tir N0, arme: lance-torpilleI => chance 12(10),  miss
 - tir N0, arme: lance-torpilleI => chance 12(10),  miss
[F5_4 VS F59_0]  C4 , tir vaisseau N°0/0 (Intercepteur standard, race: 4) , attP: (x:-22|y:1020|z:70) 
[F5_4 VS F59_0]  C4 , tir vaisseau N°0/0 (Intercepteur standard, race: 4) , attP: (x:21|y:1020|z:32) , cible: Croiseur standard, deffP: (x:21|y:1020|z:32), distance: 0
 - tir N0, arme: laserI => chance 25(10),  miss
[F5_4 VS F59_0]  C0 , tir vaisseau N°0/15 (Fregate standard, race: 5) , attP: (x:31|y:1020|z:82) , cible: Fregate standard, deffP: (x:21|y:1020|z:32), distance: 50
 - tir N0, arme: canon à plasmaI - chance < 0 , exit
 - tir N1, arme: canon à plasmaI - chance < 0 , exit
 - tir N2, arme: canon à plasmaI - chance < 0 , exit
 - tir N3, arme: canon à plasmaI - chance < 0 , exit
 - tir N4, arme: canon à plasmaI - chance < 0 , exit
 - tir N5, arme: canon à plasmaI - chance < 0 , exit
 - tir N6, arme: canon à plasmaI - chance < 0 , exit
 - tir N7, arme: canon à plasmaI - chance < 0 , exit
 - tir N8, arme: canon à plasmaI - chance < 0 , exit
 - tir N9, arme: canon à plasmaI - chance < 0 , exit
[F5_4 VS F59_0]  C4 , tir vaisseau N°0/25 (Destroyer standard, race: 4) , attP: (x:-22|y:1020|z:-8) 
[F5_4 VS F59_0]  C4 , tir vaisseau N°0/25 (Destroyer standard, race: 4) , attP: (x:21|y:1020|z:61) , cible: Croiseur standard, deffP: (x:21|y:1020|z:61), distance: 0
 - tir N0, arme: laserI => chance 25(10),  hit, degat (1)
 - tir N0, arme: laserI => chance 25(10),  miss
 - tir N0, arme: laserI => chance 25(10),  miss
 - tir N0, arme: laserI => chance 25(10),  miss
 - tir N0, arme: laserI => chance 25(10),  miss
 - tir N0, arme: laserI => chance 25(10),  hit, degat (1)
 - tir N0, arme: laserI => chance 25(10),  miss
 - tir N0, arme: laserI => chance 25(10),  miss
 - tir N0, arme: laserI => chance 25(10),  hit, degat (1)
 - tir N0, arme: laserI => chance 25(10),  miss
 - tir N0, arme: canon à plasmaI => chance 55(10),  hit, degat (1)
 - tir N0, arme: canon à plasmaI => chance 55(10),  hit, degat (1)
 - tir N0, arme: canon à plasmaI => chance 55(10),  miss
 - tir N0, arme: canon à plasmaI => chance 55(10),  hit, degat (1)
 - tir N0, arme: canon à plasmaI => chance 55(10),  miss
 - tir N0, arme: canon à plasmaI => chance 55(10),  miss
 - tir N0, arme: canon à plasmaI => chance 55(10),  miss
 - tir N0, arme: canon à plasmaI => chance 55(10),  miss
 - tir N0, arme: canon à plasmaI => chance 55(10),  miss
 - tir N0, arme: canon à plasmaI => chance 55(10),  miss
[F5_4 VS F59_0]  C4 , tir vaisseau N°0/3 (Torpilleur standard, race: 4) , attP: (x:-22|y:1020|z:-8) 
[F5_4 VS F59_0]  C4 , tir vaisseau N°0/15 (Fregate standard, race: 4) , attP: (x:35|y:1020|z:-4) 
[F5_4 VS F59_0]  C0 , tir vaisseau N°0/3 (Grand Bombardier standard, race: 5) , attP: (x:35|y:1020|z:-57) , cible: Croiseur standard, deffP: (x:-22|y:1020|z:-8), distance: 57
 - pas darmes valides
[F5_4 VS F59_0]  C4 , tir vaisseau N°0/3 (Torpilleur standard, race: 4) , attP: (x:-22|y:1020|z:-8) 
[F5_4 VS F59_0]  C4 , tir vaisseau N°0/3 (Torpilleur standard, race: 4) , attP: (x:21|y:2|z:-8) , cible: Fregate standard, deffP: (x:31|y:1020|z:82), distance: 1 018
 - tir N0, arme: lance-torpilleI - chance < 0 , exit
 - tir N1, arme: lance-torpilleI - chance < 0 , exit
 - tir N2, arme: lance-torpilleI - chance < 0 , exit
 - tir N3, arme: lance-torpilleI - chance < 0 , exit
[F5_4 VS F59_0]  C4 , tir vaisseau N°0/3 (Torpilleur standard, race: 4) , attP: (x:21|y:1020|z:61) , cible: Croiseur standard, deffP: (x:21|y:1020|z:61), distance: 0
 - tir N0, arme: lance-torpilleI => chance 30(10),  hit, degat (2)
 - tir N0, arme: lance-torpilleI => chance 30(10),  hit, degat (2)
 - tir N0, arme: lance-torpilleI => chance 30(10),  miss
 - tir N0, arme: lance-torpilleI => chance 30(10),  miss
[F5_4 VS F59_0]  C4 , tir vaisseau N°0/63 (Croiseur standard, race: 4) , attP: (x:-22|y:1020|z:-8) 
[F5_4 VS F59_0]  C0 , tir vaisseau N°0/63 (Croiseur standard, race: 5) , attP: (x:21|y:1020|z:61) , cible: Torpilleur standard, deffP: (x:21|y:1020|z:61), distance: 0
 - tir N0, arme: missileI => chance 40(5),  miss
 - tir N0, arme: lance-torpilleI => chance 7(5),  miss
[F5_4 VS F59_0]  C0 , tir vaisseau N°0/63 (Croiseur standard, race: 5) , attP: (x:21|y:1020|z:32) , cible: Intercepteur standard, deffP: (x:21|y:1020|z:32), distance: 0
 - tir N0, arme: canon à plasmaI => chance 25(5),  miss
 - tir N0, arme: canon à plasmaI => chance 25(5),  miss
 - tir N0, arme: canon à plasmaI => chance 25(5),  miss
 - tir N0, arme: canon à plasmaI => chance 25(5),  miss
 - tir N0, arme: canon à plasmaI => chance 25(5),  miss
 - tir N0, arme: missileI => chance 35(5),  miss
 - tir N0, arme: missileI => chance 35(5),  hit, degat (1)
[F5_4 VS F59_0]  C0 , tir vaisseau N°0/7 (Colonisateur, race: 5) , attP: (x:21|y:1020|z:55) , cible: Croiseur standard, deffP: (x:-22|y:1020|z:-8), distance: 63
 - pas darmes valides
[F5_4 VS F59_0]  C0 , tir vaisseau N°0/25 (Destroyer standard, race: 5) , attP: (x:-22|y:1020|z:-8) 
FIN DE TOUR: F1  10, F2 : 136
TOUR DE COMBAT 5
[F5_4 VS F59_0]  C4 , tir vaisseau N°0/25 (Destroyer standard, race: 4) , attP: (x:7|y:1020|z:52) , cible: Fregate standard, deffP: (x:1|y:1020|z:52), distance: 6
 - tir N0, arme: laserI => chance 18(10),  miss
 - tir N0, arme: laserI => chance 18(10),  miss
 - tir N0, arme: laserI => chance 18(10),  hit, shielded (2)
 - tir N0, arme: laserI => chance 18(10),  miss
 - tir N0, arme: laserI => chance 18(10),  miss
 - tir N0, arme: laserI => chance 18(10),  miss
 - tir N0, arme: laserI => chance 18(10),  miss
 - tir N0, arme: laserI => chance 18(10),  miss
 - tir N0, arme: canon à plasmaI => chance 34(10),  miss
 - tir N0, arme: canon à plasmaI => chance 34(10),  miss
 - tir N0, arme: canon à plasmaI => chance 34(10),  miss
 - tir N0, arme: canon à plasmaI => chance 34(10),  hit, shielded (1)
 - tir N0, arme: canon à plasmaI => chance 34(10),  miss
 - tir N0, arme: canon à plasmaI => chance 34(10),  hit, shielded (1)
 - tir N0, arme: canon à plasmaI => chance 34(10),  miss
 - tir N0, arme: canon à plasmaI => chance 34(10),  miss
 - tir N0, arme: canon à plasmaI => chance 34(10),  miss
[F5_4 VS F59_0]  C4 , tir vaisseau N°0/25 (Destroyer standard, race: 4) , attP: (x:21|y:1020|z:32) , cible: Croiseur standard, deffP: (x:21|y:1020|z:32), distance: 0
 - tir N0, arme: laserI => chance 25(10),  hit, degat (1)
 - tir N0, arme: laserI => chance 25(10),  miss
 - tir N0, arme: laserI => chance 25(10),  hit, degat (1)
 - tir N0, arme: laserI => chance 25(10),  hit, degat (1)
 - tir N0, arme: laserI => chance 25(10),  miss
 - tir N0, arme: laserI => chance 25(10),  miss
 - tir N0, arme: laserI => chance 25(10),  hit, degat (1)
 - tir N0, arme: laserI => chance 25(10),  miss
 - tir N0, arme: laserI => chance 25(10),  hit, degat (1)
 - tir N0, arme: laserI => chance 25(10),  miss
 - tir N0, arme: canon à plasmaI => chance 55(10),  miss
 - tir N0, arme: canon à plasmaI => chance 55(10),  hit, degat (1)
 - tir N0, arme: canon à plasmaI => chance 55(10),  miss
 - tir N0, arme: canon à plasmaI => chance 55(10),  hit, degat (1)
 - tir N0, arme: canon à plasmaI => chance 55(10),  miss
 - tir N0, arme: canon à plasmaI => chance 55(10),  hit, degat (1)
 - tir N0, arme: canon à plasmaI => chance 55(10),  miss
 - tir N0, arme: canon à plasmaI => chance 55(10),  hit, degat (1)
 - tir N0, arme: canon à plasmaI => chance 55(10),  hit, degat (1)
 - tir N0, arme: canon à plasmaI => chance 55(10),  miss
[F5_4 VS F59_0]  C4 , tir vaisseau N°0/15 (Fregate standard, race: 4) , attP: (x:23|y:1020|z:8) , cible: Colonisateur, deffP: (x:21|y:1020|z:15), distance: 7
 - tir N0, arme: canon à plasmaI => chance 28(9),  miss
 - tir N0, arme: canon à plasmaI => chance 28(9),  hit, degat (1)
 - tir N0, arme: canon à plasmaI => chance 28(9),  miss
 - tir N0, arme: canon à plasmaI => chance 28(9),  miss
 - tir N0, arme: canon à plasmaI => chance 28(9),  miss
 - tir N0, arme: canon à plasmaI => chance 28(9),  miss
 - tir N0, arme: canon à plasmaI => chance 28(9),  hit, degat (1)
 - tir N0, arme: canon à plasmaI => chance 28(9),  hit, degat (1)
 - tir N0, arme: canon à plasmaI => chance 28(9),  miss
 - tir N0, arme: canon à plasmaI => chance 28(9),  hit, degat (1)
[F5_4 VS F59_0]  C4 , tir vaisseau N°0/0 (Intercepteur standard, race: 4) , attP: (x:21|y:1020|z:32) , cible: Croiseur standard, deffP: (x:21|y:1020|z:32), distance: 0
 - tir N0, arme: laserI => chance 25(10),  miss
[F5_4 VS F59_0]  C4 , tir vaisseau N°0/15 (Fregate standard, race: 4) , attP: (x:21|y:1020|z:32) , cible: Croiseur standard, deffP: (x:21|y:1020|z:32), distance: 0
 - tir N0, arme: canon à plasmaI => chance 55(10),  miss
 - tir N0, arme: canon à plasmaI => chance 55(10),  miss
 - tir N0, arme: canon à plasmaI => chance 55(10),  miss
 - tir N0, arme: canon à plasmaI => chance 55(10),  hit, degat (1)
 - tir N0, arme: canon à plasmaI => chance 55(10),  hit, degat (1)
 - tir N0, arme: canon à plasmaI => chance 55(10),  miss
 - tir N0, arme: canon à plasmaI => chance 55(10),  miss
 - tir N0, arme: canon à plasmaI => chance 55(10),  miss
 - tir N0, arme: canon à plasmaI => chance 55(10),  hit, degat (1)
 - tir N0, arme: canon à plasmaI => chance 55(10),  hit, degat (1)
[F5_4 VS F59_0]  C4 , tir vaisseau N°0/25 (Destroyer standard, race: 4) , attP: (x:88|y:1020|z:21) , cible: Croiseur standard, deffP: (x:88|y:1020|z:21), distance: 0
 - tir N0, arme: laserI => chance 25(10),  hit, degat (1)
 - tir N0, arme: laserI => chance 25(10),  miss
 - tir N0, arme: laserI => chance 25(10),  miss
 - tir N0, arme: laserI => chance 25(10),  miss
 - tir N0, arme: laserI => chance 25(10),  miss
 - tir N0, arme: laserI => chance 25(10),  hit, degat (1)
 - tir N0, arme: laserI => chance 25(10),  miss
 - tir N0, arme: laserI => chance 25(10),  miss
 - tir N0, arme: laserI => chance 25(10),  hit, degat (1)
 - tir N0, arme: laserI => chance 25(10),  miss
 - tir N0, arme: canon à plasmaI => chance 55(10),  miss
 - tir N0, arme: canon à plasmaI => chance 55(10),  miss
 - tir N0, arme: canon à plasmaI => chance 55(10),  miss
 - tir N0, arme: canon à plasmaI => chance 55(10),  miss
 - tir N0, arme: canon à plasmaI => chance 55(10),  hit, degat (1)
 - tir N0, arme: canon à plasmaI => chance 55(10),  hit, degat (1)
 - tir N0, arme: canon à plasmaI => chance 55(10),  hit, degat (1)
 - tir N0, arme: canon à plasmaI => chance 55(10),  hit, degat (1)
 - tir N0, arme: canon à plasmaI => chance 55(10),  miss
 - tir N0, arme: canon à plasmaI => chance 55(10),  hit, degat (1)
[F5_4 VS F59_0]  C4 , tir vaisseau N°0/15 (Fregate standard, race: 4) , attP: (x:21|y:1020|z:32) , cible: Croiseur standard, deffP: (x:21|y:1020|z:32), distance: 0
 - tir N0, arme: canon à plasmaI => chance 55(10),  hit, degat (1)
 - tir N0, arme: canon à plasmaI => chance 55(10),  miss
 - tir N0, arme: canon à plasmaI => chance 55(10),  hit, degat (1)
 - tir N0, arme: canon à plasmaI => chance 55(10),  hit, degat (1)
 - tir N0, arme: canon à plasmaI => chance 55(10),  hit, degat (1)
 - tir N0, arme: canon à plasmaI => chance 55(10),  miss
 - tir N0, arme: canon à plasmaI => chance 55(10),  hit, degat (1)
 - tir N0, arme: canon à plasmaI => chance 55(10),  miss
 - tir N0, arme: canon à plasmaI => chance 55(10),  hit, degat (1)
 - tir N0, arme: canon à plasmaI => chance 55(10),  hit, degat (1)
[F5_4 VS F59_0]  C4 , tir vaisseau N°0/3 (Torpilleur standard, race: 4) , attP: (x:88|y:1020|z:21) , cible: Croiseur standard, deffP: (x:88|y:1020|z:21), distance: 0
 - tir N0, arme: lance-torpilleI => chance 30(10),  miss
 - tir N0, arme: lance-torpilleI => chance 30(10),  hit, degat (2)
 - tir N0, arme: lance-torpilleI => chance 30(10),  hit, degat (2)
 - tir N0, arme: lance-torpilleI => chance 30(10),  miss
[F5_4 VS F59_0]  C0 , tir vaisseau N°0/15 (Fregate standard, race: 5) , attP: (x:1|y:1020|z:52) , cible: Croiseur standard, deffP: (x:31|y:1020|z:82), distance: 30
 - tir N0, arme: canon à plasmaI - chance < 0 , exit
 - tir N1, arme: canon à plasmaI - chance < 0 , exit
 - tir N2, arme: canon à plasmaI - chance < 0 , exit
 - tir N3, arme: canon à plasmaI - chance < 0 , exit
 - tir N4, arme: canon à plasmaI - chance < 0 , exit
 - tir N5, arme: canon à plasmaI - chance < 0 , exit
 - tir N6, arme: canon à plasmaI - chance < 0 , exit
 - tir N7, arme: canon à plasmaI - chance < 0 , exit
 - tir N8, arme: canon à plasmaI - chance < 0 , exit
 - tir N9, arme: canon à plasmaI - chance < 0 , exit
[F5_4 VS F59_0]  C4 , tir vaisseau N°0/0 (Intercepteur standard, race: 4) , attP: (x:21|y:1020|z:32) , cible: Croiseur standard, deffP: (x:21|y:1020|z:32), distance: 0
 - tir N0, arme: laserI => chance 25(10),  miss
[F5_4 VS F59_0]  C0 , tir vaisseau N°0/0 (Intercepteur standard, race: 5) , attP: (x:29|y:1020|z:-8) , cible: Intercepteur standard, deffP: (x:21|y:1020|z:32), distance: 40
 - tir N0, arme: laserI - chance < 0 , exit
[F5_4 VS F59_0]  C4 , tir vaisseau N°0/3 (Torpilleur standard, race: 4) , attP: (x:31|y:1020|z:82) , cible: Fregate standard, deffP: (x:1|y:1020|z:52), distance: 30
 - tir N0, arme: lance-torpilleI - chance < 0 , exit
 - tir N1, arme: lance-torpilleI - chance < 0 , exit
 - tir N2, arme: lance-torpilleI - chance < 0 , exit
 - tir N3, arme: lance-torpilleI - chance < 0 , exit
[F5_4 VS F59_0]  C4 , tir vaisseau N°0/3 (Torpilleur standard, race: 4) , attP: (x:21|y:1020|z:32) , cible: Croiseur standard, deffP: (x:21|y:1020|z:32), distance: 0
 - tir N0, arme: lance-torpilleI => chance 30(10),  miss
 - tir N0, arme: lance-torpilleI => chance 30(10),  miss
 - tir N0, arme: lance-torpilleI => chance 30(10),  hit, degat (2)
 - tir N0, arme: lance-torpilleI => chance 30(10),  hit, degat (2)
[F5_4 VS F59_0]  C4 , tir vaisseau N°0/3 (Torpilleur standard, race: 4) , attP: (x:21|y:1020|z:32) , cible: Croiseur standard, deffP: (x:21|y:1020|z:32), distance: 0
 - tir N0, arme: lance-torpilleI => chance 30(10),  hit, degat (2)
 - tir N0, arme: lance-torpilleI => chance 30(10),  miss
 - tir N0, arme: lance-torpilleI => chance 30(10),  miss
 - tir N0, arme: lance-torpilleI => chance 30(10),  miss
[F5_4 VS F59_0]  C4 , tir vaisseau N°0/3 (Torpilleur standard, race: 4) , attP: (x:35|y:1020|z:76) , cible: Grand Bombardier standard, deffP: (x:35|y:1020|z:76), distance: 0
 - tir N0, arme: lance-torpilleI => chance 12(10),  miss
 - tir N0, arme: lance-torpilleI => chance 12(10),  miss
 - tir N0, arme: lance-torpilleI => chance 12(10),  miss
 - tir N0, arme: lance-torpilleI => chance 12(10),  miss
[F5_4 VS F59_0]  C4 , tir vaisseau N°0/3 (Torpilleur standard, race: 4) , attP: (x:21|y:1020|z:32) , cible: Croiseur standard, deffP: (x:21|y:1020|z:32), distance: 0
 - tir N0, arme: lance-torpilleI => chance 30(10),  miss
 - tir N0, arme: lance-torpilleI => chance 30(10),  hit, degat (2)
 - tir N0, arme: lance-torpilleI => chance 30(10),  miss
 - tir N0, arme: lance-torpilleI => chance 30(10),  miss
[F5_4 VS F59_0]  C4 , tir vaisseau N°0/63 (Croiseur standard, race: 4) , attP: (x:31|y:1020|z:82) , cible: Fregate standard, deffP: (x:1|y:1020|z:52), distance: 30
 - tir N0, arme: canon à plasmaI - chance < 0 , exit
 - tir N1, arme: canon à plasmaI - chance < 0 , exit
 - tir N2, arme: canon à plasmaI - chance < 0 , exit
 - tir N3, arme: canon à plasmaI - chance < 0 , exit
 - tir N4, arme: canon à plasmaI - chance < 0 , exit
 - tir N5, arme: canon à plasmaI - chance < 0 , exit
 - tir N6, arme: canon à plasmaI - chance < 0 , exit
 - tir N7, arme: canon à plasmaI - chance < 0 , exit
 - tir N8, arme: canon à plasmaI - chance < 0 , exit
 - tir N9, arme: canon à plasmaI - chance < 0 , exit
 - tir N10, arme: missileI - chance < 0 , exit
 - tir N11, arme: missileI - chance < 0 , exit
 - tir N12, arme: missileI - chance < 0 , exit
 - tir N13, arme: missileI - chance < 0 , exit
 - tir N14, arme: missileI - chance < 0 , exit
 - tir N15, arme: missileI - chance < 0 , exit
 - tir N16, arme: missileI - chance < 0 , exit
 - tir N17, arme: missileI - chance < 0 , exit
 - tir N18, arme: missileI - chance < 0 , exit
 - tir N19, arme: lance-torpilleI - chance < 0 , exit
 - tir N20, arme: lance-torpilleI - chance < 0 , exit
 - tir N21, arme: lance-torpilleI - chance < 0 , exit
 - tir N22, arme: lance-torpilleI - chance < 0 , exit
 - tir N23, arme: lance-torpilleI - chance < 0 , exit
 - tir N24, arme: lance-torpilleI - chance < 0 , exit
 - tir N25, arme: lance-torpilleI - chance < 0 , exit
 - tir N26, arme: lance-torpilleI - chance < 0 , exit
 - tir N27, arme: lance-torpilleI - chance < 0 , exit
[F5_4 VS F59_0]  C4 , tir vaisseau N°0/0 (Intercepteur standard, race: 4) , attP: (x:21|y:1020|z:32) , cible: Croiseur standard, deffP: (x:21|y:1020|z:32), distance: 0
 - tir N0, arme: laserI => chance 25(10),  miss
[F5_4 VS F59_0]  C0 , tir vaisseau N°0/63 (Croiseur standard, race: 5) , attP: (x:21|y:1020|z:32) , cible: Croiseur standard, deffP: (x:31|y:1020|z:82), distance: 50
 - pas darmes valides
[F5_4 VS F59_0]  C0 , tir vaisseau N°0/63 (Croiseur standard, race: 5) , attP: (x:88|y:1020|z:21) , cible: Torpilleur standard, deffP: (x:88|y:1020|z:21), distance: 0
 - pas darmes valides
[F5_4 VS F59_0]  C0 , tir vaisseau N°0/7 (Colonisateur, race: 5) , attP: (x:21|y:1020|z:15) , cible: Croiseur standard, deffP: (x:31|y:1020|z:82), distance: 67
 - pas darmes valides
[F5_4 VS F59_0]  C0 , tir vaisseau N°0/3 (Grand Bombardier standard, race: 5) , attP: (x:35|y:1020|z:76) , cible: Croiseur standard, deffP: (x:31|y:1020|z:82), distance: 6
 - pas darmes valides
FIN DE TOUR: F1  10, F2 : 181
TOUR DE COMBAT 6
[F5_4 VS F59_0]  C4 , tir vaisseau N°0/25 (Destroyer standard, race: 4) , attP: (x:48|y:1020|z:84) , cible: Croiseur standard, deffP: (x:48|y:1020|z:84), distance: 0
 - tir N0, arme: laserI => chance 25(10),  hit, degat (1)
 - tir N0, arme: laserI => chance 25(10),  miss
 - tir N0, arme: laserI => chance 25(10),  miss
 - tir N0, arme: laserI => chance 25(10),  miss
 - tir N0, arme: laserI => chance 25(10),  miss
 - tir N0, arme: laserI => chance 25(10),  miss
 - tir N0, arme: laserI => chance 25(10),  miss
 - tir N0, arme: laserI => chance 25(10),  miss
 - tir N0, arme: laserI => chance 25(10),  miss
 - tir N0, arme: laserI => chance 25(10),  miss
 - tir N0, arme: canon à plasmaI => chance 55(10),  hit, degat (1)
 - tir N0, arme: canon à plasmaI => chance 55(10),  miss
 - tir N0, arme: canon à plasmaI => chance 55(10),  hit, degat (1)
 - tir N0, arme: canon à plasmaI => chance 55(10),  miss
 - tir N0, arme: canon à plasmaI => chance 55(10),  miss
 - tir N0, arme: canon à plasmaI => chance 55(10),  miss
 - tir N0, arme: canon à plasmaI => chance 55(10),  hit, degat (1)
 - tir N0, arme: canon à plasmaI => chance 55(10),  miss
 - tir N0, arme: canon à plasmaI => chance 55(10),  miss
 - tir N0, arme: canon à plasmaI => chance 55(10),  hit, degat (1)
[F5_4 VS F59_0]  C0 , tir vaisseau N°0/15 (Fregate standard, race: 5) , attP: (x:-30|y:1020|z:57) , cible: Destroyer standard, deffP: (x:18|y:1020|z:23), distance: 48
 - tir N0, arme: canon à plasmaI - chance < 0 , exit
 - tir N1, arme: canon à plasmaI - chance < 0 , exit
 - tir N2, arme: canon à plasmaI - chance < 0 , exit
 - tir N3, arme: canon à plasmaI - chance < 0 , exit
 - tir N4, arme: canon à plasmaI - chance < 0 , exit
 - tir N5, arme: canon à plasmaI - chance < 0 , exit
 - tir N6, arme: canon à plasmaI - chance < 0 , exit
 - tir N7, arme: canon à plasmaI - chance < 0 , exit
 - tir N8, arme: canon à plasmaI - chance < 0 , exit
 - tir N9, arme: canon à plasmaI - chance < 0 , exit
[F5_4 VS F59_0]  C4 , tir vaisseau N°0/25 (Destroyer standard, race: 4) , attP: (x:21|y:1020|z:32) , cible: Croiseur standard, deffP: (x:21|y:1020|z:32), distance: 0
 - tir N0, arme: laserI => chance 25(10),  miss
 - tir N0, arme: laserI => chance 25(10),  hit, degat (1)
 - tir N0, arme: laserI => chance 25(10),  hit, degat (1)
 - tir N0, arme: laserI => chance 25(10),  hit, degat (1)
 - tir N0, arme: laserI => chance 25(10),  hit, degat (1)
 - tir N0, arme: laserI => chance 25(10),  hit, degat (1), cible detruire
[F5_4 VS F59_0]  C4 , tir vaisseau N°0/25 (Destroyer standard, race: 4) , attP: (x:18|y:1020|z:23) 
[F5_4 VS F59_0]  C0 , tir vaisseau N°0/0 (Intercepteur standard, race: 5) , attP: (x:72|y:1020|z:72) , cible: Croiseur standard, deffP: (x:22|y:1020|z:51), distance: 50
 - tir N0, arme: laserI - chance < 0 , exit
[F5_4 VS F59_0]  C4 , tir vaisseau N°0/0 (Intercepteur standard, race: 4) , attP: (x:21|y:1020|z:17) , cible: Colonisateur, deffP: (x:21|y:1020|z:15), distance: 2
 - tir N0, arme: laserI => chance 36(9),  hit, degat (1)
[F5_4 VS F59_0]  C4 , tir vaisseau N°0/0 (Intercepteur standard, race: 4) , attP: (x:21|y:1020|z:32) 
[F5_4 VS F59_0]  C4 , tir vaisseau N°0/15 (Fregate standard, race: 4) , attP: (x:21|y:1020|z:36) 
[F5_4 VS F59_0]  C4 , tir vaisseau N°0/15 (Fregate standard, race: 4) , attP: (x:21|y:1020|z:32) 
[F5_4 VS F59_0]  C4 , tir vaisseau N°0/15 (Fregate standard, race: 4) , attP: (x:21|y:1020|z:32) 
[F5_4 VS F59_0]  C4 , tir vaisseau N°0/3 (Torpilleur standard, race: 4) , attP: (x:21|y:1020|z:32) 
[F5_4 VS F59_0]  C4 , tir vaisseau N°0/3 (Torpilleur standard, race: 4) , attP: (x:35|y:1020|z:35) , cible: Grand Bombardier standard, deffP: (x:35|y:1020|z:36), distance: 1
 - tir N0, arme: lance-torpilleI => chance 11(10),  miss
 - tir N0, arme: lance-torpilleI => chance 11(10),  miss
 - tir N0, arme: lance-torpilleI => chance 11(10),  miss
 - tir N0, arme: lance-torpilleI => chance 11(10),  miss
[F5_4 VS F59_0]  C4 , tir vaisseau N°0/3 (Torpilleur standard, race: 4) , attP: (x:21|y:1020|z:32) 
[F5_4 VS F59_0]  C4 , tir vaisseau N°0/3 (Torpilleur standard, race: 4) , attP: (x:21|y:1020|z:32) 
[F5_4 VS F59_0]  C4 , tir vaisseau N°0/3 (Torpilleur standard, race: 4) , attP: (x:21|y:1020|z:32) 
[F5_4 VS F59_0]  C4 , tir vaisseau N°0/63 (Croiseur standard, race: 4) , attP: (x:22|y:1020|z:51) 
[F5_4 VS F59_0]  C4 , tir vaisseau N°0/3 (Torpilleur standard, race: 4) , attP: (x:35|y:1020|z:18) , cible: Fregate standard, deffP: (x:-30|y:1020|z:57), distance: 65
 - tir N0, arme: lance-torpilleI - chance < 0 , exit
 - tir N1, arme: lance-torpilleI - chance < 0 , exit
 - tir N2, arme: lance-torpilleI - chance < 0 , exit
 - tir N3, arme: lance-torpilleI - chance < 0 , exit
[F5_4 VS F59_0]  C4 , tir vaisseau N°0/0 (Intercepteur standard, race: 4) , attP: (x:21|y:1020|z:32) , cible: Colonisateur, deffP: (x:21|y:1020|z:15), distance: 17
 - tir N0, arme: laserI - chance < 0 , exit
[F5_4 VS F59_0]  C0 , tir vaisseau N°0/7 (Colonisateur, race: 5) , attP: (x:21|y:1020|z:15) , cible: Destroyer standard, deffP: (x:21|y:1020|z:32), distance: 17
 - pas darmes valides
[F5_4 VS F59_0]  C0 , tir vaisseau N°0/3 (Grand Bombardier standard, race: 5) , attP: (x:35|y:1020|z:36) , cible: Intercepteur standard, deffP: (x:21|y:1020|z:17), distance: 19
 - pas darmes valides
[F5_4 VS F59_0]  C0 , tir vaisseau N°0/63 (Croiseur standard, race: 5) , attP: (x:21|y:1020|z:32) 
[F5_4 VS F59_0]  C0 , tir vaisseau N°0/63 (Croiseur standard, race: 5) , attP: (x:48|y:1020|z:84) , cible: Croiseur standard, deffP: (x:22|y:1020|z:51), distance: 33
 - pas darmes valides
FIN DE TOUR: F1  10, F2 : 192
TOUR DE COMBAT 7
[F5_4 VS F59_0]  C4 , tir vaisseau N°0/0 (Intercepteur standard, race: 4) , attP: (x:36|y:1020|z:23) , cible: Fregate standard, deffP: (x:0|y:1020|z:23), distance: 36
 - tir N0, arme: laserI - chance < 0 , exit
[F5_4 VS F59_0]  C4 , tir vaisseau N°0/0 (Intercepteur standard, race: 4) , attP: (x:36|y:1020|z:23) , cible: Fregate standard, deffP: (x:0|y:1020|z:23), distance: 36
 - tir N0, arme: laserI - chance < 0 , exit
[F5_4 VS F59_0]  C4 , tir vaisseau N°0/15 (Fregate standard, race: 4) , attP: (x:9|y:1020|z:44) , cible: Croiseur standard, deffP: (x:48|y:1020|z:44), distance: 39
 - tir N0, arme: canon à plasmaI - chance < 0 , exit
 - tir N1, arme: canon à plasmaI - chance < 0 , exit
 - tir N2, arme: canon à plasmaI - chance < 0 , exit
 - tir N3, arme: canon à plasmaI - chance < 0 , exit
 - tir N4, arme: canon à plasmaI - chance < 0 , exit
 - tir N5, arme: canon à plasmaI - chance < 0 , exit
 - tir N6, arme: canon à plasmaI - chance < 0 , exit
 - tir N7, arme: canon à plasmaI - chance < 0 , exit
 - tir N8, arme: canon à plasmaI - chance < 0 , exit
 - tir N9, arme: canon à plasmaI - chance < 0 , exit
[F5_4 VS F59_0]  C4 , tir vaisseau N°0/25 (Destroyer standard, race: 4) , attP: (x:10|y:1020|z:43) , cible: Croiseur standard, deffP: (x:48|y:1020|z:44), distance: 38
 - tir N0, arme: laserI - chance < 0 , exit
 - tir N1, arme: laserI - chance < 0 , exit
 - tir N2, arme: laserI - chance < 0 , exit
 - tir N3, arme: laserI - chance < 0 , exit
 - tir N4, arme: laserI - chance < 0 , exit
 - tir N5, arme: laserI - chance < 0 , exit
 - tir N6, arme: laserI - chance < 0 , exit
 - tir N7, arme: laserI - chance < 0 , exit
 - tir N8, arme: laserI - chance < 0 , exit
 - tir N9, arme: laserI - chance < 0 , exit
 - tir N10, arme: canon à plasmaI - chance < 0 , exit
 - tir N11, arme: canon à plasmaI - chance < 0 , exit
 - tir N12, arme: canon à plasmaI - chance < 0 , exit
 - tir N13, arme: canon à plasmaI - chance < 0 , exit
 - tir N14, arme: canon à plasmaI - chance < 0 , exit
 - tir N15, arme: canon à plasmaI - chance < 0 , exit
 - tir N16, arme: canon à plasmaI - chance < 0 , exit
 - tir N17, arme: canon à plasmaI - chance < 0 , exit
 - tir N18, arme: canon à plasmaI - chance < 0 , exit
 - tir N19, arme: canon à plasmaI - chance < 0 , exit
[F5_4 VS F59_0]  C4 , tir vaisseau N°0/15 (Fregate standard, race: 4) , attP: (x:62|y:1020|z:8) , cible: Colonisateur, deffP: (x:62|y:1020|z:15), distance: 7
 - tir N0, arme: canon à plasmaI => chance 28(9),  hit, degat (1), cible detruire
[F5_4 VS F59_0]  C4 , tir vaisseau N°0/25 (Destroyer standard, race: 4) , attP: (x:48|y:1020|z:44) , cible: Croiseur standard, deffP: (x:48|y:1020|z:44), distance: 0
 - tir N0, arme: laserI => chance 25(10),  miss
 - tir N0, arme: laserI => chance 25(10),  miss
 - tir N0, arme: laserI => chance 25(10),  miss
 - tir N0, arme: laserI => chance 25(10),  miss
 - tir N0, arme: laserI => chance 25(10),  miss
 - tir N0, arme: laserI => chance 25(10),  miss
 - tir N0, arme: laserI => chance 25(10),  miss
 - tir N0, arme: laserI => chance 25(10),  miss
 - tir N0, arme: laserI => chance 25(10),  hit, degat (1)
 - tir N0, arme: laserI => chance 25(10),  miss
 - tir N0, arme: canon à plasmaI => chance 55(10),  hit, degat (1)
 - tir N0, arme: canon à plasmaI => chance 55(10),  hit, degat (1)
 - tir N0, arme: canon à plasmaI => chance 55(10),  hit, degat (1)
 - tir N0, arme: canon à plasmaI => chance 55(10),  miss
 - tir N0, arme: canon à plasmaI => chance 55(10),  miss
 - tir N0, arme: canon à plasmaI => chance 55(10),  hit, degat (1)
 - tir N0, arme: canon à plasmaI => chance 55(10),  hit, degat (1)
 - tir N0, arme: canon à plasmaI => chance 55(10),  miss
 - tir N0, arme: canon à plasmaI => chance 55(10),  hit, degat (1)
 - tir N0, arme: canon à plasmaI => chance 55(10),  hit, degat (1)
[F5_4 VS F59_0]  C0 , tir vaisseau N°0/0 (Intercepteur standard, race: 5) , attP: (x:45|y:1020|z:45) , cible: Destroyer standard, deffP: (x:48|y:1020|z:44), distance: 3
 - tir N0, arme: laserI => chance 18(5),  miss
[F5_4 VS F59_0]  C0 , tir vaisseau N°0/15 (Fregate standard, race: 5) , attP: (x:0|y:1020|z:23) , cible: Destroyer standard, deffP: (x:29|y:1020|z:34), distance: 29
 - tir N0, arme: canon à plasmaI - chance < 0 , exit
 - tir N1, arme: canon à plasmaI - chance < 0 , exit
 - tir N2, arme: canon à plasmaI - chance < 0 , exit
 - tir N3, arme: canon à plasmaI - chance < 0 , exit
 - tir N4, arme: canon à plasmaI - chance < 0 , exit
 - tir N5, arme: canon à plasmaI - chance < 0 , exit
 - tir N6, arme: canon à plasmaI - chance < 0 , exit
 - tir N7, arme: canon à plasmaI - chance < 0 , exit
 - tir N8, arme: canon à plasmaI - chance < 0 , exit
 - tir N9, arme: canon à plasmaI - chance < 0 , exit
[F5_4 VS F59_0]  C4 , tir vaisseau N°0/3 (Torpilleur standard, race: 4) , attP: (x:35|y:1020|z:36) , cible: Grand Bombardier standard, deffP: (x:35|y:1020|z:36), distance: 0
 - tir N0, arme: lance-torpilleI => chance 12(10),  miss
 - tir N0, arme: lance-torpilleI => chance 12(10),  miss
 - tir N0, arme: lance-torpilleI => chance 12(10),  miss
 - tir N0, arme: lance-torpilleI => chance 12(10),  miss
[F5_4 VS F59_0]  C4 , tir vaisseau N°0/3 (Torpilleur standard, race: 4) , attP: (x:48|y:1020|z:44) , cible: Croiseur standard, deffP: (x:48|y:1020|z:44), distance: 0
 - tir N0, arme: lance-torpilleI => chance 30(10),  hit, degat (2), cible detruire
[F5_4 VS F59_0]  C4 , tir vaisseau N°0/3 (Torpilleur standard, race: 4) , attP: (x:62|y:1020|z:18) 
[F5_4 VS F59_0]  C4 , tir vaisseau N°0/25 (Destroyer standard, race: 4) , attP: (x:29|y:1020|z:34) , cible: Grand Bombardier standard, deffP: (x:35|y:1020|z:36), distance: 6
 - tir N0, arme: laserI => chance 24(10),  miss
 - tir N0, arme: laserI => chance 24(10),  hit, degat (1)
 - tir N0, arme: laserI => chance 24(10),  hit, degat (1)
 - tir N0, arme: laserI => chance 24(10),  miss
 - tir N0, arme: laserI => chance 24(10),  miss
 - tir N0, arme: laserI => chance 24(10),  miss
 - tir N0, arme: laserI => chance 24(10),  miss
 - tir N0, arme: laserI => chance 24(10),  miss
 - tir N0, arme: canon à plasmaI => chance 29(10),  miss
 - tir N0, arme: canon à plasmaI => chance 29(10),  hit, degat (1)
 - tir N0, arme: canon à plasmaI => chance 29(10),  miss
 - tir N0, arme: canon à plasmaI => chance 29(10),  miss
 - tir N0, arme: canon à plasmaI => chance 29(10),  hit, degat (1)
 - tir N0, arme: canon à plasmaI => chance 29(10),  hit, degat (1)
 - tir N0, arme: canon à plasmaI => chance 29(10),  miss
 - tir N0, arme: canon à plasmaI => chance 29(10),  miss
 - tir N0, arme: canon à plasmaI => chance 29(10),  miss
[F5_4 VS F59_0]  C4 , tir vaisseau N°0/15 (Fregate standard, race: 4) , attP: (x:62|y:1020|z:20) 
[F5_4 VS F59_0]  C4 , tir vaisseau N°0/3 (Torpilleur standard, race: 4) , attP: (x:48|y:1020|z:44) 
[F5_4 VS F59_0]  C4 , tir vaisseau N°0/3 (Torpilleur standard, race: 4) , attP: (x:48|y:1020|z:44) 
[F5_4 VS F59_0]  C4 , tir vaisseau N°0/3 (Torpilleur standard, race: 4) , attP: (x:48|y:1020|z:44) 
[F5_4 VS F59_0]  C4 , tir vaisseau N°0/63 (Croiseur standard, race: 4) , attP: (x:31|y:1020|z:57) , cible: Fregate standard, deffP: (x:0|y:1020|z:23), distance: 34
 - tir N0, arme: canon à plasmaI - chance < 0 , exit
 - tir N1, arme: canon à plasmaI - chance < 0 , exit
 - tir N2, arme: canon à plasmaI - chance < 0 , exit
 - tir N3, arme: canon à plasmaI - chance < 0 , exit
 - tir N4, arme: canon à plasmaI - chance < 0 , exit
 - tir N5, arme: canon à plasmaI - chance < 0 , exit
 - tir N6, arme: canon à plasmaI - chance < 0 , exit
 - tir N7, arme: canon à plasmaI - chance < 0 , exit
 - tir N8, arme: canon à plasmaI - chance < 0 , exit
 - tir N9, arme: canon à plasmaI - chance < 0 , exit
 - tir N10, arme: missileI - chance < 0 , exit
 - tir N11, arme: missileI - chance < 0 , exit
 - tir N12, arme: missileI - chance < 0 , exit
 - tir N13, arme: missileI - chance < 0 , exit
 - tir N14, arme: missileI - chance < 0 , exit
 - tir N15, arme: missileI - chance < 0 , exit
 - tir N16, arme: missileI - chance < 0 , exit
 - tir N17, arme: missileI - chance < 0 , exit
 - tir N18, arme: missileI - chance < 0 , exit
 - tir N19, arme: lance-torpilleI - chance < 0 , exit
 - tir N20, arme: lance-torpilleI - chance < 0 , exit
 - tir N21, arme: lance-torpilleI - chance < 0 , exit
 - tir N22, arme: lance-torpilleI - chance < 0 , exit
 - tir N23, arme: lance-torpilleI - chance < 0 , exit
 - tir N24, arme: lance-torpilleI - chance < 0 , exit
 - tir N25, arme: lance-torpilleI - chance < 0 , exit
 - tir N26, arme: lance-torpilleI - chance < 0 , exit
 - tir N27, arme: lance-torpilleI - chance < 0 , exit
[F5_4 VS F59_0]  C4 , tir vaisseau N°0/0 (Intercepteur standard, race: 4) , attP: (x:21|y:1020|z:32) , cible: Fregate standard, deffP: (x:0|y:1020|z:23), distance: 21
 - tir N0, arme: laserI - chance < 0 , exit
[F5_4 VS F59_0]  C0 , tir vaisseau N°0/63 (Croiseur standard, race: 5) , attP: (x:48|y:1020|z:44) 
[F5_4 VS F59_0]  C0 , tir vaisseau N°0/7 (Colonisateur, race: 5) , attP: (x:62|y:1020|z:15) 
[F5_4 VS F59_0]  C0 , tir vaisseau N°0/3 (Grand Bombardier standard, race: 5) , attP: (x:35|y:1020|z:36) , cible: Croiseur standard, deffP: (x:31|y:1020|z:57), distance: 21
 - pas darmes valides
FIN DE TOUR: F1  10, F2 : 207
TOUR DE COMBAT 8
[F5_4 VS F59_0]  C4 , tir vaisseau N°0/25 (Destroyer standard, race: 4) , attP: (x:58|y:1020|z:55) , cible: Intercepteur standard, deffP: (x:58|y:1020|z:58), distance: 3
 - tir N0, arme: laserI => chance 43(10),  hit, degat (1)
 - tir N0, arme: laserI => chance 43(10),  miss
 - tir N0, arme: laserI => chance 43(10),  hit, degat (1), cible detruire
[F5_4 VS F59_0]  C4 , tir vaisseau N°0/25 (Destroyer standard, race: 4) , attP: (x:79|y:1020|z:33) , cible: Fregate standard, deffP: (x:79|y:1020|z:33), distance: 0
 - tir N0, arme: laserI => chance 35(10),  miss
 - tir N0, arme: laserI => chance 35(10),  hit, shielded (2)
 - tir N0, arme: laserI => chance 35(10),  hit, shielded (2)
 - tir N0, arme: laserI => chance 35(10),  miss
 - tir N0, arme: laserI => chance 35(10),  miss
 - tir N0, arme: laserI => chance 35(10),  miss
 - tir N0, arme: laserI => chance 35(10),  miss
 - tir N0, arme: laserI => chance 35(10),  hit, shielded (2)
 - tir N0, arme: laserI => chance 35(10),  hit, degat (1)
 - tir N0, arme: laserI => chance 35(10),  miss
 - tir N0, arme: canon à plasmaI => chance 55(10),  hit, degat (1)
 - tir N0, arme: canon à plasmaI => chance 55(10),  miss
 - tir N0, arme: canon à plasmaI => chance 55(10),  hit, degat (1)
 - tir N0, arme: canon à plasmaI => chance 55(10),  hit, degat (1)
 - tir N0, arme: canon à plasmaI => chance 55(10),  hit, degat (1)
 - tir N0, arme: canon à plasmaI => chance 55(10),  hit, degat (1)
 - tir N0, arme: canon à plasmaI => chance 55(10),  hit, degat (1)
 - tir N0, arme: canon à plasmaI => chance 55(10),  hit, degat (1)
 - tir N0, arme: canon à plasmaI => chance 55(10),  hit, degat (1)
 - tir N0, arme: canon à plasmaI => chance 55(10),  miss
[F5_4 VS F59_0]  C4 , tir vaisseau N°0/0 (Intercepteur standard, race: 4) , attP: (x:21|y:1020|z:58) 
[F5_4 VS F59_0]  C0 , tir vaisseau N°0/15 (Fregate standard, race: 5) , attP: (x:79|y:1020|z:33) , cible: Torpilleur standard, deffP: (x:0|y:1020|z:23), distance: 79
 - tir N0, arme: canon à plasmaI - chance < 0 , exit
 - tir N1, arme: canon à plasmaI - chance < 0 , exit
 - tir N2, arme: canon à plasmaI - chance < 0 , exit
 - tir N3, arme: canon à plasmaI - chance < 0 , exit
 - tir N4, arme: canon à plasmaI - chance < 0 , exit
[F5_4 VS F59_0]  C4 , tir vaisseau N°0/0 (Intercepteur standard, race: 4) , attP: (x:35|y:1020|z:36) , cible: Grand Bombardier standard, deffP: (x:35|y:1020|z:36), distance: 0
 - tir N0, arme: laserI => chance 55(10),  hit, degat (1)
[F5_4 VS F59_0]  C0 , tir vaisseau N°0/0 (Intercepteur standard, race: 5) , attP: (x:58|y:1020|z:58) 
[F5_4 VS F59_0]  C4 , tir vaisseau N°0/15 (Fregate standard, race: 4) , attP: (x:34|y:1020|z:23) , cible: Fregate standard, deffP: (x:79|y:1020|z:33), distance: 45
 - tir N0, arme: canon à plasmaI - chance < 0 , exit
 - tir N1, arme: canon à plasmaI - chance < 0 , exit
 - tir N2, arme: canon à plasmaI - chance < 0 , exit
 - tir N3, arme: canon à plasmaI - chance < 0 , exit
 - tir N4, arme: canon à plasmaI - chance < 0 , exit
 - tir N5, arme: canon à plasmaI - chance < 0 , exit
 - tir N6, arme: canon à plasmaI - chance < 0 , exit
 - tir N7, arme: canon à plasmaI - chance < 0 , exit
 - tir N8, arme: canon à plasmaI - chance < 0 , exit
 - tir N9, arme: canon à plasmaI - chance < 0 , exit
[F5_4 VS F59_0]  C4 , tir vaisseau N°0/15 (Fregate standard, race: 4) , attP: (x:0|y:1020|z:16) , cible: Fregate standard, deffP: (x:79|y:1020|z:33), distance: 79
 - tir N0, arme: canon à plasmaI - chance < 0 , exit
 - tir N1, arme: canon à plasmaI - chance < 0 , exit
 - tir N2, arme: canon à plasmaI - chance < 0 , exit
 - tir N3, arme: canon à plasmaI - chance < 0 , exit
 - tir N4, arme: canon à plasmaI - chance < 0 , exit
 - tir N5, arme: canon à plasmaI - chance < 0 , exit
 - tir N6, arme: canon à plasmaI - chance < 0 , exit
 - tir N7, arme: canon à plasmaI - chance < 0 , exit
 - tir N8, arme: canon à plasmaI - chance < 0 , exit
 -